{"type":"FeatureCollection","crs":{"type":"name","properties":{"name":"urn:ogc:def:crs:OGC:1.3:CRS84"}},"features":[{"type":"Feature","properties":{"NAME":"Unknown","ABBREVN":"Unknown","type":"Unknown","weblinks":"Unknown","SUBJECTO":"Unknown","BORDERPRECISION":1,"PARTOF":"Unknown","CONTINENT":"Europe","INDEX":1},"geometry":{"type":"MultiPolygon","coordinates":[[[[-0.8537721453803729,55.04887337805664],[-2.348190716289625,55.05164612825829],[-2.3047686580806452,55.103127785148786],[-2.662452757342648,54.997640518124925],[-2.9364856208912293,54.99330990800319],[-3.4848719041984952,55.122594720286735],[-4.187565703187263,55.137358482601755],[-4.335254851784069,55.18815676278971],[-4.391575976122967,55.23113894469951],[-4.23019059743402,55.3172594799444],[-3.8579152348071934,55.36837179321879],[-3.584039227833846,55.430879987683554],[-3.4367527523055186,55.53167741691669],[-3.402219061499083,55.746880938920775],[-3.444519271855436,55.79648194620207],[-3.7115113434986244,55.7846683019721],[-3.8380388879859657,55.79595695307985],[-3.7258855149357193,55.887485117959486],[-3.5784791808859002,55.944599963972024],[-3.2765070936434606,56.009318057204354],[-2.756539524426378,56.02511219641741],[-2.4122639492599336,56.04443624319238],[-2.525115466437959,56.18341013461512],[-2.4553576680848623,56.35519882713595],[-2.3573270075739816,56.47026851194496],[-2.3716189273348705,56.54773989480438],[-2.680820186236403,56.53259939832423],[-2.8567708721597964,56.60597605724279],[-2.9273234228518494,56.6828822759862],[-2.8082650281337522,56.80707128404337],[-2.576680445500788,56.91255523446075],[-2.7032969671303615,56.93771314580401],[-2.9212875935991103,56.95910851062511],[-3.195158673123048,56.88643563557959],[-3.3708294957505567,56.8717185149289],[-3.6451778277323212,56.92568153981615],[-3.6801395301455675,56.87856839778695],[-3.764299500835473,56.83129652658952],[-4.010419702027355,56.85640067720595],[-4.179262014754982,56.8888155116616],[-4.137429434602795,56.972004810728656],[-4.004168700709914,57.058798833438054],[-3.7727222907921667,57.2278020430321],[-3.8782649536204477,57.25981311596371],[-3.984009547859623,57.35228805274722],[-3.9701317167802874,57.40908133832705],[-3.8577396538508677,57.43400077080615],[-3.7454075676622205,57.48009451307446],[-3.809043275772903,57.59617740531814],[-3.9214787747529583,57.57848184382685],[-4.160156738839776,57.4725120592622],[-4.321833626877018,57.465252723472894],[-4.518455046888279,57.397769383206246],[-4.562208278315466,57.496723884237895],[-4.510040697168072,57.55076873927139],[-4.443109472780596,57.61996455499809],[-4.274807773472961,57.74945018841313],[-4.2468933118443895,57.808587479092715],[-4.3946979488886875,57.85350004358172],[-4.465038107726537,57.86379762351396],[-4.549168520462719,57.79433982538419],[-4.696602221782733,57.73499507187929],[-4.872504141355402,57.77308520604182],[-4.7534507483738615,57.90495414432882],[-4.549912794976746,58.00854968306632],[-4.514874267292699,58.039492859970544],[-4.5856478033023365,58.16930274603608],[-4.452122168210455,58.18989427344107],[-4.3679058334704415,58.234169267254124],[-4.60036578230235,58.34894672554182],[-4.438921914328655,58.42655072216301],[-4.171588303478658,58.39324380416938],[-4.031018839339615,58.41359421356153],[-4.249609692131515,58.58062240164179],[-3.898138962915051,58.61762220447261],[-4.0532336709802586,58.726760232558966],[-3.89881129160542,58.80930719696692],[-3.5750414788452014,58.73061270559789],[-3.2797327924348387,58.75075037687153],[-3.0336945935538315,58.78068399456945],[-2.724297145668801,58.7909197627794],[-2.5062655351074588,58.787878494020966],[-2.4005985901419984,58.73196881132569],[-2.5129252065087955,58.66899207683623],[-3.1382971447081665,58.51519175897499],[-3.306869853606072,58.454726542517285],[-3.3909320903120124,58.35711531317118],[-3.3134394379601506,58.316701828911356],[-3.1374437508614226,58.312678367541224],[-3.032151422100874,58.31027103038636],[-2.715785504803679,58.32754136858253],[-2.469668944233644,58.327828003594696],[-2.279762125434323,58.311156441676516],[-1.717278918884774,58.32533296552096],[-1.5553015090586375,58.24089023252872],[-1.688633351365238,58.145470248147575],[-1.7672587567771207,58.072499376116475],[-1.7325511069418502,58.047100004999905],[-1.9415131830020178,57.89682213937517],[-2.0241331448745243,57.871430003459025],[-2.1504011839820434,57.77115636474465],[-2.405484660708277,57.710888032552404],[-2.544564883757235,57.70226401623347],[-2.3824214073704963,57.65908258038077],[-2.1991861491771267,57.620439982922356],[-2.241350143614415,57.61688281371134],[-2.342052722270891,57.57243660365205],[-2.564581208335276,57.560297828680724],[-2.6666431723331514,57.514458331692545],[-3.1533268381827333,57.52026301385921],[-3.008583864778191,57.46795493942114],[-2.8984991322554237,57.46795493942114],[-2.720123320946593,57.44601378947172],[-2.562494570175654,57.44757884836312],[-2.3711815112332357,57.49993963517002],[-2.220525675399692,57.505749447338125],[-2.0583794253324146,57.46795493942114],[-1.8202038968283458,57.42942503412049],[-1.5778862771141307,57.29553010683892],[-1.397899593714875,57.241474023882375],[-1.3556095703812852,57.20219308787925],[-1.3812529131469509,57.14530584893974],[-1.2705977592403865,56.9575632633317],[-1.1366555826878524,56.82735401104333],[-0.9762432688179711,56.78115414955127],[-0.7132595544628414,56.7549475331049],[-0.4964925434530002,56.62000028247153],[-0.24310197358260507,56.47297487383164],[-0.19359196202364043,56.343246823057164],[-0.2635619542227372,56.22005613845816],[-0.16822993974693695,56.1888416148642],[0.06699284719851943,56.111711406322016],[0.14441709583604828,56.05909849752436],[0.22193763479816922,55.964761398470685],[0.20800784011905904,55.9154717310224],[0.00457032233505674,55.77052785516587],[0.2716937639317981,55.725003142113565],[0.4190756754348524,55.80543304685495],[0.6157631837427828,55.836177714612205],[0.8406449963144867,55.82886360924858],[1.1429018155083042,55.7834863172668],[1.31878122665304,55.6919175750415],[1.410579016727315,55.49569211594712],[1.3825958865828858,55.43757717207631],[1.2633983136626716,55.328611487663906],[0.8631744643370793,55.20308666971789],[0.575445933513155,55.05338217800733],[0.21331336081045862,54.98969162748107],[0.6753452926336085,54.94464409108948],[0.8650899694256178,54.93301419682406],[0.9985280823398482,54.96092304723348],[1.1461617354708646,54.92945377540637],[1.1231368651296325,54.789860451725396],[0.7461906666334032,54.705963920321594],[0.7486445188072544,54.65185957450932],[0.5666416369796964,54.67491758289657],[0.5317308462923067,54.66447142611175],[-0.8537721453803729,55.04887337805664]]]]}},{"type":"Feature","properties":{"NAME":"Unknown","ABBREVN":"Unknown","type":"Unknown","weblinks":"Unknown","SUBJECTO":"Unknown","BORDERPRECISION":1,"PARTOF":"Unknown","CONTINENT":"Europe","INDEX":2},"geometry":{"type":"MultiPolygon","coordinates":[[[[5.1940061996892,50.84265047201273],[5.498538817081403,51.27301467661963],[7.774079089091673,51.95522756218215],[10.307054114761495,52.41215904251853],[12.78550202241972,52.27089332660578],[11.389817738120698,51.80949715837173],[9.643559557326721,51.48387155619512],[7.282957873900065,51.27301467661963],[6.356392754533223,50.432499932045424],[5.380239899784279,50.336386113330754],[5.1940061996892,50.84265047201273]]]]}},{"type":"Feature","properties":{"NAME":"Unknown","ABBREVN":"Unknown","type":"Unknown","weblinks":"Unknown","SUBJECTO":"Unknown","BORDERPRECISION":1,"PARTOF":"Unknown","CONTINENT":"North America","INDEX":3},"geometry":{"type":"MultiPolygon","coordinates":[[[[-72.49979887219042,-21.970164631728412],[-72.89281364681958,-21.777519460836768],[-73.51022254541132,-21.293372649275824],[-74.17314831349655,-20.725671618440725],[-74.78782108010633,-20.08937155679826],[-75.09424410203353,-19.6794044172238],[-75.32122387479278,-19.28432722001203],[-75.34322341103235,-19.02812821773918],[-75.39461007683623,-18.497593852177506],[-75.54822347877648,-18.140225879187945],[-75.88158048977341,-17.632173184549842],[-75.95267948048316,-17.523360310038925],[-75.97030823565431,-17.485510526905156],[-76.71382665745972,-15.86685356252265],[-76.85419129113576,-15.70629550789395],[-77.07263330155085,-15.57972720970642],[-77.10977683249787,-15.528926259845068],[-77.1106079891692,-15.206120446650138],[-77.13793821418002,-14.967918084304616],[-77.2226275214452,-14.729549373525723],[-77.4959766820258,-14.158928962868943],[-77.8110041786596,-13.495116810558903],[-77.85790361122832,-13.395721921540233],[-78.38196563398314,-12.19884079074624],[-78.7364125169051,-11.420063519985716],[-78.83296474478166,-11.252512524404672],[-79.20604099083226,-10.601871277760136],[-79.41320020410899,-10.238368477001831],[-79.54642918495631,-10.020521277883693],[-79.84410818286959,-9.418066554921056],[-80.0639349350708,-9.155971626673367],[-80.13512033269258,-9.100814629494455],[-80.41309383443833,-8.885240707524586],[-80.47113564827926,-8.853921112152575],[-80.83335150946242,-8.658351900526],[-81.11696411034691,-8.430858359970987],[-81.06815113984422,-8.325268435798561],[-80.99007233067137,-8.254734333705398],[-80.71720254572453,-8.236329747945614],[-80.6631336156699,-7.981120295890834],[-80.72293801681461,-7.805275246702354],[-81.00993963577888,-7.259893630468545],[-81.17820046914184,-6.986947035518726],[-81.30962134869876,-6.537019166527336],[-81.31027197124327,-6.386801504357919],[-81.21103348446078,-6.059331991679688],[-80.96104169696223,-5.669176294175393],[-80.51750910958549,-5.118570398157843],[-80.30950472403055,-4.993816516174639],[-80.17024098002881,-4.8599212437963555],[-80.08745813723694,-4.780310800122161],[-79.9731490509266,-4.584787851878834],[-79.7239075313716,-3.9181152264164543],[-79.7226173111597,-3.902255613549703],[-79.71010849679581,-3.7492690344837167],[-79.81229582668242,-3.287354011443931],[-79.79019731423118,-3.041682456180722],[-79.99875195436616,-3.430182855515961],[-80.32095513310475,-3.822209572919924],[-80.47212542476319,-3.760459429082825],[-80.74602822949002,-3.556898544184893],[-80.93380364471857,-3.2996492075397503],[-80.76183752649528,-3.121271035510544],[-80.71917854295727,-2.9699407053400724],[-80.79939511161623,-2.605413997469035],[-80.80023375729496,-2.3295101946788894],[-80.74356268975531,-2.035567871820673],[-80.79439609534799,-1.8576427196084675],[-80.9608629009922,-1.4484712545044873],[-80.87486887625091,-1.3413235817765592],[-80.659523356611,-1.2159615182152677],[-80.33670468903586,-0.9298914342214396],[-80.48111476108923,-0.6808727611409535],[-80.48143973425003,-0.538312657032605],[-80.40287997363833,-0.3153019333445471],[-80.17984342174053,-0.023798935427230807],[-80.10894843212776,0.06875068183118868],[-80.04533880454503,0.6035701186582749],[-80.09622025226109,0.8885207627544799],[-80.13238254585652,1.0042352361168139],[-80.08230866754693,1.1469365595221677],[-79.77326846975616,1.2102206120828756],[-79.37103403272066,1.4252381225750508],[-79.1915617096617,1.5771956985655478],[-78.97624768649564,1.8183006367627739],[-78.93434405901091,1.9357480105179596],[-78.91898925944096,1.9787565090678283],[-78.96959635667555,2.1744570057181707],[-79.04895478215327,2.35225762176737],[-78.99879965751323,2.485914259281592],[-78.76883423416935,2.5578047599519156],[-78.56025350889882,2.4872373815182542],[-78.4742505762153,2.6921856222401344],[-78.59264438041768,2.9699186341557735],[-78.62567884259585,3.047558911527197],[-78.58283970194196,3.3144723972552828],[-78.43920595274273,3.4571609579300917],[-78.04382157780931,3.4939130875572277],[-77.95752894411942,3.4675165795016336],[-77.77074507958916,3.6102927220435577],[-77.56266240985059,4.037388860899619],[-77.34745151245875,4.641707607832066],[-77.03870680319646,5.307647737007747],[-77.08910844812192,5.475827433862819],[-77.3336390262925,5.731878870009371],[-77.36243938065327,5.846852094604064],[-77.2115756849126,6.298433791880992],[-77.1612850958466,6.625538280001018],[-77.21032194686317,7.163810648546153],[-77.35740011349107,7.70093347415305],[-77.31299237130575,7.859534574060983],[-77.08943792371511,7.9482000195611855],[-77.02362627540307,8.080345550637338],[-77.0584742514227,8.203342448230888],[-77.30010823397379,8.501387752686727],[-77.31312210936674,8.641823141468572],[-77.2615896041187,8.764852346056557],[-77.14448757522639,8.966949035557837],[-77.12125169795702,9.124790034320219],[-77.19116509746635,9.299800419527049],[-77.50209335886302,9.745115122656232],[-77.65358772336808,9.98977136694571],[-77.79738612876062,10.499394128540764],[-77.97010083921082,10.969028746870721],[-78.01609613511694,11.247051366397283],[-77.92752669823568,11.39493717824645],[-77.82611034040308,11.447314427950122],[-77.47840018935648,11.370625972496015],[-77.62242136976155,11.488958835770765],[-77.67264761185467,11.589557026580305],[-77.69841143720156,11.878507874963455],[-77.84785444958857,11.690107583849064],[-78.04626970372234,11.664973780677599],[-78.14179208696619,11.897192689369271],[-78.14607339249196,12.061665410226375],[-78.22198231220938,12.234423154187407],[-78.28697156209726,12.141984010819817],[-78.37715911317896,12.317443473454562],[-78.4304952809631,12.25479708826015],[-78.47923324363977,12.417637213244417],[-78.67601658692894,12.535462469592314],[-78.9272263993362,12.543348829444133],[-79.15984003695395,12.39586799564166],[-79.33515053225089,12.329971428164974],[-79.38059042586076,12.10992115070853],[-79.35297781571471,11.966372211491159],[-79.60209380984845,11.771600989039387],[-79.77643828096355,11.658405215215796],[-79.92760067738632,11.640616492987641],[-80.09707571447596,11.388520556958998],[-80.08570377865473,11.206167684585305],[-79.95421417479918,11.023084045769252],[-79.76090578575464,10.7582331743925],[-79.69393567772633,10.519907166135642],[-79.70389872701857,10.429897735185065],[-79.83245264283931,10.380017436538708],[-79.9398548752926,10.405847077925515],[-80.14586980104974,10.164371721943128],[-80.40401913529065,10.099117755582174],[-80.55455751986923,10.124859590416463],[-80.63484552529975,10.214972590664134],[-80.58110446800806,10.316138628038495],[-80.70950351943202,10.830407717474227],[-80.80666547668953,11.047580510615846],[-80.90926478441686,10.632005200012715],[-81.25912107480147,10.884389784255351],[-81.33390296402709,11.350558931052163],[-81.42814912533747,11.325383897924036],[-81.85385671043814,11.400896322515697],[-82.03820732060092,11.564408674893834],[-82.30658103680327,11.564195176493259],[-82.45147092666622,11.494372340625107],[-82.63144609975133,11.190031687820154],[-82.6129248184689,11.476379755158199],[-82.73419514587391,11.664973780677599],[-82.70782740758196,12.013576199843445],[-82.87097566101994,12.104366500334168],[-82.97380674028616,12.167059764436386],[-83.02695996028814,12.116907744812295],[-82.897334415752,11.86582073666078],[-82.8683578268564,11.72780070796653],[-82.92121235411325,11.690107583849064],[-83.23476770091311,11.873489008775522],[-83.28180075007243,12.046497179216376],[-83.15570033768618,12.254442878208106],[-83.12234560017359,12.487820132733159],[-83.1899642677449,12.694751113730922],[-83.39407928650826,12.892431347016563],[-83.69292239463628,13.067640437297781],[-83.72207538724477,13.154971887592266],[-84.02607663174632,13.21772089717603],[-84.15302884004976,13.416716653617858],[-84.13057630351712,13.672737714343041],[-84.18426446641764,13.827270430070094],[-84.29088345477888,13.886647979597337],[-84.5321086111917,14.100443091945131],[-84.70541534955551,14.26166185568883],[-84.62917366601134,13.951493045414228],[-84.60099812981926,13.817168709988703],[-84.41425243640549,13.789988598238178],[-84.345522196444,13.62833267858764],[-84.61458034495172,13.279658808567186],[-84.66728176956633,13.43934633100044],[-84.81407096345106,13.610656723176318],[-85.05513605619156,13.738664171432264],[-85.18827549896217,13.884018949783682],[-85.24273651026802,14.029478410117765],[-85.26521637053172,14.328857697543425],[-85.18718664253068,14.583646479115503],[-85.0278409691302,14.719680382660721],[-85.01181892244699,14.954391558164566],[-85.24791907880159,15.090116363114591],[-85.07959597527244,15.164101118426599],[-85.09334302940826,15.300965890321166],[-85.20041865684671,15.290433874437419],[-85.33962456683763,15.67783927677046],[-85.70730660341466,16.209879521317298],[-86.09302953844828,16.85774500005016],[-86.41761890642609,17.343736590980093],[-86.71151617130688,17.61915848953169],[-86.78747763493502,17.72762397867427],[-86.78386319444513,17.86127914408333],[-86.50375482265596,17.878785072957374],[-86.60059363606429,18.26920152275034],[-86.60637287481215,18.319117806042204],[-86.7997404903059,18.49606281076773],[-86.78905418291204,18.45163098527291],[-86.88319000441568,18.418126750772075],[-86.89566149325451,18.261995002892643],[-87.02270075029847,18.065053219695205],[-87.32246104820352,18.092247881448152],[-87.69297779571808,18.174506957901738],[-88.41578139453227,18.471943118180267],[-88.96747091975334,18.727726298340478],[-89.07078513114675,18.825305550465952],[-89.0980179630722,18.85102829898095],[-89.16154156786813,18.88372645838248],[-89.55070461698456,19.084013493861274],[-89.82580475423433,19.065390826760314],[-90.16428865542976,19.084013493861274],[-90.41804557551029,19.223596192171797],[-90.77531795170583,19.60683743230097],[-90.97265979266112,19.851079057707377],[-91.2441923463223,20.173367801183],[-91.5994235460441,20.68750965954126],[-91.96379671822699,21.12618709290359],[-92.18065846808211,21.39043384121556],[-92.36863552343762,21.619647873882275],[-92.5760435146487,21.821136991342136],[-92.59356812039637,21.86160731684169],[-92.85555148885832,22.005909775682536],[-93.30205931276255,22.125518239444908],[-93.59650312542786,22.10054666934842],[-93.9916536878691,21.87373572153657],[-94.52646628947953,21.54892796215206],[-94.88277222792377,21.402144704066476],[-95.28947595526336,21.44153722588401],[-95.59285965970766,21.562164521252846],[-95.78908283108939,21.674884592470583],[-96.35045549782586,21.786465686713978],[-96.58797185452462,21.939167881643687],[-96.83624679426714,22.180163720720035],[-97.20379061810704,22.476475822052567],[-97.52688594603663,22.62793194866156],[-98.24772127193545,22.85005022554087],[-98.63977976299785,23.056631901850825],[-98.92434264853482,23.263081008831488],[-99.35730113370138,23.508389024717985],[-99.58467452316239,23.70612363296954],[-99.98142027712584,24.266108747169508],[-100.06543989123088,24.30526391770819],[-100.33868142475175,24.273029130665797],[-100.62828526734961,24.35099832606006],[-101.37836269436599,24.671175667822347],[-101.57142215570147,24.96827269803108],[-101.72580296273013,25.319038093832887],[-101.90079449654206,25.5363887473344],[-102.29921036193907,25.853315780401793],[-102.54176048878821,25.999639265814498],[-102.70627900473919,26.269288993297792],[-102.91923179222827,26.806298619695333],[-103.0145678658076,27.10405982958056],[-103.0177680595169,27.165048324653952],[-102.93377022024839,27.249059718060984],[-102.70225003600157,27.295343710328087],[-102.60343254257388,27.386858164400472],[-102.56120472362925,27.48571730174919],[-102.66222481119505,27.682600553723315],[-102.38034153680897,28.04600233976705],[-102.31611951591525,28.24942116943183],[-102.33406957942069,28.497105094797405],[-102.53906688925784,29.00449242642562],[-102.44871562277106,29.16088180345344],[-102.36343021402934,29.250198981752508],[-102.35964138774742,29.391044658862356],[-102.56920449615299,29.715646365797923],[-102.98385065435997,30.637605727232113],[-103.15384328243329,30.891436318180695],[-103.42509400059814,31.432431617875313],[-103.55675091064805,31.697741923909966],[-103.8274636567207,31.990188606997634],[-103.93864487391774,32.08971482491001],[-103.967973099294,32.224825456255715],[-103.92248775716757,32.466149768712754],[-103.95786916501872,32.55805700854066],[-104.07096185421848,32.65670033136588],[-104.30492501246431,32.754901137169],[-104.4348956382165,32.90948765136227],[-104.51394673975136,33.16895972511979],[-104.62656780816388,33.18269775302555],[-104.82289447615982,33.126181103971014],[-104.90210255426436,33.20302699024834],[-104.91617702576465,33.38470825343869],[-104.86802677886925,33.545133872060475],[-104.55553921334023,33.90676705130072],[-104.55679269554012,34.07261073516309],[-104.78170751873654,34.3749213435605],[-105.01151867462936,34.25067056961477],[-105.07310250184263,34.552462116905645],[-105.06685544518994,34.72333682509246],[-105.1866521920479,34.82534451770999],[-105.42160112737604,34.906489433040406],[-105.50983279730947,35.04897411219601],[-105.5215962961541,35.17096651412475],[-105.43642580942134,35.35371103247277],[-105.35550337465824,35.48199895454289],[-105.3968067745104,35.58956080406629],[-105.60181608258547,35.68982438872836],[-105.7825888708273,35.73635859500001],[-105.93634674408234,35.85654576666015],[-106.18841168570471,36.2625413304963],[-106.26908340016374,36.59335751678213],[-106.29173591618822,36.850088415744736],[-106.41784037739124,37.23590469799337],[-106.53573377758154,37.728819315794794],[-106.53578556219371,37.922199467772664],[-106.57079785143522,38.229995715839856],[-106.60969422048902,38.38313361840944],[-106.5885520474242,38.58675509031634],[-106.47389976288741,38.81501633932891],[-106.40082098219834,38.95399657859571],[-106.59176630327566,39.06058184886609],[-106.890144785492,39.147864606417215],[-106.82725194044863,39.34839204400451],[-106.85103153225039,39.41703536092204],[-107.00837496201368,39.49774570366359],[-107.19473219710318,39.353848975769736],[-107.30919797479389,39.334852994314325],[-107.78538862378147,39.6205037676793],[-108.10504830541471,39.17658720302123],[-108.21030841380377,38.98153836900965],[-108.21290492980897,38.94373790532108],[-108.1667022534368,38.79234846376349],[-108.1122116260299,38.659533489972],[-108.30108562877491,38.18776789179752],[-108.36008885598696,37.95672099962909],[-108.26997801187058,37.647374848991475],[-108.24063289851696,37.569764229402075],[-108.01650452766549,37.44703936993338],[-107.85871189561952,37.20003889372976],[-107.75523019792328,36.89272149871673],[-107.71475298771325,36.32539614125101],[-107.57630727179976,36.19289946060449],[-107.44313676604314,36.1732547100404],[-107.37142910334609,36.09354317933262],[-107.47346852785145,35.42991052475006],[-107.4586189268685,35.34899125712672],[-107.3793564002772,35.27487429588417],[-107.1757306561815,35.24829288264531],[-107.12819201572611,35.22135576663767],[-107.10938092926567,35.01127352410026],[-107.14845720970683,34.69795242286289],[-107.08673662131218,34.314510040187706],[-106.86387229170647,34.34937944682977],[-106.74479929308289,34.41831104561722],[-106.71257850394173,34.19844110049959],[-106.79858356852354,33.47781532770624],[-106.73419189234522,32.95312128824661],[-106.63591201566115,32.35321553412136],[-106.69474374516673,32.054443868059735],[-106.77797696556075,31.790035948948756],[-106.71723246418551,31.61107286483612],[-106.57538682770502,31.53246017804284],[-106.3820137729673,31.61907635495883],[-106.25125982509934,31.719748517665288],[-106.11261175706352,31.310565364366393],[-106.0832717660231,31.01452657856894],[-105.9171933158682,30.884532962282016],[-105.79677047833468,30.8775788352184],[-105.78272233012702,30.717883350346927],[-105.94266617273372,30.44068182274158],[-106.01969193914626,30.37479169366558],[-106.40263611761594,30.066335195395137],[-106.50765250764732,30.088074545456532],[-106.56048833707167,30.300337466484226],[-106.5624244170321,30.67956744328533],[-106.74891055581826,30.976664281527533],[-106.97619468983889,31.13523551017962],[-107.1309196569565,31.38006717832275],[-107.41904123720768,31.63802589041775],[-107.76744207924966,32.13727796963461],[-107.87912667700213,32.36435497875896],[-107.90841846156312,32.498896026516775],[-107.66199456015063,32.99303298635655],[-107.63751610479397,33.11937672391638],[-107.68975158147457,33.614883310689024],[-107.73146360057153,33.80221620552996],[-107.82682937767524,33.94046363084341],[-108.00050429684924,33.988436127077726],[-108.16580236907221,34.13987978015067],[-108.3450877407332,34.4693694233654],[-108.49973393956512,34.40041923538802],[-108.6466458638739,34.427524671938926],[-109.06456052464137,34.78895454078602],[-109.32214059944589,34.9381271730347],[-109.5397978458139,35.404865624489],[-109.57745365317973,35.46544171128842],[-109.63859523884996,35.58642479487042],[-109.37345677083418,35.51487049457755],[-109.11860206308312,35.508723322358286],[-108.81693751499147,35.64389442482291],[-108.6556390028564,35.79850321126481],[-108.50400565631797,36.09939995695519],[-108.47585542826326,36.18597070193834],[-108.5585178928467,36.48420611309813],[-108.6764771439047,36.695146599866526],[-108.98393884366617,37.10783442328769],[-109.31306480238837,37.33535061758051],[-109.42115795226515,37.49106422042743],[-109.4093207441433,37.73059131378473],[-109.40152463391796,38.02681120345506],[-109.41058312286413,38.09736788749164],[-109.57637386793043,38.15466202247225],[-109.5719610004128,38.314524358355115],[-109.46798509099652,38.5821313793091],[-109.47675400493793,38.75955842094761],[-109.59549789991199,39.08714795873247],[-109.63776599057863,39.400204761719266],[-109.58770744711428,39.51254316339044],[-109.4208313639918,39.6807502410434],[-109.62203919464245,39.952555265303396],[-109.66226707177117,40.09413789414095],[-109.65448503301268,40.30491321208628],[-109.65301132271985,40.34562746471337],[-109.66114477457748,40.50112309598935],[-109.66761858359824,40.530120308352444],[-109.68987462131557,40.51199832190093],[-109.71234612139688,40.49024524737039],[-109.709694527855,40.530120308352444],[-109.56886841643158,40.815432512821616],[-109.57892063372006,41.07382350025384],[-109.68022577300316,41.265764305831105],[-109.8594603614969,41.45669150214629],[-110.03110464741775,41.539772780870734],[-110.0675777052969,41.56148895462225],[-110.1357225957356,41.547328408299585],[-110.15499325932394,41.50836733778891],[-110.19770347198492,41.49773872607298],[-110.23035278420627,41.51552792014932],[-110.26005908193105,41.57564483886833],[-110.21181130470111,41.60747585648676],[-110.19811209937046,41.69223964954527],[-110.2377853901209,41.79796291168045],[-110.3506157578728,41.8085208205809],[-110.49989402625354,41.77331641224079],[-110.8148234791871,41.913948665084206],[-110.86104822293365,42.05061876949744],[-110.98514846171871,42.15196318202861],[-111.15429266525676,42.13450905407591],[-111.50743977204996,42.20080166394763],[-111.81967419156919,42.179875357190014],[-111.8275998539249,42.25653867932676],[-111.90994948185502,42.28438452314669],[-111.8887233263053,42.35738160156942],[-111.82278272551919,42.40597971238133],[-111.77258033579893,42.61359807333992],[-111.60993170141111,42.8037002367952],[-111.6822844936023,42.84286581338351],[-111.73711512176068,42.83942877042746],[-111.80921162132643,42.89441417711177],[-111.78559067023279,42.935600783470754],[-111.73277888355562,42.97331973301171],[-111.69354281359044,43.062337474059575],[-111.79447583643896,43.137588829274186],[-111.83266040187593,43.253426313017556],[-111.95306069971765,43.341843333027555],[-111.96675404623892,43.59244448562289],[-112.03204969365565,43.622822189975636],[-112.04109223182446,43.74744320839871],[-112.15743559720913,43.834785542248774],[-112.09360734106524,44.04518100102774],[-112.03901867481622,44.13497284754248],[-111.96702224631885,44.132324171406246],[-111.86612869110947,44.19686256906856],[-111.774101947973,44.32541468497271],[-111.79820011178874,44.424320338443664],[-111.8661724411007,44.442076397545534],[-111.9658910008073,44.427624039062906],[-112.05941942191836,44.47717132573846],[-112.15227808711782,44.67801892744228],[-112.06765425092473,44.76002560786763],[-112.02689285982085,44.88108059216911],[-112.06311292163048,44.90720273489651],[-111.9644440443809,45.08630981047943],[-111.90227819474377,45.14474075090358],[-111.84716629584962,45.154469579027875],[-111.82352070336061,45.12852024915483],[-111.81263025903945,45.09929857694458],[-111.87367234818052,45.060311846427744],[-111.86147899422983,44.98220675056278],[-111.77624645789875,44.93330961472651],[-111.75796210592061,44.88761697405242],[-111.6786298617656,44.88108059216911],[-111.69517328036223,45.09929857694458],[-111.73387822356176,45.154469579027875],[-111.68246905875101,45.24515616402864],[-111.73036423353749,45.28719202220304],[-111.6636999361222,45.418709365756186],[-111.71869927414257,45.41621579608875],[-111.75961899243734,45.36143340750721],[-111.8534836101014,45.19012618491397],[-111.89580696122695,45.183646956005205],[-111.96698609337527,45.25809473211476],[-112.02664751571223,45.24192486639112],[-112.1350969002854,45.39689285376982],[-112.0977657647374,45.53516293492118],[-112.11916737392157,45.7305116322251],[-112.23778954814405,45.87380519524074],[-112.3395015871042,46.0932761235214],[-112.35244847409159,46.14623670131541],[-112.27905011865232,46.1840876487872],[-112.21325002501813,46.46354624492803],[-112.0326558644981,46.622681814895735],[-112.00718322264918,46.79885091125894],[-112.00066163638355,46.92880719852105],[-112.0870535419956,47.21356277177149],[-112.04731343625505,47.32181325024934],[-111.83391974727851,47.547771808538776],[-111.55758125050623,47.77235601796685],[-111.39083602903473,47.89933233126079],[-111.12647688310987,48.20189463558909],[-110.99048245532258,48.47666547032446],[-110.96402175576326,48.570436768513275],[-110.84102028792135,48.98982119071391],[-110.63541706189856,49.301759524523305],[-110.51328774201139,49.39870399266063],[-110.34936215559662,49.480976649256334],[-110.12954768616508,49.548708208250595],[-109.77221386361616,49.78867959848854],[-109.74715578031895,49.97887841686729],[-109.67468543917205,50.08779529293988],[-109.33256315403929,50.364130087953946],[-109.02580017552289,50.60838468503562],[-108.79014206606296,50.7938594299464],[-108.57190037894883,50.99683723352865],[-108.29564575315564,51.24406800536607],[-108.23258232827556,51.30051453274843],[-108.24306491194592,51.35103495696231],[-108.13979714541408,51.423627583295016],[-108.12824192631669,51.47593796198338],[-108.04262796417373,51.5000549636506],[-107.99632062228436,51.55824303047066],[-107.95629744245693,51.61631031639757],[-107.93613908449731,51.648301336248934],[-107.91972720227126,51.66627822840244],[-107.82382880647947,51.63630707923186],[-107.73583538641935,51.642303591601795],[-107.68130228459658,51.6722677168299],[-107.76598663288785,51.67027576831412],[-107.96810919864454,51.708180425223944],[-107.72058912310942,51.92666071616539],[-107.65667394119556,52.02737848629436],[-107.56212109309415,52.11201165596359],[-107.26140577129085,52.18070270061038],[-107.38960150751403,52.18659153500153],[-107.40650178398589,52.229670792868596],[-107.45663278324407,52.229670792868596],[-107.49168402066694,52.21597085147712],[-107.51206855690097,52.18070270061038],[-107.57542587144097,52.16502243028349],[-107.31277388257627,52.46149957460826],[-107.19577547053417,52.898130024565525],[-107.0491445855952,53.035137088351],[-106.95603287924969,53.073613344882425],[-106.77435516414879,53.04833316493184],[-106.60139585491748,52.98459594716633],[-106.33570779295202,52.950800454062225],[-106.09700495897525,52.94259354312185],[-105.87144375853201,52.95576673420723],[-105.73895562364535,52.93028657305861],[-105.63049003349457,52.83610560366957],[-105.75551430852299,52.70672534967347],[-106.04888433392777,52.585127721033935],[-106.32056592931393,52.4809298404625],[-106.16046486109661,52.43709469820612],[-106.14870946443608,52.38035521802718],[-106.10491073984998,52.329284542730164],[-106.02142670764847,52.39802307136156],[-105.88495635527373,52.468023140986894],[-105.63503927742545,52.55971585644114],[-105.36766757116364,52.73319878440365],[-105.17900649491904,52.871134633087216],[-105.06820619510077,52.99541682151932],[-104.89422031608096,53.275949230920475],[-104.85510080932893,53.36454268207233],[-104.93703438358173,53.51375691789364],[-104.9587807982654,53.55725451907789],[-105.05313590121973,53.64466635813357],[-104.9348139343444,53.7693835436598],[-104.79094331429143,53.86765760108894],[-105.14572174440433,53.796933366442545],[-105.27886128338335,53.80500807933954],[-105.30281903796852,53.891658982980296],[-105.1976527110702,54.0314840969745],[-105.18096339702743,54.08471181295164],[-105.3578665829788,54.059925366224995],[-105.5153037727785,54.00233959843548],[-105.71992294413747,53.98564051411823],[-105.82659216823713,54.12473557882962],[-105.72648565994362,54.24334986968871],[-105.52017219683398,54.47082108241083],[-105.9561005347918,54.44192393929223],[-106.24351030815112,54.518224126410594],[-106.39791224477747,54.54216987340322],[-106.43285324319162,54.56627216916642],[-106.34785337388482,54.67475793128447],[-106.3895956442201,54.770626557568825],[-106.69198069821027,54.710299971270075],[-107.17688594403864,54.6976196205363],[-107.31023397608821,54.7294214010759],[-107.36621947939938,54.79717637576801],[-107.31686630772207,54.864872733157966],[-106.98667509335222,55.03950940597099],[-106.73387351408068,55.09893297135238],[-106.7131191271283,55.17751024746618],[-107.14889688862459,55.20043037003593],[-106.72825532564534,55.3376861807716],[-106.47598660128476,55.41189262405472],[-106.21641369202983,55.45102037349034],[-105.80393763514374,55.58409816278698],[-106.13374438389145,55.58249242341331],[-106.42130730263403,55.54354255864717],[-106.54091804955516,55.55495749662773],[-106.62594335284832,55.604934199603996],[-106.27901617360016,55.85793748310255],[-106.57414586409129,55.857534104386446],[-106.55254390816044,56.12980066511478],[-106.41369176627207,56.19002625854531],[-106.20016315147855,56.32349018915557],[-106.42437002459081,56.3095722835756],[-106.91954757590766,56.185612915183526],[-107.0324755330996,56.4202556269789],[-106.97399234094584,56.54965544994276],[-106.89363516063467,56.64897020254647],[-106.75060865607698,56.755171757620275],[-106.43882134950935,56.8537913435107],[-106.28011226410355,56.91558779460993],[-106.00256509244795,56.98816748501244],[-105.86316899717498,57.15383730308107],[-106.07704101209755,57.05440167070755],[-106.26854214742494,57.03819487605017],[-106.43198450457768,57.01080787195176],[-106.63746798920089,56.95117765105902],[-106.70139459415465,56.9844755470407],[-106.6863091644352,57.03518172319069],[-106.47872816312749,57.141686196521036],[-106.27120085519682,57.24763097147634],[-106.16174318130004,57.40755860134903],[-106.20272774228394,57.48266101033572],[-106.1660806774624,57.54609909577555],[-106.65489284869054,57.53323275053615],[-106.85359603700142,57.510385491905],[-106.97470487544246,57.47254988067667],[-107.1946485336997,57.44985340227418],[-107.12294861130425,57.49531257135623],[-106.9595107548827,57.59630582165783],[-106.77140519466425,57.659621805913595],[-106.61805729937075,57.708728046516356],[-106.6132212663941,57.788837502406004],[-106.66530160458034,57.88930867836667],[-106.62775155287385,58.04774336842647],[-106.75647804740667,58.1194542962173],[-106.86287966381427,58.15003250996287],[-106.66844982702108,58.22853298769594],[-106.62341590057278,58.360547850085624],[-106.56869971479958,58.407748593871176],[-106.33830152327283,58.458374246408525],[-106.31106522266232,58.48521005563324],[-106.35438645971708,58.518608695805625],[-106.48151728449534,58.53516083967092],[-106.50462441517124,58.5951308438231],[-106.4784662136525,58.65164158306434],[-106.55109792374543,58.7177628597179],[-106.73006634189518,58.80654546959989],[-106.56732836552395,58.97031811040753],[-106.38913898845861,59.09378888275404],[-106.34318894122349,59.17767145334158],[-106.47669547983695,59.17430357652538],[-106.87096670960716,59.00250465161372],[-107.10316870459609,58.81597112199019],[-107.19924364190935,58.750028318703265],[-107.28245161177313,58.716927106122206],[-107.47339825878096,58.7464119874493],[-107.53725758902306,58.762833081782865],[-107.4989967107428,58.87129212882444],[-107.43941005472134,58.969323728094516],[-107.69146828213242,58.93971646001288],[-108.02384268316085,58.98818698073457],[-107.89150878232213,58.83477653914405],[-107.97423133698675,58.78867725482818],[-108.62690682535968,58.751688632079464],[-108.86176305629343,58.82709874158222],[-108.9327317079179,59.029398158436166],[-108.99420021480167,59.09113944912175],[-109.20979499169073,59.10031102790083],[-109.23794143806725,59.10028599672816],[-109.47183725875853,59.145183562774214],[-109.68740310787668,59.25733437919169],[-109.24640447834442,59.30896147741252],[-109.12127156083903,59.3441559160312],[-109.06741632387559,59.4014043743078],[-109.13207339350318,59.433024142647],[-109.48241311962401,59.40094440119346],[-109.70629311871588,59.37213407139928],[-109.94528422355228,59.36868950691229],[-110.29049006495407,59.38100348745152],[-110.55293507220318,59.43145199659617],[-110.42817571316571,59.48220952223951],[-110.39348476537035,59.52020575009849],[-110.45704398984077,59.54223579787192],[-110.59065453492966,59.53894402194099],[-110.85043795185923,59.49757112170932],[-111.23718580435931,59.48764944579613],[-111.69473001594639,59.5124553191763],[-112.47542590373666,59.50210565965319],[-112.7077926662287,59.52081414847986],[-112.74322843915925,59.5428760582923],[-112.78629367520627,59.62153193329561],[-112.68173178427206,59.72807976855384],[-112.892405114948,59.684114300454674],[-113.24382272687097,59.652409518501656],[-113.413169351987,59.711673475596115],[-113.33628182218541,59.777212398725275],[-113.41384055526265,59.80510173097005],[-113.59701496469299,59.85450683131418],[-114.0192750851178,59.90040476620166],[-114.18119671210778,59.9495495026567],[-114.24462693520123,60.017013138177994],[-114.55408709167226,59.97067118398461],[-114.82838834316813,59.95500503231655],[-115.02507617993491,59.86843614860275],[-115.1234999941942,59.855952641734035],[-115.38349809138543,59.806076728330545],[-115.67133779168296,59.724822706107915],[-115.42461452681805,59.66569455063046],[-115.50846948021362,59.605983862988985],[-115.73265370358511,59.526964157744665],[-116.10307783583191,59.43483859825616],[-116.26486518494451,59.43465367464618],[-116.44249085266041,59.478735842051634],[-116.61852406295817,59.491205914461574],[-116.86446254732661,59.47193536863187],[-117.5059646429211,59.347575151791034],[-117.98928522082176,59.302421471681555],[-118.54082209428472,59.20899548093058],[-119.127526578578,59.11499118482645],[-119.56964521014568,59.09187475781993],[-119.3544134035546,59.15664342800299],[-119.27113365700839,59.18247112065683],[-118.81767240223495,59.266355278898494],[-118.65947397326927,59.34630730823928],[-118.62928231712175,59.45418731832263],[-118.57385212830508,59.47638650700656],[-117.99850955226316,59.593827168687184],[-117.61257521408407,59.69147110329089],[-117.3459345446129,59.77597176012125],[-116.93126855910877,59.83851590697342],[-116.50941679054631,59.88538181081659],[-116.0943883278758,59.888914768069576],[-115.77773831615549,59.864532895598764],[-115.61608033504936,59.89560563341846],[-115.81329538164557,59.98774837114527],[-115.95402567504894,60.06413914480634],[-116.34092406872858,60.05456642372013],[-116.53083826527165,60.01151634129102],[-116.73483344315541,59.992891518010026],[-117.1566745085932,59.906293868546264],[-117.64874169086674,59.831547691367405],[-118.14784312298924,59.77509984206057],[-118.74476284654423,59.65267377376682],[-118.93451207788601,59.63364739876279],[-119.11006284730932,59.605189956917094],[-119.2288777266054,59.53891113464587],[-119.55669980816998,59.431020976388346],[-119.92627509198756,59.36080663907107],[-120.16468454141847,59.34462837359176],[-120.47286569426048,59.31562153531456],[-120.82191228432146,59.25771972281971],[-121.36489756800603,59.131832320883916],[-121.52396252931953,59.07026087242597],[-121.47320035598898,59.03468049591313],[-121.36041821503629,59.02832347989708],[-121.1765607077152,59.00579198172272],[-121.12526427704168,58.95704428003985],[-121.24318200055164,58.91776190312417],[-121.56369797115427,58.84539438189273],[-121.88542777029012,58.80233705851115],[-122.22059709435052,58.74264806317298],[-122.56873311284946,58.656259207173704],[-122.95224984028361,58.57271633696287],[-123.23976677923426,58.55237626249264],[-123.90519865076199,58.48476592504296],[-124.34488440736612,58.39699098118487],[-124.88352154063895,58.322184821328015],[-125.31649294575665,58.24041229371254],[-125.37573600069766,58.12802734373193],[-125.49394217309496,58.09029219663728],[-126.09537659961988,57.99696486346964],[-126.49494292223264,57.96207783854915],[-126.85927140816217,57.92372028526521],[-127.17364197405759,57.86457676460898],[-127.83809284716975,57.75962928900384],[-127.99843690906592,57.717619210573744],[-128.2907850128134,57.62635109330944],[-128.7796989035179,57.52384921812253],[-129.32642888191057,57.470258542670315],[-129.86643118216668,57.427159646378875],[-130.05169764351132,57.508186811174774],[-129.96166472370052,57.55056525962492],[-129.66892137295008,57.631668663338594],[-129.25617882195226,57.69514744772616],[-129.03985964490985,57.74422803336151],[-128.69811397895072,57.82807935878999],[-128.05469752094504,57.92917414344851],[-127.58308181138563,57.912487296470985],[-127.52145819985802,57.9608458185379],[-127.25836722982582,58.077911240657315],[-126.93737056605698,58.14664004075276],[-126.53190561063013,58.21180359691594],[-126.07787405984716,58.293733230426724],[-125.87571784719823,58.341276769777565],[-125.50921530972114,58.502968140496584],[-125.04457178822337,58.66664767374084],[-124.54959528232426,58.77294429767581],[-124.27891187617104,58.85868743997393],[-124.05783262675186,58.9468366850386],[-124.34484663892898,58.92076478887516],[-124.88469752131613,58.88091676800901],[-125.11001931453781,58.887204332931674],[-124.98189814593302,59.01448007745041],[-125.10791662551003,59.00134868243414],[-125.43645016184519,58.95541488433634],[-125.60313321895141,58.906264287561704],[-125.69837078975794,58.83082243143163],[-125.87100664560172,58.75495372517596],[-125.95497510668649,58.74496556836452],[-126.0334351660367,58.771244337183006],[-126.07150671473086,58.84023760750222],[-126.03999430508387,58.925371116978475],[-126.07085336197484,58.987246130259535],[-126.25399041118891,58.99354070018033],[-126.48708057690283,59.016028901543706],[-126.85894462522461,58.99610421379711],[-126.9209392374781,58.966749919455516],[-127.32569706247622,58.894492471237704],[-127.81668796227488,58.86447028901713],[-128.00039346777587,58.8839074749868],[-127.95934560650953,58.91012323326355],[-127.93220773040187,58.9330033890162],[-127.4356808962281,59.15078553076851],[-127.0608457502747,59.257173521519746],[-126.88226644114955,59.34672876530085],[-126.65033560117793,59.55282896748707],[-127.38742885667648,59.46350212258571],[-127.68912057539059,59.44736730643518],[-127.94028307453291,59.4059158210253],[-128.37542848655733,59.38640251837212],[-128.39185974356684,59.43393837995698],[-128.33795337251811,59.50676704503414],[-128.32477018373993,59.57305577356409],[-128.42429833970172,59.66716354124754],[-128.3333842045954,59.723539446254236],[-128.1366877139874,59.75804555831681],[-127.77850349655019,59.845394089054764],[-127.60951133984311,59.817677704259225],[-127.32067307358034,59.75582089161827],[-127.09554417380444,59.749827519980975],[-126.88481885531803,59.796734034533735],[-126.75168127623746,59.892891318697934],[-126.76591762566005,59.945289014175984],[-126.89254714414484,59.945151500794985],[-127.20192643645977,59.901665266041114],[-127.37782132023624,59.90456107622239],[-127.56094049113253,60.005865241800976],[-127.67350808391127,60.04248731230211],[-127.75088325273188,60.039350431176516],[-128.03228207078092,60.04516592728672],[-127.99710953244112,60.06048773285063],[-127.65877421292718,60.25210593030907],[-127.27868701507974,60.28865592034909],[-126.99657068057607,60.37595999947549],[-126.70067179289525,60.41809322586688],[-126.49600148425742,60.47486961303629],[-126.2207357332587,60.54037905620911],[-125.63532274376894,60.63239080298592],[-125.30336728724811,60.703083918211725],[-124.9997048224197,60.758833355124914],[-124.54742260464896,60.84639003058968],[-124.31447549701649,60.87842324475446],[-124.1321131323117,60.858382423431436],[-123.9504772450296,60.809322980697395],[-123.83834273477977,60.792013996377456],[-123.50006620825268,60.81848192744432],[-123.21053144130528,60.86508692558584],[-122.73712526997099,60.943369894903064],[-122.16601182157903,60.989837255250166],[-121.88449799532361,60.995840706958745],[-121.5325205863142,61.00477378139598],[-121.31347683973807,61.03641441148158],[-120.980066639897,61.122061155163074],[-120.68719899273947,61.24087415454015],[-120.56956769756175,61.36118668826733],[-120.50552805261657,61.37792192107464],[-120.17468834205303,61.383806052078334],[-119.91238674889121,61.42840791471774],[-119.77551951737233,61.494768454138935],[-119.79433003508653,61.53870754091369],[-119.87094100489722,61.552338249322695],[-120.7253328165646,61.485593062055024],[-121.28447334076694,61.413239924760084],[-121.63143161611383,61.36293776755592],[-121.83589236771036,61.35160066629432],[-122.28328682244988,61.409501742756454],[-122.5502480901074,61.414796598735364],[-122.78208375762094,61.42010336196245],[-123.30385039772251,61.39188116885677],[-123.71149087154537,61.397034996245765],[-124.06167700518088,61.42717075312964],[-124.11611448714552,61.4630448504644],[-123.70757871546766,61.59806825887088],[-123.57232475634758,61.62284363980007],[-123.33988390541823,61.62853453182753],[-123.00232035898763,61.62885699200545],[-122.74708321080716,61.65915169214555],[-122.95512851656468,61.69981064758255],[-123.40835815375647,61.7509504614224],[-123.7075812815598,61.79121537779904],[-124.00715638102648,61.825980000135],[-123.86494738880263,61.844934743635086],[-123.44652238044846,61.88825860836397],[-122.79665683771925,61.92361781568507],[-122.15912900320679,61.97748108870556],[-121.71305614218078,62.01239287201106],[-121.14513410578114,62.0710578675407],[-120.69161466700679,62.1083229161918],[-120.0614589870381,62.15348551521433],[-119.64177491318763,62.13290814080197],[-120.00845893652078,62.04836081203993],[-120.16727722221427,62.00322407810204],[-119.91654516173682,61.97690140630362],[-119.52424716376116,61.96131093172462],[-119.1584073357846,61.96430563211783],[-118.88277619865313,61.98051757248695],[-118.47850067660434,62.0206718338147],[-118.12259104982522,62.068559884504566],[-117.98774692905474,62.08187067244839],[-117.7778697768013,62.07152170117599],[-117.59677371275357,62.053224438277326],[-117.2304668868522,62.06146836846932],[-116.97239463421802,62.11436370202772],[-116.86419721960765,62.14330769374391],[-117.05293135693864,62.15361874658399],[-117.51920355974859,62.200194979661795],[-117.91204393463347,62.20765596421806],[-117.56174804480975,62.32714335010194],[-117.94539875503479,62.352534036551646],[-118.24004324038087,62.35740171173133],[-118.69506360882065,62.37240378470286],[-118.44655051603011,62.451871618138334],[-118.41236938458877,62.50017348363927],[-118.46634983719433,62.57086306379898],[-118.54060380773072,62.593418916274665],[-118.99022078716956,62.693015342857464],[-119.29408929584545,62.77448018438531],[-119.08650800960582,62.7993002629824],[-118.57131065822755,62.858600627529476],[-118.23649950731722,62.929521971005485],[-117.51882576284007,62.93740845646033],[-117.15896392750606,62.947401024013566],[-116.39335003671243,62.98912603781043],[-115.92096054897323,63.040012609369384],[-115.38517330390911,63.12872020357056],[-114.77291536618883,63.209561555809316],[-114.24641320636272,63.28260237364441],[-113.72880987786387,63.33913595327947],[-113.35405837033093,63.3696873740665],[-112.95273420981783,63.383935929117364],[-112.44455440173276,63.416740246492054],[-112.09322600757866,63.42163919677306],[-111.56760417790615,63.412833091496736],[-111.4040015962969,63.438340309478605],[-111.32448717782192,63.46600965013647],[-111.33453564532155,63.51408628899937],[-111.19898301690617,63.54155113643501],[-110.53838047460371,63.553436276985664],[-110.20188973656337,63.5491636982309],[-109.86448371014819,63.55625005314411],[-109.35777367352799,63.57480152842156],[-108.75714512057831,63.62948712711417],[-108.21284530752095,63.683753902484185],[-107.90395019650585,63.686227953737045],[-107.84828414566064,63.67956433230081],[-107.78741319047894,63.6482354322441],[-107.8451859736062,63.62569884538028],[-108.0500494361046,63.60750129469144],[-108.25702164092908,63.56206902301729],[-108.0128095338526,63.54407995000913],[-107.90086756106079,63.53961385233933],[-107.55403171608377,63.578494307701376],[-107.33441954569408,63.60580553866103],[-107.0064480520089,63.581186896982636],[-106.55783252911093,63.57475000623716],[-106.25657583060935,63.56819192876199],[-106.0533993859027,63.56381296050884],[-105.98579876934926,63.529751286719254],[-106.03777627665123,63.493165126105474],[-106.00655667635401,63.44498880233141],[-105.90218515840985,63.433548158741964],[-105.7188030257815,63.44521982928036],[-105.3831724192993,63.42935779183527],[-105.03944224691793,63.42733268093238],[-104.51951124538816,63.43465947184409],[-104.01323910700353,63.446587519070135],[-103.69150992659246,63.43302795157997],[-103.40649498225946,63.39860699433464],[-103.19724511016035,63.382552449046834],[-102.19503383651855,63.36479498674044],[-101.88807893806303,63.34177939797739],[-101.74959851988896,63.31857039482786],[-101.08941029190078,63.323779604888244],[-100.27367621374304,63.34309723302878],[-100.0517011945672,63.310604028678505],[-99.71676017430141,63.200751840199466],[-99.49915968811825,63.158455014179495],[-99.4314051157446,63.157365566766046],[-99.21909286539835,63.15395275917522],[-98.88713700445273,63.16605960765975],[-98.64408184697788,63.149696328337654],[-98.24699875115158,63.085855076384526],[-98.01244845617352,63.01180250166348],[-97.76523582996255,62.97344453522217],[-97.49372733853676,62.95676043581884],[-97.27667258039753,62.95209576711628],[-96.84457677820284,62.92822647037802],[-96.68065499509555,62.894326400643415],[-96.62039462813925,62.8724317327836],[-96.52139736293495,62.87740084214067],[-96.35489056372985,62.96497102189783],[-96.36481476791165,62.99392825894511],[-96.39680644252637,63.01555827822209],[-96.19833727327409,63.07562404035264],[-95.55019516032729,63.13566738942581],[-95.34803157040297,63.12634212356705],[-95.12889481414739,63.13601492521661],[-95.02835563430143,63.15032300183988],[-94.55421524017856,63.12937037399636],[-94.30845282713781,63.12957908735762],[-93.75973356898974,63.18209349957468],[-93.56606079184456,63.20816481776884],[-93.42565060530575,63.208273911236766],[-93.1048081184317,63.239057942117554],[-92.82951087124788,63.24865947927157],[-92.51169292072073,63.26060796700436],[-92.23599788001346,63.272513981692775],[-91.96635475136296,63.305522275408485],[-91.74683528562238,63.331387781175735],[-91.45103238581373,63.34561130500484],[-91.12112232926529,63.34588542430387],[-90.90867589627203,63.32905222336033],[-91.2531962074349,63.2733149460054],[-91.42430127497745,63.25682058334893],[-91.84151728720775,63.23774993866933],[-92.37619753280207,63.18559464218365],[-92.8572919016522,63.161574274417674],[-93.38266106945387,63.123221306109436],[-93.87109790891675,63.04887830876868],[-94.56447981926938,63.01229525499545],[-95.0307958556212,62.941883039919354],[-94.895557972392,62.9031497972759],[-94.81137453333156,62.79307523305929],[-94.60438907892215,62.874152282226724],[-94.37284064701751,62.92546937380255],[-93.8622153665562,62.962240106748965],[-93.6187460817354,62.99624382219124],[-93.17482615897096,63.056639727662876],[-92.59794894309734,63.06429334789542],[-92.10576566620846,63.11715330267859],[-91.54288541993863,63.1721086081017],[-90.80206586724583,63.196312995917694],[-90.42964841550483,63.24359148471431],[-90.00284777729414,63.28135447770876],[-89.6499864922499,63.30741291163186],[-89.380898330684,63.340307849735254],[-89.30105970365638,63.37757501103017],[-89.32548979801253,63.430756416121454],[-89.30745518935704,63.49051778042306],[-89.07674177676496,63.47695697337934],[-88.97392434036396,63.440265771257515],[-88.90658254786239,63.39875676174929],[-88.93770885039812,63.35464187711164],[-89.05468249549763,63.28916872498942],[-89.17033704897375,63.21647460549956],[-89.16127185946007,63.183524162998076],[-89.00279802090209,63.114975601030864],[-88.97607060482288,63.105475643626384],[-88.71357984473819,63.07470771407845],[-88.57981364242568,63.07720013217191],[-88.4434088051978,63.09878495001021],[-88.29698764819364,63.18894653398664],[-88.14388454463558,63.22670677829314],[-87.95362773448329,63.2315558992191],[-87.78227287847932,63.25044144643183],[-87.534408915566,63.264670720068374],[-87.58401908032592,63.215425186582955],[-87.76819642421273,63.15632374066385],[-87.9705839343376,63.115833783444515],[-87.76960685503849,63.09696304611798],[-87.43826369196272,63.10675861781496],[-86.86042506590897,63.171252626852954],[-86.45719421541601,63.23981571214122],[-86.27326683450352,63.24933602260113],[-85.92261507793971,63.24728496671233],[-85.5631047309342,63.21003102280454],[-85.21377436919502,63.148961947538105],[-84.92537932664395,63.10170478872259],[-84.41942450696651,63.051986324333186],[-84.19170484150487,63.02099090194524],[-84.02436134254789,63.01151951904739],[-83.65018984444652,62.97085666466562],[-83.32126514815401,62.96146386729514],[-83.02188003395752,62.93993190768412],[-82.6853206048221,62.93536983572008],[-82.19927408265858,62.947890816640125],[-81.95515432019222,62.93355259158256],[-81.7562096913621,62.8924022343903],[-81.59337563304771,62.84123365539562],[-81.56224148566979,62.804451244398344],[-81.64471329958018,62.75507670713392],[-81.8715727653318,62.7350818039124],[-82.15910077696273,62.73978806771032],[-82.36360638107908,62.732181670169474],[-82.69584922928061,62.71205573775716],[-83.12099330030293,62.604361213342365],[-82.19862689390112,62.549814653468985],[-81.6727538444353,62.537662262676584],[-81.1108045691225,62.535633772875514],[-80.80071981044989,62.54599939263344],[-80.54003906130009,62.553799152214374],[-80.16535231730415,62.57931028728899],[-79.82646389533454,62.597211520040766],[-79.48078673369282,62.61256700725601],[-79.20720709777567,62.60778562131163],[-78.93967334011572,62.535007720491336],[-78.54148087634806,62.50754339431017],[-78.45161169172357,62.48986887494307],[-78.232322618611,62.42132977032637],[-78.3626279338528,62.37257603490311],[-78.56038871956196,62.359565097125575],[-78.77413673043269,62.32077032423084],[-78.73369915627022,62.29758048230925],[-78.52655096965589,62.14165516068673],[-78.4239789854641,62.204453397382416],[-78.30808390760963,62.25395819720019],[-78.13885541834982,62.26188812072969],[-77.88433620134037,62.28283783571171],[-77.83306892123129,62.31129649353457],[-77.88854437474356,62.41397647920072],[-77.85098610082696,62.44463232719853],[-77.7188559100205,62.51333602276453],[-77.3787421182492,62.62692202720373],[-77.25181181605386,62.63204339281864],[-76.56845645041037,62.652641358904255],[-76.20808441361147,62.67540065202362],[-76.02124923458176,62.72031389823331],[-75.78634056833974,62.752707165735025],[-75.57510035970024,62.7578343501691],[-75.33319753185731,62.715943482950266],[-74.95066591386667,62.67400199993758],[-74.66348012543735,62.66428616911343],[-74.31085285917399,62.67954918558763],[-74.27416973813848,62.617119238457065],[-74.22605827977974,62.604623889689265],[-73.9969362359356,62.57214830265546],[-73.65427096170079,62.55229580105036],[-73.46556839365343,62.539843420644026],[-73.09313830164447,62.540167947014595],[-72.73230963664251,62.57074409759719],[-72.15592123219437,62.57376683938788],[-71.5590440374695,62.56925945679583],[-71.19304479256101,62.577129550350065],[-70.71197542868903,62.61772343299723],[-70.5772702821859,62.54490972533776],[-70.37696216201975,62.49954988859187],[-70.20108852268243,62.502244830882375],[-70.00770014245445,62.55045251412895],[-69.82586392703824,62.62852168946324],[-69.95647383052055,62.66339417746169],[-70.14451174300679,62.68316267494681],[-70.5652153937968,62.69275307323725],[-70.36966032294488,62.75985144399153],[-69.95408031208814,62.77255264812218],[-69.79338003446713,62.76281678801988],[-69.61354636929775,62.73081607439896],[-69.40532623419583,62.70121759928329],[-69.14599657793038,62.693987954506646],[-69.05716160001981,62.66417116159832],[-69.09451423461354,62.63666643756426],[-69.17342090373884,62.61655871016415],[-69.576969843685,62.48503971237928],[-69.70209515004423,62.40593306553496],[-69.66168275134531,62.38035802125297],[-69.62724789138113,62.37013504939194],[-69.40337060891703,62.354929722749425],[-69.20276625681556,62.30616695217079],[-69.02828656177086,62.39374355230373],[-68.82755891779827,62.5464481886617],[-68.61110133640373,62.6195665826595],[-68.43223232650404,62.659725459415185],[-68.20760924614099,62.657426198130395],[-67.93318690642324,62.662652903271194],[-67.23408236318569,62.78968925517807],[-67.05781543110903,62.797220799934486],[-66.90326959637099,62.79735894629219],[-66.68357951691955,62.81966519883576],[-66.62565689059831,62.839335627600896],[-66.54351602141637,62.89315361168334],[-66.53872549596437,62.94418086192825],[-66.63705226283827,62.94409221344635],[-66.96267024724541,62.91713005123817],[-67.24948996787955,62.92902600649058],[-66.89101307479592,63.00425816245406],[-66.60915738566725,63.01411717146933],[-66.4101170995108,63.038299384796346],[-66.22753627053156,63.03844763759402],[-66.13492220425731,62.98078854101771],[-66.0459467579089,62.956698981038016],[-65.92984279444255,62.99543211524426],[-65.614038211271,63.13198723253022],[-65.87484208666571,63.12228478706149],[-66.14817351634424,63.12680052536672],[-66.32191974130156,63.1432636524277],[-66.47848940821906,63.188047465683546],[-66.7395824847694,63.17603902503533],[-67.06664937538088,63.20169433544916],[-67.25241600620436,63.2344362933512],[-67.47351431796244,63.26468012716543],[-67.55436619132229,63.31141908085211],[-67.53229533474094,63.330118812715284],[-67.4176600910543,63.3744257363793],[-67.26228054801503,63.39309773521372],[-66.82397129189869,63.45576259886538],[-66.89269479533286,63.48554018501799],[-67.12184726591771,63.535613457781764],[-67.01529018117881,63.562982576214196],[-66.60464652145546,63.64235952659603],[-66.3082448691701,63.68070443761097],[-66.17471401949962,63.685282439482],[-65.95163293029947,63.65185461264532],[-65.89529219858125,63.65638874500247],[-65.71093999023775,63.70127186676113],[-65.7931890796641,63.74791228170615],[-65.7496407955058,63.78333865301642],[-65.66528001068939,63.78781442571771],[-65.36893978907712,63.82983124654537],[-65.24247215959672,63.834315216150216],[-64.66706345313085,63.83694347928151],[-64.527150159521,63.82609686151561],[-64.37371290449883,63.80203948162736],[-64.15143662410385,63.74475264004689],[-64.13910908118002,63.70250423030785],[-64.21835866059936,63.65321897515366],[-64.51656254000989,63.57403761130325],[-64.31627507420825,63.50362770710474],[-64.24222718948249,63.437121998478695],[-64.0630351277245,63.37018034395768],[-64.30400643145965,63.32342297344662],[-64.62712879272502,63.31848874943431],[-64.87475298534436,63.28082663160548],[-65.20617230466053,63.20323243467705],[-65.08084533787799,63.19390592628968],[-64.82463726916248,63.161075192428726],[-64.58666942477137,63.15416790208902],[-64.41614650852527,63.17322670654027],[-64.22658956945025,63.17338165247112],[-63.88071870744108,63.123932015696525],[-64.11047532401561,63.07372113961613],[-64.36633947978956,63.04240071296349],[-64.38952214349843,63.02078381179865],[-64.297582522718,62.953335381280745],[-64.38974543733987,62.86571229439534],[-64.66705956732359,62.742513288612464],[-64.54801746115251,62.75187841033697],[-64.53979351566811,62.75252525153124],[-64.38444403753651,62.76254680024549],[-64.06382872113346,62.816992641165],[-63.46616577920952,62.98303731045524],[-63.10933814003385,63.04345238956315],[-62.94806186230675,63.04119582935139],[-62.8114610291105,63.00046224123741],[-62.65714538150096,62.92077473381886],[-62.63391156641866,62.864761478619556],[-62.716700421570025,62.798484116962825],[-62.91152928026392,62.734134632027335],[-63.03132725051114,62.72907008849163],[-63.254956068878755,62.743735147526834],[-63.420039138353694,62.69895095175663],[-63.57228880312511,62.6364766436414],[-63.590737065765985,62.576248300891194],[-63.43606127409062,62.47524714228467],[-63.39883126536101,62.39876680377158],[-63.3382799322732,62.35522183260975],[-63.090721899133285,62.38110458169011],[-62.744762413151705,62.407023039074545],[-62.581819275911975,62.42760781355101],[-62.301129219480885,62.52946983752191],[-61.92452800252227,62.59028239402588],[-61.596844883902406,62.653201874041535],[-61.3013725475571,62.75284865156074],[-60.941293864310126,62.863768218955464],[-60.80561395032482,62.8907206571777],[-60.38519685537569,62.87888421641518],[-60.257954078239834,62.88875336994216],[-60.04786491101099,62.96418279697403],[-60.25430260454166,63.012231833204176],[-60.432282227341226,63.062447935154346],[-60.11115231647007,63.18857312583524],[-59.833533765769054,63.22644187942329],[-59.5953396837265,63.2219346400399],[-59.439931034070355,63.231454271346614],[-59.26467211625303,63.22925116949743],[-58.36755736961051,63.142732114044215],[-58.158606376288745,63.04759442861811],[-57.99708949379573,63.047732778503374],[-57.799631970032635,63.057468725428414],[-57.717879606120185,63.0287804281295],[-57.96210526204594,62.87850656811423],[-58.19696265689618,62.83918576275059],[-58.366698217267384,62.824331751404706],[-58.429343057841095,62.8316386797813],[-58.493356422025805,62.909728857034374],[-58.57765673830863,62.90965463416763],[-58.917949069933215,62.8703774899661],[-58.97782219744018,62.82380866123167],[-59.0398295831781,62.74737932610512],[-59.040605128075036,62.63793332253658],[-58.926543981323896,62.55768063727236],[-58.742374076047454,62.46923079361197],[-58.8296158343867,62.42073700624655],[-59.17970023908259,62.32034368415745],[-59.37805846046347,62.291765701492565],[-60.073294007422234,62.16896205517092],[-60.319996313204086,62.15566590312261],[-60.844139889344994,62.07376916644444],[-61.010709289881596,62.11833398713554],[-61.255736015798455,62.27196447949428],[-61.3658785364009,62.313218266666716],[-61.51301804075642,62.32082098630273],[-61.82478316748888,62.27662159900019],[-61.54110425908546,62.19373981057865],[-61.33035303960868,62.049574216516504],[-61.58392970427993,62.038771580829014],[-61.78718330369149,62.0517942359128],[-62.23772911378189,62.03817105037701],[-62.32106974286833,62.05921778412044],[-62.32313606124495,62.15906861002543],[-62.695566066997536,62.16134811448708],[-63.343244354402266,62.14242293321474],[-63.499779298292616,62.1055483926274],[-63.37521787693354,62.06617104473002],[-63.07618214740699,61.99766628024799],[-63.1901361788343,61.96568319498732],[-63.4948394913333,61.91206541556273],[-64.52181091090107,61.72798124842415],[-64.79717446851981,61.69783854776868],[-64.97297787652604,61.69766989998709],[-65.18237859231363,61.73820205644835],[-65.29864551692671,61.8191621649864],[-65.34731499759486,61.83257305748681],[-65.66914650564505,61.86987812090519],[-65.8289546806598,61.91255986034751],[-65.9898106104872,61.931108727653516],[-66.3076879174753,61.928766735965716],[-66.40474373856519,61.92805286645678],[-66.864038258904,61.8993207572171],[-66.45767390500681,61.853302603597825],[-66.14945482939895,61.8183607342675],[-65.81709913817096,61.688701543075396],[-65.41190089339769,61.61537645795549],[-65.03993840293576,61.59381583617199],[-64.70879483872565,61.58858730989163],[-65.2562083849186,61.40085443494187],[-65.89198575766346,61.27760410447927],[-66.3155695111984,61.20134219224906],[-66.61152768279445,61.17284604684686],[-66.90709402083891,61.16407784856797],[-67.18095501229469,61.186398286466854],[-67.41867095187781,61.25367714286458],[-67.54657624434395,61.19168071933946],[-67.64603539206115,61.14072748193501],[-67.71821618305039,61.03834926922499],[-67.77493822750459,61.00973780742308],[-68.03600992506274,61.00417531106883],[-68.05639077092758,61.00373906485125],[-68.48509516409499,61.023312855664194],[-68.91284800576392,61.09693903532805],[-69.18688583713285,61.110859380118065],[-70.08354105172164,61.16832572263952],[-69.63877530975601,61.01359389890665],[-69.15391936225002,60.98545896523088],[-68.77484476655152,60.9370630135753],[-68.64880082044259,60.89976127544414],[-68.6213325808327,60.850692716956175],[-68.68508418865605,60.81587520436239],[-69.00936115507976,60.75449323938141],[-69.45292824510831,60.71612613171569],[-69.91702213001143,60.73025654236083],[-70.07164532740384,60.74176847487724],[-70.28319535007407,60.69188494311948],[-69.98852383754762,60.612946545626855],[-70.28460793148683,60.532963823996404],[-70.74926420311068,60.47316343706007],[-71.46037446567192,60.34707388944797],[-71.68565622391976,60.29879992904976],[-71.83365919489904,60.162697285459096],[-72.01658461892326,60.116916683147814],[-72.39645247576996,60.076897285974525],[-72.59334169098678,60.02166083122165],[-72.97996780617609,59.89516451290834],[-73.16966663609064,59.83619190204988],[-73.46441015413028,59.70204804327957],[-73.73094851861656,59.59201889457822],[-74.05302280477721,59.45587174502902],[-74.16302844205562,59.37017261837935],[-74.39178820328156,59.25509634267834],[-74.61872214835965,59.07138966360102],[-74.73517782313365,58.9575915847569],[-74.63461663800838,58.879324010256425],[-74.55015521426803,58.87614886044595],[-74.48633635263464,58.85656465593976],[-74.25417633144203,58.85355547384235],[-73.8116353458293,58.87371252512],[-73.72699143799427,58.86399392898798],[-73.68318465937507,58.80167784214346],[-73.76342434941509,58.6363873422933],[-73.81357920280233,58.38222965780547],[-73.92972313187752,58.2333343939905],[-74.24164326655324,58.028155941033674],[-74.00249392253619,58.02500212947509],[-73.20303225426602,58.12183787412837],[-72.73912441141981,58.12921565226904],[-72.49969269662253,58.112425668787324],[-72.35082218024154,58.077092776407774],[-72.05449359513167,58.00672826633964],[-71.40561479994234,57.90760123201643],[-70.96566557291273,57.69975737904697],[-70.85618775952196,57.48221538367697],[-69.7567352431458,57.3240727444548],[-69.58008152657423,57.27085413505311],[-69.32541757885491,57.17462036213799],[-69.02920375514543,57.11396416215047],[-68.85305697004938,57.089007720119554],[-68.57222960726912,57.110943978171406],[-68.41739787070162,57.100359964419056],[-68.09432246897616,57.11873638618],[-67.67895877549769,57.079687789980625],[-67.21424955916446,57.02979758880213],[-67.11498105911328,56.982969452097535],[-67.39779388459448,56.81243388342609],[-67.65902591448699,56.603760808333185],[-67.67127094613956,56.53383549259337],[-67.64110305110977,56.448921938800474],[-67.7160484161493,56.34493773802945],[-68.00610877419162,56.086346556978725],[-68.26362653142789,55.93487816626452],[-68.30501325330968,55.88168902276407],[-68.14243716726266,55.813381204321985],[-68.04295296832481,55.725655227957404],[-68.02786231249353,55.63362945153283],[-68.12500349159356,55.506317908170644],[-68.23667924906286,55.41321122459918],[-67.89919200199381,55.3826041227951],[-67.64546953661696,55.25825476063729],[-67.52537634661734,55.101595906605134],[-67.51101818564739,54.943755691822126],[-67.51800946764084,54.900153922867645],[-67.27910149745921,54.896505376600956],[-67.09645978971122,54.78539600636465],[-66.8859976305387,54.621704576045516],[-66.87158024774057,54.80165667573319],[-66.89263673116855,54.877196654359715],[-66.76621872591217,54.968525034572025],[-66.4572649741522,55.07945227887675],[-66.3587868674136,55.0322909042917],[-66.3164582979738,54.90973456018276],[-66.29538865969504,54.81439767874458],[-66.15486690546422,54.90996103647365],[-65.99345582782853,55.05645994223489],[-65.97276840303138,55.17834330337354],[-65.6502442751505,55.319492292753594],[-65.47556406660132,55.463468572354564],[-65.42757837474937,55.59865656249193],[-65.44991408751712,55.71763545107899],[-65.37513854763658,55.91215204571793],[-65.2507968742639,56.052282431091704],[-65.1902037695137,56.20267129668495],[-65.1712605107098,56.31101094324068],[-64.9394222909845,56.315036886997476],[-64.86466584594864,56.433992030507625],[-64.91531188581568,56.49680623774501],[-65.12009097972599,56.537118717760606],[-65.19210874078584,56.60693702965],[-65.0929080383129,56.83352271483587],[-64.56768760560041,56.89946636300048],[-64.18990140637452,56.95778900527633],[-63.89617332581177,57.02315040334295],[-63.02787298923815,57.25045139752232],[-62.7266778961458,57.32212441141879],[-62.12558038752785,57.54229575381956],[-61.839429155701005,57.668941272342],[-61.59595868567027,57.822506837354965],[-61.450439036021166,57.943736257298625],[-61.29302273831219,58.18031219117801],[-61.25311357456905,58.29913951283623],[-61.26152566272579,58.37002278959022],[-61.41944780178801,58.53084734104116],[-61.51912733065651,58.59074405375963],[-61.654297372609975,58.650326774083595],[-61.78176791374522,58.70653402706251],[-61.88079671485828,58.73284956977657],[-61.97350001615691,58.79207103697762],[-62.01591438362762,58.80189697559273],[-62.03164503361326,58.87734416577122],[-61.975906434237054,58.90029889438412],[-61.53533080010471,59.01159963749743],[-61.11763638383872,59.19618715465706],[-60.908710012276195,59.282914846694275],[-60.796623613178774,59.30219948239066],[-60.634932843645494,59.30557121381951],[-60.46046697200345,59.36309919700858],[-60.36466252002654,59.47094544424499],[-60.33709798291523,59.54369796860803],[-60.344695962026435,59.625526966279025],[-60.30975931235617,59.66633907575588],[-60.12727824391723,59.73840512303767],[-60.05717258474488,59.79140658481628],[-60.641144711566874,59.8125047550747],[-60.02266289015135,59.995230127118084],[-59.664040370441235,60.13304939730785],[-59.62885424170774,60.157400545500025],[-59.68510885330572,60.19675437046006],[-59.825734909784316,60.24799357188529],[-59.8397072590736,60.29918113899342],[-59.71277302341829,60.40120508389594],[-59.49435620222093,60.48185381547496],[-59.219695706325325,60.54140994615881],[-58.973291080638724,60.577114803043045],[-58.70605543249923,60.56557585037203],[-58.19294885866751,60.4950694566129],[-57.87660631980232,60.45081883008384],[-57.63751524724487,60.43618093786844],[-57.14510739487594,60.433716956230576],[-56.7370165015719,60.460930387970414],[-56.38510840833449,60.50287249632836],[-56.300639019901496,60.511846213230896],[-56.22321653287536,60.523782762510216],[-56.04038643992157,60.50915178867664],[-55.80157170744547,60.43212072758289],[-55.7453768820529,60.408320627471866],[-55.59790786297576,60.32165582570421],[-55.37293133792616,60.24965733292473],[-55.20416721013224,60.165112517653334],[-55.40111586214425,60.088858147236465],[-55.31664586158869,60.043137886527795],[-54.845153054171966,59.94546845009453],[-54.24702245243782,59.87516992586761],[-53.98675144610059,59.881635491359035],[-53.811012703149174,59.92193369800575],[-53.761598352282746,59.863326068896384],[-53.859764421747435,59.78257125365469],[-54.1408135123098,59.71370939417293],[-54.288030305264954,59.622737623235494],[-54.4390422462005,59.35068981810546],[-54.55533881001213,59.20031473921857],[-54.56755581849403,59.11337650241616],[-54.66446927899122,59.038847464363734],[-54.79032220179134,59.00299257890516],[-54.94513085840512,59.00606019102994],[-55.06475154814477,59.009182922328534],[-55.265771999159,58.86541568931244],[-55.194256844321224,58.806426811121234],[-54.69671225873439,58.89551389151263],[-54.55625828692202,58.90548113256065],[-54.2680996574205,58.91561167824484],[-54.169582423831976,58.912468176906984],[-53.999442204012276,58.84391054301588],[-53.94170761318674,58.76835998461436],[-53.99689296057324,58.71221108441551],[-54.05265138642249,58.68568136430412],[-54.023211730850726,58.61605936201569],[-53.79891818077756,58.65615222321041],[-53.67955774665788,58.666238470436056],[-53.243873265003614,58.68329913948264],[-52.977376510854114,58.72328313437564],[-52.73983485565873,58.80594669065598],[-52.50298466866833,58.924154496513005],[-52.3904034095844,58.92102013161347],[-52.34771465305484,58.89492789915241],[-52.25336474785682,58.74062727707151],[-52.225470124849195,58.75385078521466],[-52.02464315065807,58.9181640151605],[-51.78792835364039,59.042088579480556],[-51.563958172507874,59.09737313301784],[-51.29128436072834,59.17826350281179],[-51.4130190262743,59.283902840192255],[-51.34401978780573,59.347756011726865],[-51.218009786786496,59.37651869836664],[-50.85263358498319,59.39596938685473],[-50.75476576832178,59.42460114256665],[-50.43279151651029,59.56089612456041],[-50.27752520926087,59.48524433621366],[-50.19071778973941,59.36176089576386],[-50.01977059299543,59.256676795193236],[-49.97426686652432,59.08946115370512],[-49.76018752045455,58.9272736875413],[-49.73770228932845,58.85205974371352],[-49.91941102540397,58.789446728471844],[-49.953270315506046,58.71687199979785],[-49.74241244408021,58.72370909618684],[-49.76760510207669,58.55442137561853],[-49.738797129089384,58.51438908362472],[-49.64693456198982,58.48773276447056],[-49.407340746011975,58.45786201375546],[-49.357175181089,58.40082167241644],[-49.38392784525496,58.316499905207806],[-49.5382970466342,58.29603316707394],[-49.72052280403143,58.25856913947392],[-49.635024609849026,58.18734420356934],[-49.53577259732068,58.136337855999095],[-49.296037142137045,58.092216852658225],[-49.23901194008153,58.04089546632114],[-49.30788459342393,57.94453466636091],[-49.34278287734867,57.927248670776315],[-49.51117231163597,57.90287259422678],[-49.7503199735785,57.909498103402925],[-49.9968097841331,57.93681566078603],[-50.123160668950334,57.92285500388084],[-50.12259961710938,57.884852058314436],[-50.05870673126256,57.843384504151594],[-50.03681802147684,57.78788479730162],[-50.01405174944498,57.66937199823454],[-49.90786131457123,57.616975550684714],[-49.68278826787641,57.610241866753725],[-49.54865185306318,57.568263370535746],[-49.3361916360818,57.45220138635251],[-49.08881409653712,57.34970931544398],[-49.05971106796295,57.27141224160528],[-49.10833587039836,57.22492529636892],[-49.4153834727092,57.03775774631183],[-49.23947931439068,57.023549061615846],[-48.965788151778305,57.06355792456949],[-48.663733374546915,57.08194948556687],[-48.40317459974715,57.042645203935244],[-48.226899334183145,56.995921669774084],[-47.88674578210041,56.877063386376854],[-47.54860351386994,56.84485183391264],[-47.04095144363132,56.77276033131928],[-47.152124742777666,56.710588504908614],[-47.45333043431693,56.65897402648143],[-47.76155592758867,56.607215471683595],[-48.01436824174037,56.59588377098185],[-48.3646630002198,56.536542830497886],[-48.65099673990973,56.43641638913193],[-48.93116757181773,56.38043623668066],[-49.32446395306663,56.36506161504769],[-49.443629865812134,56.346331138215696],[-49.611202696401925,56.27905505215584],[-49.66600309587767,56.18550578211547],[-49.860882933078685,56.049899782484054],[-49.36311560088756,56.137119095477665],[-49.14558754918839,56.159936831615916],[-48.885962888745915,56.18651495102495],[-48.305685993429044,56.381237592299605],[-47.759567368830325,56.500428983190204],[-47.3172632976205,56.526827730934336],[-47.112403093007714,56.46800481295336],[-47.040686142323246,56.38288047301586],[-47.263818556544486,56.27091821438454],[-47.270404613121265,56.24101811858968],[-47.20607995915246,56.166220306553576],[-46.9398330432863,56.22276349084125],[-46.74366167973153,56.26411556079949],[-46.53213744193397,56.21579970264138],[-46.22124722276303,56.09236207034121],[-46.17829464378785,56.028340736864145],[-46.198842540435415,55.98296062080788],[-46.38032992987562,55.87274536857418],[-46.45670822434087,55.78119875060705],[-46.68054786602313,55.666061834365706],[-46.45395461842199,55.42329749606362],[-46.65017816750502,55.325837400899154],[-46.994140718551805,55.25124251489217],[-47.49947893629739,55.08581034058282],[-47.79442871688566,55.010494792174384],[-48.21599379775293,54.99806646736015],[-48.54620139606808,54.96597918613924],[-49.14342678829412,54.94537259534841],[-49.37521579903101,54.83392152706108],[-49.85319028189908,54.6174521679895],[-50.18370387492517,54.500294792129765],[-50.46504042413305,54.419101060202536],[-50.85878226354434,54.35776070939481],[-51.45605923005313,54.30986397243821],[-52.180224008849066,54.2746131761906],[-52.721216335652045,54.294205935619516],[-53.480006979050835,54.31751809269194],[-53.620608584017795,54.30918598491696],[-54.0423164257362,54.28825198698694],[-54.44283431907802,54.2917581132427],[-55.13837849763635,54.319214715088094],[-55.48266154947414,54.32686549387352],[-56.1714408766627,54.29744256918487],[-56.41771945544615,54.24007909819887],[-56.67123328265367,54.158069993705254],[-56.98340868228309,53.99384235547709],[-57.163029860993184,53.83716451874487],[-57.334066427293024,53.741751265813576],[-57.595462046922606,53.68742291120158],[-58.02494177891853,53.65769808072997],[-58.25792866129073,53.61573036505919],[-58.78199921333399,53.45611038567747],[-59.179459922376346,53.299891229357385],[-59.59851112021596,53.12142537056834],[-59.7908550155639,53.014699260081855],[-59.96121497443988,52.946080766721934],[-60.45216684671837,52.696027153038735],[-60.74431704469926,52.526610624547246],[-60.95716819888015,52.44357372486433],[-61.24238371140174,52.26817284818716],[-61.62069104877951,51.97258708904201],[-61.19470196123344,52.19793668932531],[-61.02503186919738,52.23776603355253],[-60.67018911980078,52.38290339334126],[-60.08718403889792,52.666333770129064],[-59.519336241273464,52.89964139647811],[-58.56370443228283,53.178138918799],[-58.012652697786635,53.29316444958945],[-57.22885617589863,53.44160548499027],[-56.77737757889337,53.50931199086857],[-56.33997674284858,53.576819298750046],[-55.74855378473254,53.619372175935496],[-55.40452327695433,53.603201825944645],[-55.11122383604713,53.520111575813125],[-54.9655128714435,53.43653172875047],[-54.945653124614076,53.381941990725686],[-54.96975736091314,53.2469602482431],[-55.055505059726244,53.18332699875352],[-55.21861200750103,53.11941426242922],[-55.6774768749114,53.03360449599537],[-56.04596906366018,52.900541155717264],[-56.278276064570214,52.88734208691867],[-56.56506902573705,52.95542667997009],[-56.853622183403694,52.94216073114289],[-57.136094283456934,52.8860606451104],[-57.041744361163744,52.862556068628116],[-56.64420454849495,52.79458592888456],[-56.59931336628059,52.75852599366698],[-56.576505566821794,52.62589432776033],[-56.564120330615616,52.59767005349013],[-55.97784618093185,52.74248518582944],[-56.025302110650536,52.67822414075275],[-55.81470851829912,52.72241900207446],[-55.698088044979585,52.67419639740017],[-55.87654928990158,52.60573533457831],[-56.00937903366938,52.529011151882145],[-56.01138720114921,52.44801045401228],[-56.07694048599684,52.44395178513607],[-56.144113342063044,52.37490199821833],[-56.57294733941621,52.24034966443323],[-56.10163683520106,52.23625900516542],[-56.10300790380804,52.17896753773157],[-56.22292208876607,52.0928004358575],[-56.258770505415576,51.960985082557656],[-56.19925434534356,51.98575035994789],[-56.12819543441634,51.94445956487305],[-56.17499825983257,51.90312165350734],[-56.189533898250744,51.840982069644966],[-56.12728410466837,51.699633362755414],[-56.1479758896629,51.65374661885238],[-55.833997738955624,51.637048475174865],[-55.78881421559848,51.607793228981485],[-55.762150355751906,51.628691357007995],[-55.50122284734632,51.58269561872864],[-55.64623163094674,51.54080994099632],[-55.790216302451654,51.54500449183197],[-55.83045033608257,51.50306535363049],[-55.64808724182435,51.456863018567645],[-55.60389180834542,51.3811046766216],[-55.367559452668345,51.406374943550745],[-55.33572961394724,51.36423173112523],[-55.25050237214962,51.36845765850138],[-55.22547616184998,51.31359262586282],[-55.05491528665953,51.32626095788423],[-55.067291494343486,51.36002111857376],[-54.74681361176726,51.338925809872876],[-54.66893851735223,51.30514365442979],[-54.78162898515296,51.2416838442466],[-54.6695665037481,51.275542696560585],[-54.57149170901969,51.26708141736327],[-54.47316320623052,51.27131507480256],[-54.14325624967832,51.38531720669757],[-54.0117336887815,51.41058603966593],[-54.02724076347685,51.296686602500415],[-53.90386002535209,51.24591892927027],[-53.67381617595782,51.284006589884996],[-53.545548298715644,51.15261314098145],[-53.74371391222373,51.07179174692236],[-53.72474971835357,51.03770234161966],[-53.40395748850919,51.02916706535596],[-53.365777026604206,50.97365740148417],[-53.58927082808859,50.935171013090965],[-53.634354585626504,50.97365740148417],[-53.77277768951481,50.930891319759795],[-53.74062421359881,50.90091426270887],[-53.94369655733861,50.90091426270887],[-54.028595995801126,50.91376297607506],[-54.00998473538157,50.86232836783084],[-54.19365931837542,50.849457676465896],[-54.18780290223021,50.81510201415584],[-54.364752749929394,50.810808551556434],[-54.43776636030497,50.76349703877198],[-54.62146205468137,50.75058443846688],[-54.80567395857478,50.66884905948734],[-54.825010041243,50.70328469081808],[-55.146858776544164,50.6127954073526],[-55.17323345744711,50.59552697408719],[-55.40294307162891,50.55231072140512],[-55.40865465125166,50.638680269768095],[-55.533454221376516,50.604165303098135],[-55.639130247500376,50.517691717650685],[-55.68438723725568,50.578247589458705],[-55.75073233643673,50.49603602129501],[-55.849271208749656,50.470023821927455],[-55.915419321294465,50.40923915946479],[-56.11851473697749,50.40923915946479],[-56.137888752300256,50.43530618388782],[-56.196669425370466,50.45266772780549],[-56.12999445437272,50.56528223623572],[-56.28187416624413,50.4483304392955],[-56.38057084795998,50.40923915946479],[-56.392796107150005,50.49170282709598],[-56.53701103701465,50.48303162759853],[-56.557502110625336,50.40489225497401],[-56.655917754552156,50.391852955574244],[-56.54483286262816,50.365744776753424],[-56.56526552456847,50.29602434163023],[-56.62467582701097,50.25673353375077],[-56.6833986429599,50.278563999539344],[-57.05860364744032,50.12977540291652],[-57.0330472417876,50.07707581286934],[-57.144921562897146,50.03749798813237],[-57.230328005835375,50.01989213188345],[-57.257446156631865,49.94934733144961],[-57.30278735193961,49.989046269285225],[-57.296984088980096,49.93168919611425],[-57.39562806640982,49.90518132754488],[-57.434462291193114,49.940522451276934],[-57.4355885430486,49.85651631496478],[-57.5341800685351,49.83437519650513],[-57.57967528289192,49.86094641600466],[-57.63863903450578,49.86094641600466],[-57.68511644152225,49.8166453771834],[-57.730486774190666,49.852093979875406],[-57.862579967792165,49.77672422468066],[-57.942603935899506,49.67890733450452],[-57.987383767864245,49.754518205114415],[-58.14526984205555,49.710065718055546],[-58.17714705360486,49.772281009129834],[-58.24046576719451,49.93168919611425],[-58.33326854135869,49.852093979875406],[-58.36226956385791,50.13854392229822],[-58.05789831833891,50.391852955574244],[-57.91975403924874,50.44398418691277],[-57.8865708125557,50.48303162759853],[-58.0442230456668,50.44398418691277],[-58.228633064833424,50.35703932867536],[-58.24134148956116,50.391852955574244],[-57.7940804889552,50.556634328238324],[-57.768372682884184,50.509031493861286],[-57.67633934544091,50.53933304378096],[-57.761154946217694,50.57392465848126],[-57.24197050549235,50.74198170498769],[-56.714168681459356,50.922324452844705],[-56.39729207120148,51.03770234161966],[-56.28002502964289,51.00782903119394],[-56.37461563692646,50.87090902140347],[-56.295653465443266,50.8880539473972],[-56.23857479868291,50.79791315559782],[-56.22413783404879,50.86232836783084],[-56.20331438207216,50.91804812504288],[-55.92020187281495,50.98647656547397],[-55.61143098232622,51.02916706535596],[-55.54638226316207,51.00782903119394],[-55.4541312519555,51.03343369638073],[-55.49936124287636,51.06327282971144],[-55.74790825634427,51.0803106207867],[-55.990636430401736,51.06327282971144],[-56.14747465839957,51.0803106207867],[-56.46179075505557,51.084571725127],[-56.58643360561064,51.07604883054706],[-56.69834142519725,51.050490667146214],[-56.81033449383575,51.020634448005296],[-56.763004189511264,51.08882675452331],[-56.22859820902501,51.26708141736327],[-56.17481528225877,51.33048236870923],[-56.06291191250661,51.35580715761364],[-56.05516629028739,51.41058603966593],[-56.305990409794425,51.32203886383238],[-56.2461166255601,51.36423973037415],[-56.36045818830372,51.524040802918364],[-56.311153539685094,51.38531720669757],[-56.530640564525356,51.2332116216965],[-56.661718193718734,51.228977164330445],[-57.57128990662683,50.96938387792628],[-57.69629927100054,50.9437256333669],[-57.80626933491318,51.00782903119394],[-57.88440772464689,51.02916706535596],[-57.82684700156368,50.965112376145115],[-58.20300853848127,50.836580810775715],[-58.26076475893071,50.89234592978849],[-58.653428298616234,50.90948256584269],[-58.72651432666153,50.86232836783084],[-58.83619277653474,50.93945002071045],[-58.78068563419233,50.78071331646293],[-58.932628583224975,50.69038158428397],[-58.80803243057792,50.70328469081808],[-58.75592137893537,50.673154195880976],[-59.01919641823505,50.55231072140512],[-59.235704964169656,50.52201805039785],[-59.33356482892646,50.56096274661986],[-59.380309000115716,50.47869637759861],[-59.44606504951016,50.45700433171553],[-59.458783594747175,50.49170282709598],[-59.537113559475635,50.517691717650685],[-59.66861232506729,50.47435492900326],[-59.75479891227471,50.38315020824075],[-59.820271788053994,50.38750054248243],[-59.90604712708239,50.335262317539915],[-59.91784502972296,50.4483304392955],[-60.25956549373253,50.35703932867536],[-60.324723872948155,50.38750054248243],[-60.34598913487287,50.25236538111821],[-60.57443740369609,50.32219009321944],[-60.4154104612735,50.47869637759861],[-60.46767245618687,50.49170282709598],[-60.698920700315554,50.32219009321944],[-60.923960254033915,50.13854392229822],[-61.11542693154316,50.02869223436094],[-61.2061493517061,50.10343100693084],[-61.378461721705904,49.95817507527589],[-61.50257304338861,49.98464177187001],[-61.40292609696263,50.085863628567374],[-61.5744089351729,50.002264048938194],[-61.53583093293497,49.94934733144961],[-61.71411411076835,49.852093979875406],[-61.81830899151685,49.89633141598873],[-61.738629611653465,49.97141012007403],[-62.04120680660979,49.88749563419681],[-62.07572177296586,49.76784275663344],[-62.187312470132206,49.754518205114415],[-62.31372606577469,49.62988632706531],[-62.471558143109675,49.59418140766383],[-62.71777883048725,49.365603076861994],[-62.96323872946595,49.19418666148018],[-62.9182702532039,49.14439201540615],[-62.92614353568091,49.07182144986465],[-62.86751598268134,49.053652490121976],[-62.821124917376814,49.08090321155147],[-62.7556891640265,49.07636412543321],[-62.82869422029976,49.026382568238304],[-63.06530631358731,48.989989591874675],[-63.059351963588924,48.95810419136412],[-63.26446106084129,48.85769450317956],[-63.3179588729288,48.80278850586565],[-63.187071322855225,48.79363361127957],[-63.089401167739645,48.76154764224192],[-62.96331739322868,48.51763070083472],[-63.00559341650758,48.37874870027756],[-62.862183151165404,48.3416173134171],[-62.545775779507736,48.42511344969794],[-62.52475240640609,48.48991042149349],[-62.57698766378163,48.499151334645646],[-62.633978354725805,48.59606717900775],[-62.666467939128125,48.60989267573204],[-62.65943646914585,48.63291535456071],[-62.58079101601124,48.63291535456071],[-62.50962881960591,48.58685258072666],[-62.47944376795437,48.46215027963861],[-62.53505386686452,48.313743909484074],[-63.22555888762708,48.21132339190055],[-63.17670143358302,48.34627081802354],[-63.21553445370607,48.369474486002446],[-63.29591174878902,48.290498362483795],[-63.36832231200127,48.2765432513849],[-63.39526683464637,48.243945977036475],[-63.4206601682296,48.281191690658176],[-63.52761345422421,48.18800398930614],[-63.60003579121215,48.17400575223793],[-63.724896440793344,48.16000122696597],[-63.68950375590093,48.2765432513849],[-63.55586760420156,48.3926695997671],[-63.75341621864535,48.3509117607768],[-63.79163158326339,48.401948680618695],[-63.8656674116977,48.313743909484074],[-64.00859786496588,48.0805174440841],[-64.60621992977059,48.0336803657765],[-65.31554203214998,47.97738173467264],[-65.84952400497306,47.855087135158],[-66.22641352113357,47.727615938511],[-66.30045261988082,47.65184842970119],[-66.43862746096367,47.63287849932072],[-66.52547063940887,47.57117224334187],[-66.53164592636313,47.58541822811181],[-66.28220834743958,47.855087135158],[-66.25505530400821,47.892761327764696],[-66.28806583874142,47.88334773302982],[-66.61837952483121,47.528375122862805],[-66.63730152818835,47.55691082642111],[-66.8498821274329,47.4521726171426],[-66.813621405073,47.3375501256593],[-66.60470330609894,47.30404923015198],[-67.0373865567653,46.75189123867901],[-67.22951966574985,46.59381811668815],[-67.32021890703405,46.62793365232117],[-67.34296502778064,46.53527662017496],[-67.39773897146031,46.46684299787694],[-67.51760908745807,46.412980190360145],[-67.78632292490457,46.22627428829353],[-67.954210826267,46.11279616454653],[-68.02672417722285,46.10290729908418],[-68.03832245953112,46.147372293573376],[-67.91627871022762,46.26320614226395],[-67.9336953573338,46.32957799274348],[-68.1109848957261,46.32466806192175],[-68.23785279195613,46.4521607223878],[-68.28966616156661,46.47173568334871],[-68.33539201005198,46.67173072758569],[-68.16499262348873,46.766447051315396],[-68.06363437169573,46.85606942410671],[-68.19297797405558,46.81249983893436],[-68.40082839839778,46.67659702998996],[-68.33924187173152,46.36394358489627],[-68.38314075997141,46.23120462160849],[-68.3184742045858,46.013815565572955],[-68.21435651728252,45.98902714347932],[-68.29334318466607,45.70024400021601],[-68.37198593104758,45.61015200776838],[-68.4702504501726,45.522349645229596],[-68.51930063560495,45.52736703703507],[-68.82376971093348,45.27284301954487],[-69.11065937370753,44.96560562968558],[-69.10485651654163,44.945201265791624],[-69.17893605243937,44.89414890990055],[-69.20341407283229,44.942648691885786],[-69.46991899619927,44.660986188602315],[-69.47831568303504,44.612118858649204],[-69.57737845619184,44.596682118048044],[-69.59321497935504,44.69951603801527],[-69.31819166431768,45.03438044463217],[-69.19265543457277,45.146192736670315],[-69.07284515366149,45.191833796993805],[-69.01046242260283,45.28295358084895],[-69.03917513307155,45.30570011621764],[-69.21146607299298,45.26019595835353],[-69.05849289004681,45.40662527219043],[-69.15420131129831,45.39150389881528],[-69.21199316592947,45.42677503804218],[-69.17655570594393,45.49973357164714],[-69.07101470759346,45.51480931615974],[-69.05011180436063,45.64020382010082],[-69.27727822806357,45.52736703703507],[-69.34339013251555,45.605136604039046],[-69.41629746974864,45.585084026265385],[-69.44700797951492,45.735220454221896],[-69.274094916633,45.80007850496776],[-69.11918663766225,45.82002240340421],[-69.11183076794937,45.84243497695063],[-69.30774552536988,45.96174015047459],[-69.37226914269549,45.89964982505153],[-69.40179045053355,45.89964982505153],[-69.30564153511766,46.02124674410217],[-69.26601692746223,46.02868588543634],[-69.20578385008488,45.96919199962535],[-69.14266364006605,45.991512514395446],[-69.14627634449863,46.07570631907197],[-69.27990029362189,46.100436230094736],[-69.28828106164194,46.142429974964415],[-69.23105591297467,46.184385498343076],[-69.09682255993226,46.17698285869166],[-68.9717883418603,46.28288314306713],[-69.0937410079334,46.26566559294961],[-69.14874380385284,46.28780221329783],[-68.98985629569314,46.42522835159696],[-68.69930639068524,46.48151894492935],[-68.82318927120419,46.50352257101286],[-68.69670749180747,46.654702509917],[-68.82576698758585,46.62062339740673],[-68.88644386056731,46.571879258352],[-68.85463840862096,46.54259591967582],[-69.01448702370863,46.47173568334871],[-68.99198385759031,46.55479751215916],[-69.03856035432374,46.53527662017496],[-69.0545180231292,46.4521607223878],[-69.10153216530743,46.420332132063066],[-69.09624530622715,46.479071822457094],[-69.12492156977349,46.50352257101286],[-69.23518069654392,46.34921383917176],[-69.40471651487248,46.37865754182358],[-69.32263947130477,46.191777047773805],[-69.5512066279287,45.941886302632945],[-69.56094673371949,45.852394732183114],[-69.52817445310495,45.667731651560324],[-69.57270898091973,45.61516026261071],[-69.71276008860521,45.735220454221896],[-69.71974683090122,45.81503668809493],[-69.7421991755986,45.73771423853952],[-69.70579484984282,45.655223405154345],[-69.5712352026898,45.56501691389745],[-69.5979411882858,45.37133107860757],[-69.79252110099435,45.524858429326784],[-69.93681527654827,45.52736703703507],[-69.93948130961839,45.63519587819223],[-69.9945331234652,45.655223405154345],[-70.0078285038806,45.559998367934554],[-70.17727335184205,45.68273957763033],[-70.31890462384196,45.667731651560324],[-70.26571839479833,45.777642129595094],[-70.03824959799924,45.89964982505153],[-70.22631339429539,45.86980871450158],[-70.38033211351231,45.692741328737924],[-70.33430102083517,45.605136604039046],[-70.15447654374624,45.58759484283536],[-70.11200777448603,45.49219492847905],[-69.76831316528224,45.37889518722325],[-69.80240974137322,45.34358347513137],[-69.60125902213227,45.28042783126913],[-69.55715431201214,45.229830158135414],[-69.72132362922873,45.0496483715557],[-69.8239283705454,45.02674408811605],[-70.12429426112756,45.33600869141325],[-69.96186228922318,45.024197190144704],[-69.73128902280074,44.95795491326029],[-69.84749894595286,44.922241407027165],[-69.727189361558,44.89159607299839],[-69.75787790677106,44.86092848410068],[-69.74232284448358,44.837909385242455],[-69.79520510393128,44.74057273110672],[-69.89417740807119,44.814879207188085],[-69.93462383070525,44.78671133132728],[-69.92457780127026,44.70464813256946],[-70.01677791595195,44.69694972476275],[-70.19899278075764,44.91457836348172],[-70.21251036494759,44.904361770867546],[-70.11438960173328,44.720050063538366],[-70.01166512013916,44.65841390774076],[-69.93249318255617,44.66869204789303],[-69.88636158206442,44.58637747090973],[-69.92705943872402,44.465158709824195],[-70.05927588321309,44.44190346774277],[-70.17938323925245,44.6507026123946],[-70.34388351343632,44.72775028250958],[-70.45094972233828,44.665485599367756],[-70.4388190463349,44.64813292801091],[-70.28011083129944,44.591525181526954],[-70.13807026572663,44.44190346774277],[-70.19416461423384,44.34873523268615],[-70.00652010694735,44.3616915396953],[-69.97519524333254,44.40828678497309],[-69.68475577807153,44.3616915396953],[-69.68064665554208,44.211169143421756],[-69.69594945880118,43.72981222355],[-69.62973595934734,43.40742136772332],[-69.6742604599412,43.44455025845838],[-69.73117463387196,43.58479366273185],[-69.73567699282336,43.63758787303328],[-69.70772828388279,44.104418088363055],[-69.72652287288656,44.21377219378727],[-69.79688676812464,44.09137708191282],[-69.74106589701992,44.09137708191282],[-69.75721226454088,44.01306113729912],[-69.86786160978127,44.03918536354433],[-69.83937082979611,43.92672491986635],[-69.79492284842698,43.88742047420296],[-69.78750294363171,43.65604816334097],[-69.83923128572553,43.6771393136507],[-69.86940951628392,43.8297066764122],[-69.90244934232163,43.74033757926623],[-70.07180188193263,43.86119300634439],[-70.10556963045632,43.83757981694192],[-70.04132101112107,43.71665067507354],[-70.1614273730349,43.66923019606056],[-70.34871198805095,43.75086685854031],[-70.28624306520474,43.66923019606056],[-70.47350576235299,43.58479366273185],[-70.5421633153808,43.59271988736829],[-70.61437067835897,43.6771393136507],[-70.59123986828361,43.7640134447546],[-70.5329192458627,43.827074054594426],[-70.5583728716569,43.848075972349754],[-70.62726742964239,43.76664019714788],[-70.6440340821419,43.67450311934481],[-70.62767724202965,43.59007119029721],[-70.69588536502673,43.52663941690987],[-70.32830646253592,43.518703229547846],[-70.0697972160301,43.57686583348893],[-70.04283875729001,43.5107620314085],[-70.11814453423207,43.43394166787254],[-70.20290285835158,43.28519360151239],[-70.15467977203046,43.25857689527539],[-70.0782856140871,43.36229321665337],[-69.96729830761066,43.5107620314085],[-69.87693823641382,43.55308292795907],[-69.81286269828841,43.42863971644662],[-69.83729965923361,43.30914195680246],[-69.94315333873321,43.207950885286444],[-70.00864439875794,43.21328586153647],[-70.02020052235665,43.253247985306714],[-70.22172961703967,43.061055610955705],[-70.35638562804786,42.98070943800208],[-70.54937730060406,43.00214572184865],[-70.62386788078726,43.02893709810812],[-70.67534916256807,43.05570373480714],[-70.69546351984745,43.15495719589259],[-70.76028674865154,43.149253391418476],[-70.73800537652492,43.05035114503272],[-70.77107948307946,43.04499784162003],[-70.97600753149445,43.09582713362865],[-71.13450072014044,43.15726736603667],[-71.094821754816,43.08245253545709],[-70.98683781185208,43.071757222425546],[-70.69010373785495,42.935109931768416],[-70.72163465581893,42.886773319702215],[-70.90806134902644,42.8276151789064],[-70.80630391532205,42.82492900408953],[-70.92221752377657,42.72254882132871],[-71.05928942319647,42.66586539964688],[-71.12171629548232,42.66586539964688],[-71.2665713300426,42.81954918770671],[-71.22393737254652,42.6577603480855],[-71.06888895242106,42.590205727085525],[-70.91819665450127,42.660464530593266],[-70.80033236311507,42.6496606518334],[-70.72460976966616,42.73333690530157],[-70.73415912123515,42.660464530593266],[-70.64937802708064,42.64425067900472],[-70.64083162380636,42.611810661001726],[-70.86605694169486,42.47928730458605],[-70.88385169692431,42.444057964350556],[-71.0033090998681,42.41422206567628],[-71.65941280332106,42.32569382975553],[-72.15109463176603,41.9537802695253],[-72.44324697065613,41.69886749756961],[-72.51593089582512,41.645309614817336],[-72.80004222245836,41.603741365087785],[-72.9279704621822,41.58501523346121],[-73.16764669689483,41.53098957341298],[-73.46129709504916,41.42902786902986],[-73.82367042673381,41.20084967923488],[-73.97941725683947,41.020135561215],[-74.07042783263967,40.869057286988536],[-74.51408061599221,40.57089188437645],[-74.8604353781594,40.405519262379414],[-75.06917466234194,40.31948077343373],[-75.41722663529819,40.28200507509316],[-75.64753699142182,40.02968380293691],[-75.75040144841537,39.94315751446823],[-76.25060226344058,39.4489788618243],[-76.28211829064146,39.40061211269851],[-76.47503051699994,39.10288823993734],[-76.84183235800815,38.54424287745122],[-76.93834528060957,37.8851804210556],[-76.89615488169697,37.46164833489454],[-76.81570297346184,37.05885687389713],[-76.61579490509736,36.330318168712324],[-76.68131116859476,35.50431763739618],[-76.61678033276891,34.93206232104282],[-76.6598029331606,34.887804911745796],[-76.56947471648378,34.75482701792946],[-76.55587247104486,34.59373950182764],[-76.62581839276675,34.19187120171801],[-76.93162866962474,33.438146951482864],[-76.99095103503979,33.30044471640378],[-77.17160194636404,33.094930382016024],[-77.17206065951835,32.88417578219019],[-77.20856500310529,32.758179289791954],[-77.43924126906285,32.48241552762806],[-77.43645046806745,32.52846317265007],[-77.35395200017166,32.64916671832271],[-77.34978364266959,32.71804041744377],[-77.46450072967902,32.70031374072455],[-77.64417145339812,32.63193611218149],[-77.75599921234848,32.69509009914645],[-77.99152935089,32.626193662116876],[-78.00658309989043,32.79065748472584],[-77.97441447537658,32.90705551831518],[-78.09829793716887,33.43669416292104],[-78.41204609519887,33.504706027164495],[-78.45931795853238,33.67806245680318],[-78.41178393736602,34.079759245763775],[-78.56671931023621,34.19187120171801],[-78.54460248117857,34.53304686333588],[-78.71625460277174,34.48795411297976],[-78.84635108324501,35.0094346331181],[-78.94779914643192,35.240914620340234],[-78.82081671235329,35.240914620340234],[-78.60532687659031,35.449990229057306],[-78.5565856940751,35.55782331500637],[-78.60008620031154,35.66522576648913],[-78.85308759667225,35.47145812690751],[-78.94596577479479,35.57037068313047],[-78.81921482596506,35.84272684121385],[-78.65934217002045,36.200715465203174],[-78.45668446218711,36.68978515798869],[-78.52274958343433,36.90004037027155],[-78.61044495958265,36.97853969376884],[-78.8055161213532,37.03702811635268],[-79.02767317961732,37.492710063390675],[-79.29043942933167,37.86062395523462],[-79.49177880473347,37.93741656172665],[-79.68464013046311,37.90481586704542],[-79.95390291218108,37.768879725392196],[-80.19687572409134,37.60674483307773],[-80.75013391368354,37.46936534479302],[-80.83689823578831,37.56712896189963],[-80.8062626872645,37.850799584689],[-80.87799028386718,37.96647851545219],[-80.97440230134298,38.01766103499806],[-81.28424430097242,38.04908116170805],[-81.46120095991367,38.183279723422956],[-81.52121700265504,38.289034348467425],[-81.75505551053804,38.226667027499346],[-82.21871624319172,38.174638480488326],[-82.46955182872988,38.25779137867994],[-82.53266837270964,38.12255382695152],[-82.81904341685409,38.077753392699194],[-82.89693172529603,38.07758010263913],[-83.00685095134303,38.49635956971453],[-83.22262312815485,38.143398805073716],[-83.39267785531968,38.20459301359136],[-83.66882248537348,38.20398610919679],[-84.2270802086412,38.221932766445036],[-84.57788840602092,38.022499439528154],[-84.75163148385168,37.997330802159624],[-85.10807169656154,38.20586633650212],[-85.15017919280491,38.201664055631916],[-85.2123601481156,38.19545601767534],[-85.4452967906176,37.95552240887709],[-85.39389750827408,37.85084020116155],[-85.26498867275218,37.85084020116155],[-85.17497965590466,37.85084020116155],[-84.91597758492588,37.94506200139495],[-84.75714726850184,37.903206437378536],[-84.54015769329737,37.68290622637574],[-84.88394802001008,37.51199464597687],[-84.912320048682,37.395050976763606],[-84.85139630823251,37.23242043126276],[-84.61913744030704,37.165159820197196],[-84.55282070678318,37.0645954355122],[-84.45093775471845,36.90968042809503],[-84.69781044384233,36.846627776718464],[-84.90093151062082,36.88556910636137],[-84.95885120035842,37.08013864132915],[-85.25684674582408,37.2054270935633],[-85.32169249588101,37.30304285504363],[-85.42636159288693,37.328850423055144],[-85.4348636543041,37.31962722935187],[-85.57059840652774,37.17208027234803],[-85.50349951604883,37.100732775293814],[-85.42406627928618,37.01628121847386],[-85.55556774325962,36.932989337347216],[-85.59232950994499,36.90968042809503],[-85.71694443492069,37.12266452131475],[-85.9475379471581,37.0339471584493],[-86.11184970471963,36.899008106261455],[-86.4807981673038,37.11776412782141],[-86.58704400203128,37.34576251744573],[-86.98570014759872,37.640838146706216],[-87.25754629225395,37.61034387613487],[-87.0801251735783,37.42996532603121],[-87.23881700151563,37.344297554683195],[-87.55355425221542,37.36884723603462],[-87.72517065424998,37.38223065079574],[-88.06491153652046,37.49836201377379],[-88.42122741490685,37.57536299467729],[-89.0265221773898,37.50527023648274],[-89.10621723129152,37.496036648192074],[-89.4253274733084,37.34537381802563],[-89.5900343863997,37.35201256032931],[-89.76967764203455,37.3665351409111],[-89.75165919382681,37.59180571590572],[-89.90207451484463,37.56556718605977],[-89.97835832280747,37.481088703224025],[-89.88842242551273,37.14391648471267],[-90.35964182269971,36.84690384738361],[-90.79171387246969,36.57784542103327],[-91.23052619628655,36.429461820768594],[-91.41615601644916,36.40918081648256],[-91.58455799027891,36.43527458234437],[-91.87876821640857,36.48752156100372],[-91.96294455455771,36.394669551886146],[-91.84200347107749,36.18921261616963],[-92.00340924964567,36.00232953775625],[-92.03778398880843,35.98329244664928],[-92.17282566772546,35.90844035146835],[-92.46013759141853,35.85428837558081],[-92.81630903778918,35.72620174607504],[-92.95658146832884,35.64533988405695],[-92.76939083530654,35.477653857329685],[-92.7465233109538,35.39682128922507],[-93.13107982434327,35.06443724934725],[-93.24025919059692,34.92151926884196],[-93.36790272697134,34.51168821031433],[-93.39642899935065,34.202589810230066],[-93.38685670991677,33.829633933872394],[-93.32820086436246,33.38468939710948],[-93.5983248992068,32.97792250468885],[-93.93288998320212,32.56834804669373],[-94.11489197641221,32.18498364075179],[-94.34401346018657,31.598596187468758],[-94.57170118325081,30.65139334950275],[-94.77621363776846,30.036978451005236],[-94.91975661486651,29.44700113067866],[-94.89133236581486,28.82520174645978],[-94.87665204364227,28.53127534799765],[-94.8531163129838,28.180590375312704],[-94.84777387899547,28.10317210350897],[-94.67988130588873,27.597296527037493],[-94.44505571637787,27.11123798131695],[-94.40931541276771,26.86691097516508],[-94.25342567668277,26.583810859208693],[-94.12189497562578,26.052866314285374],[-93.92465727311121,25.378797644532337],[-93.78911529919144,25.215556904979834],[-93.49775377353879,25.177338850465585],[-93.3043752113283,25.185652071705004],[-93.06513121914537,25.10045078493801],[-92.84739420946492,24.850834545340437],[-92.67375986539415,24.569006597408713],[-92.33932011376582,24.530634277456922],[-91.8687754840547,24.665365851748113],[-91.14289689316395,24.918019678694172],[-90.98975522069286,24.95752099106294],[-90.49945799832841,25.083889866948194],[-90.13111317993402,25.170739243901483],[-90.19083790852525,24.870932313909005],[-89.841992933511,24.74746048972837],[-89.69921780289758,24.906250121223035],[-89.55156336808723,25.016109638467423],[-89.57415549707856,25.152537461286315],[-89.73080019705226,25.249127954643004],[-89.19983118532154,25.59077126818063],[-88.86200637973496,25.931088544347897],[-88.7440183017477,26.382766659339826],[-88.48333520407091,26.616351396211417],[-88.47726864824797,26.875127042974913],[-88.32090491613374,27.492889108010132],[-88.13749078116716,27.86809637428924],[-87.82906692867493,28.046545458927387],[-87.75272920213897,28.069466179621976],[-87.4005406204562,28.17513130685679],[-87.08337060969355,28.22862364215118],[-86.58376285958296,28.350142357674024],[-86.10104021210562,28.54637504547844],[-85.83522925835892,28.577015014423033],[-85.62299677606359,28.547604926926965],[-85.1436652607772,28.4514122698883],[-84.90410569826419,28.554167707953166],[-84.74808650707277,28.504902768794633],[-84.52850481413503,28.235222657694464],[-84.53761918484693,28.07711473114862],[-84.61471928112728,27.850525503000437],[-84.78314956709116,27.645782832682695],[-85.0689982829838,27.37941676421983],[-85.30043593623994,27.15026373827476],[-85.48264075675853,26.909564566542485],[-85.55850537434145,26.52991671963819],[-85.69823093986214,26.368110322645546],[-85.8138271608725,26.175194381909904],[-85.76034408028141,26.090452623770922],[-85.59944227486703,26.16590935488703],[-85.70414744972759,25.809076421944482],[-85.92861168876061,25.150778220896164],[-86.02718188890327,24.837817514484385],[-86.07546800922948,24.704470823548007],[-86.17785172330703,25.000720563029137],[-86.2104615705616,25.25043365714182],[-86.22833816500388,25.336086287658297],[-86.42914447600212,25.148454377885198],[-86.48730924574016,24.844490796384758],[-86.60102590229252,24.615766149070307],[-86.31580811569363,24.71215423834589],[-86.34204725777742,24.473462538806363],[-86.63391251634702,23.779880647731225],[-86.57831907214234,23.628767280576714],[-86.7493334379256,23.18119248788469],[-86.69191012142424,23.001597347169813],[-86.76515174844546,22.776646828002253],[-86.99375727944978,22.279998588961714],[-87.15445381974655,22.080668620255395],[-87.31641005589289,22.06253042705179],[-87.3628217028072,21.89913159322268],[-87.55336088392062,21.762774503964113],[-87.5755193089622,21.59891464870178],[-87.44846418527574,21.54424284018752],[-87.33376252279311,21.37092005046654],[-87.25720092543786,21.480419449948783],[-87.25729501538508,21.699082980981295],[-87.12062554037416,21.608901678529215],[-86.94559171257038,21.398306139301035],[-86.80498719793151,21.415423513205347],[-86.5133342472468,21.570127543922233],[-86.22580890218919,21.60328165935595],[-85.90600723089074,21.531323682673083],[-85.69969865680477,21.49141669163055],[-85.06316011538374,21.468881238306537],[-84.73662064756374,21.599316625095295],[-84.5538366390329,21.71304231966083],[-84.32262225768545,21.560005718150133],[-83.9712007854775,21.577170472574092],[-83.62561586138591,21.634751447297536],[-83.34635244702244,21.63552842268945],[-83.13388940685962,21.563307685390043],[-82.90229066470268,21.418155717782746],[-82.9445619554461,21.215219902664916],[-83.00597477446595,21.08505233107934],[-82.9251233345396,20.92256521358193],[-82.59276184190276,20.78499954591012],[-82.35044279565005,20.744923712554062],[-82.27810318765279,20.441985666749773],[-82.21096059057642,20.14133225641265],[-82.21673847423791,19.94441948829346],[-82.27547330641562,19.64828152881176],[-82.41613833572531,19.235616412371158],[-82.7087291086148,18.76310317087872],[-82.7994556668197,18.322668965554417],[-82.83492183812231,17.789047361802083],[-83.00958858022267,17.118653044700636],[-83.13502435650678,16.68114188043466],[-83.18047304134792,16.370822387428923],[-83.25484681440163,15.853306392839803],[-83.26946694882427,15.5226964980847],[-83.21107581240662,15.242588440294211],[-83.1452058929851,15.023909874462358],[-82.82143232158275,14.489775787994208],[-82.67873537513474,14.112853459474351],[-82.55301403662958,13.917439680460976],[-82.45460252528915,13.889396585598611],[-82.27511955314404,13.497896510694781],[-82.09318288495463,13.283591102106948],[-82.0998045649551,13.279658808567186],[-81.88034020937489,13.092595711393836],[-81.81461907592438,12.7804106839277],[-81.82119221696428,12.55209250919921],[-81.66506834806408,12.457583338151911],[-81.38465952711813,12.44267837554454],[-81.2673619189389,12.567833773532172],[-81.10638966235479,12.304916028133121],[-80.78453608625769,12.25479708826015],[-80.57637399869998,12.305283120195462],[-79.94264171235328,12.76466599929025],[-79.71058944685223,12.792907680963951],[-79.05222925936171,13.35443023727925],[-78.89123063118896,13.267208357795994],[-78.56181389988838,13.225169776723082],[-78.53669969614936,13.13002495570322],[-78.1830007074215,13.140238672103068],[-77.84809748117867,13.012113494421],[-77.56541052583725,12.78029810632174],[-77.29901016437117,12.435907969387522],[-77.1418854747311,12.028362396137693],[-77.08100870112186,11.982485721150768],[-76.90497902697675,11.775147532457002],[-76.7448719855546,11.463441767963724],[-76.66357123663485,11.151044310352953],[-76.56484160407747,11.029644452235134],[-76.46986254847292,11.134232516088149],[-76.39574838414198,11.282158097765596],[-76.5173746403624,11.758958053958885],[-76.50082679068801,11.888957281162682],[-76.41150380854118,12.071021122105783],[-76.19958002771865,12.279202338200083],[-76.0095801348289,12.461196963880708],[-75.75704554784755,12.91048922944996],[-75.6044338385857,13.005700412616443],[-75.29448337480352,13.066869091114029],[-75.18222867878131,13.299494933059025],[-75.21345711655601,13.531400122065476],[-75.10372055095509,14.00337234472287],[-75.046348470732,14.397046470539307],[-74.93328212960195,14.687636894424687],[-74.69145269913867,14.952558765922447],[-74.4872546545909,15.1233766407674],[-74.21175299545675,15.268722295493312],[-74.16151130354028,15.268877917201014],[-74.00385763126867,15.144995695768145],[-73.92494073325882,14.878124058433693],[-73.78472658003821,15.082881902221526],[-73.75097741569314,15.346535748820768],[-73.6369041668249,15.677817648428984],[-73.53560970678109,15.720492090005592],[-73.42228591475669,15.644521674729456],[-73.04247621442576,15.620195350832557],[-72.79133143732582,15.62092080531499],[-72.50117313032754,15.782793779727028],[-72.3833879356037,15.935537906526577],[-72.1574658761318,16.11379430993972],[-71.7670169719725,16.26699269574789],[-71.55422513157365,16.503848877579625],[-71.40406831183854,16.832685137656185],[-71.24314306365729,16.984471162836062],[-71.02587242305556,17.08587723061526],[-70.76783462857972,17.078233101598833],[-70.54962196828669,16.8771910314485],[-70.48658631819593,16.80166883792303],[-70.43327631087921,16.599773528977014],[-70.57578523781919,16.401815356388838],[-70.98418901360246,16.311469644853876],[-71.32502993286488,16.124657011046335],[-71.39925984997598,15.997606950181849],[-71.34167437360958,15.633583892703246],[-71.29606512423905,15.389164682004214],[-71.2017260344525,15.313514628437016],[-71.22728868262342,15.226384975233014],[-71.18340392521202,14.877572942113535],[-71.25911093526418,14.65568834930769],[-71.42034878214332,14.435594909039725],[-71.6088985586348,13.936505906880491],[-71.68476360963027,13.713390356582567],[-71.58990515683725,13.421767923097853],[-71.47075886284695,13.267392920223761],[-71.38540045286264,12.82855418649266],[-71.24553589429173,12.613353346220865],[-71.00734739761936,12.683077609883814],[-70.91951375138066,12.778204409600885],[-70.72289984095968,12.933918979824355],[-70.66390139156732,13.020221943008918],[-70.61500624359428,13.338684694250832],[-70.66494434077798,13.733527822208337],[-70.74799405223264,13.904746571964273],[-70.91202297216738,14.392028358348423],[-70.96739099263232,14.473628210916472],[-71.00379395517321,14.712488323632874],[-71.10668981723222,14.8209450996994],[-70.99588623218438,14.880565059372522],[-70.94259259243243,15.032232843242623],[-71.02761423399963,15.11883389370174],[-70.56488238629264,15.34727649947646],[-70.06613355228365,15.543996094567893],[-69.60901484691304,15.707551206067166],[-69.56054298185315,15.842265288396462],[-69.24884768145705,15.893814083071376],[-69.18480514714717,15.898921250149854],[-69.19667560797548,15.993004616028983],[-69.21246497559815,16.111335726275755],[-69.26678983079132,16.132841255422534],[-69.27911639404643,16.197336729085475],[-69.33298936184008,16.24031735024445],[-69.4368266428241,16.197710758706304],[-69.50773676649258,16.181213257206508],[-69.60916717015695,16.18875787984382],[-69.72473528788608,16.517544705812547],[-69.66436773692473,16.66937367271616],[-69.50404545683973,16.796081476652127],[-69.33855902225774,16.821801730004328],[-69.30358540289006,16.755115985813983],[-69.25815988503483,16.535478283913367],[-69.1826306691982,16.43894417782664],[-69.18996838892261,16.350399581860216],[-69.18700189051067,16.234944185071104],[-69.16075927865661,16.181213257206508],[-69.16782609847229,16.06293477125677],[-69.06611587096079,15.908376678422812],[-68.91831958606159,15.92015988610037],[-68.61105200531829,15.853340704417262],[-68.41092736915168,15.811566359735036],[-68.1547743492675,15.693694578818398],[-68.02117956489592,15.541434082770039],[-67.86929805083905,15.202131556909775],[-67.82562098033233,14.819172205639573],[-67.67818747031185,14.62346214338387],[-67.52113031874657,14.572721956093753],[-67.06048949891695,14.650854689411855],[-66.64362508017174,14.68620821408752],[-66.3775096900671,14.72108317522334],[-66.01805965263299,14.756238684878118],[-65.70350732553139,14.680411434640787],[-65.54305871532809,14.390607409143934],[-65.42980321843936,14.288356281111264],[-65.18096305688167,14.135106644352607],[-64.96691404590116,14.05014764110812],[-64.47914639533205,14.025874793112981],[-64.30632451954429,14.060638093994184],[-64.12479205726824,14.198098703145563],[-63.62918931970876,14.686450168883686],[-63.41214264945215,14.79793563957794],[-63.211574101051774,14.772938440988069],[-62.780266736352246,14.81681727123141],[-62.262847178019165,14.860929886836075],[-61.854267704926194,14.828039042169474],[-61.7476552906924,14.760149223457733],[-61.777639197329705,14.674784728552774],[-61.91568832773948,14.563446822752962],[-62.29572364826503,14.587951784492946],[-62.48964878158716,14.578838906100527],[-62.5346495564607,14.450634654063583],[-62.51477855708763,14.339610776112998],[-62.258626063761554,14.186434060719339],[-62.00490798823724,13.86176965990946],[-61.939584042933966,13.46726557948936],[-61.81227177752085,13.785181908395538],[-61.724798259057415,13.87116263307794],[-61.54776880096535,13.717337695835765],[-61.33268091289918,13.700824205689635],[-61.16853470752665,13.641243963338155],[-61.06417487419008,13.43546122615991],[-60.66586170234024,13.195909576579973],[-60.467552163492144,13.015750320315114],[-60.809524785102184,12.71310726401183],[-60.901352249148935,12.315687240002516],[-61.00380863461996,12.177053110337093],[-61.48857852427274,11.921183462773282],[-61.26632965099996,11.882027898087687],[-61.0013513274448,11.822162471064155],[-60.835915482957574,11.839989090881364],[-60.68394901283192,11.927048489383893],[-60.26710518639575,11.945593766578746],[-59.9445476237399,11.89458536551429],[-59.575733783979985,11.726724933275996],[-59.54480884495452,11.69649041818182],[-59.331844738835905,11.488973160837801],[-59.1642399570731,11.343856080260915],[-58.962023509527675,11.168778200135595],[-58.663818708982824,10.847893363057711],[-58.416588024461504,10.439261267086597],[-58.36875332497619,10.186444634807899],[-58.401659063125244,9.732126512071416],[-58.35577428629179,9.146124069750668],[-58.20949218318499,9.51403831442898],[-58.1083685330032,9.575577562993042],[-57.843424151304674,9.462625074706372],[-57.80095167834842,9.38396381807834],[-57.57961260579768,9.200717320292405],[-57.27310916816148,8.859760330019975],[-57.10272946964624,8.553095965250126],[-56.9471334080362,8.149344565758394],[-56.79500067440388,8.343195003635293],[-56.62228227106728,8.378849288647965],[-56.00584929289361,8.090609278352858],[-55.79754569720525,8.064848996831335],[-55.75292612427717,8.319948253187382],[-55.687906887881745,8.372867864502966],[-55.53707866319194,8.355739833380278],[-55.16335268131805,8.348080461652373],[-54.775105738825005,8.36682038506857],[-54.45191884082,8.323844928648779],[-54.172241286035714,8.210423663851802],[-53.731101183449496,7.9445818076619155],[-53.63488466473744,7.886577764938106],[-53.17574331263298,7.703102104477338],[-53.12916921685646,7.6796895251966655],[-52.931911860220275,7.5805266863831005],[-52.58112821684194,7.237855825301144],[-52.342996097087095,6.945672416246086],[-52.15090683212046,6.71011654377011],[-52.028356242164854,6.559898335003026],[-51.79084255345878,6.207073580749463],[-51.65401575092195,5.915571041906628],[-51.56773301049475,5.898135537406433],[-51.380943370905754,6.049110112218095],[-51.25864969540814,5.961012317849268],[-51.15777029562852,5.695809091737091],[-51.09257909710522,5.199938373138216],[-50.91909876458081,4.357804130620659],[-50.87548000215652,3.9761036230434144],[-50.672972406823874,3.105636133837579],[-50.54303839889428,2.7591101466697587],[-50.39892843729429,2.5548880849633595],[-49.96014919667257,2.4227257839692142],[-49.87351978255393,2.2093657904355775],[-49.85855329562668,1.8621680599827894],[-49.879844157402694,1.7018219450741507],[-50.11669779255434,1.4784321956353592],[-50.539171911913215,0.5862822038233579],[-50.64659786369142,0.3810201047683435],[-50.87612580508289,0.12191622517515895],[-51.06051257091681,-0.023798935427230807],[-51.17039936527267,-0.11066338098064765],[-51.5288056536773,-0.601825437958879],[-51.77185219049493,-1.199495919291612],[-51.95719971271767,-1.8413288786888118],[-52.136206798960515,-2.126797410810124],[-52.013802160848996,-2.197641184860586],[-51.78385418068851,-2.1524322658752],[-51.56129395428816,-2.0271107859165833],[-51.02321225705931,-1.5802287724169295],[-50.972935748794846,-1.5622659465743576],[-50.834912732021316,-2.122850274260823],[-50.63224845260635,-2.6384743109760924],[-50.51701522570528,-2.709311569918156],[-50.387488251565784,-2.7533978071525116],[-49.8770865899403,-2.7340633631574134],[-49.87339841926905,-2.7335584882949995],[-49.61118180217837,-2.6976633595528923],[-49.280964180416625,-2.509785391179934],[-49.402026987722245,-2.937242992961716],[-49.406110109770204,-3.3052873305305135],[-49.20787086049188,-2.954432535405691],[-48.64878861712026,-2.320964092113189],[-48.51962410650456,-2.22264522370941],[-48.383650499061424,-1.9818548644840577],[-48.162233013482954,-1.3934123098131395],[-48.04059138711858,-1.143608352508046],[-47.92571681032134,-1.080911317612515],[-47.472772734596816,-1.0795312221250857],[-47.314890061440934,-0.9543287377447156],[-47.23581046753151,-0.9540873173516767],[-46.925849376292945,-1.300568825845151],[-46.63065672534343,-1.468925445874712],[-46.4869173196155,-1.4506641591371034],[-46.11982039850906,-1.6276924156363077],[-45.637419591599695,-1.9111823312939082],[-45.48599768095533,-2.088808725638929],[-45.362818888463835,-2.462300889962909],[-45.3268220955214,-2.479981912290092],[-45.24777594905762,-2.4708471760056656],[-45.06860483684627,-2.247782971785144],[-44.92474746347677,-2.274042989800702],[-44.787729694214036,-2.4338485956487275],[-44.54197724797484,-2.931398369547977],[-44.4478464304089,-3.1801463769196583],[-44.50491735302414,-3.340377789127117],[-44.640796959684096,-3.5985867689939908],[-44.690371512991625,-3.865308090254621],[-44.64638294974458,-4.158296003403908],[-44.566570366831094,-4.4066377086788195],[-44.20142307225813,-3.890475265092412],[-44.0363551064851,-3.792254979078945],[-43.76342995848601,-3.693683355447672],[-43.31848162048913,-3.407907391405906],[-43.217875229035855,-3.3898154186636758],[-43.05239583859342,-3.433757726945246],[-42.706657954730545,-3.6727002195355216],[-42.29608408978042,-3.9468985011412236],[-42.08742314958691,-4.008440194781603],[-41.58386777354823,-4.113504944294428],[-41.08046464398438,-4.165262270456989],[-40.87207561432077,-4.129106040970862],[-40.65644997947673,-4.110685422326213],[-40.39793824946532,-4.0033277244138405],[-40.211041052794336,-3.993875159724037],[-39.699984538602294,-4.214358348909478],[-39.368536702015724,-4.47080155055753],[-39.02258465476946,-4.771426208848115],[-38.755784302727484,-5.0455258936208525],[-38.02702555888629,-5.9202194069044225],[-37.687834099011205,-6.334878246756806],[-37.31281672744202,-6.713664397551192],[-37.1252170882558,-6.9249887992086645],[-36.90905154312929,-7.047874312231871],[-36.57770380313072,-7.152744507035728],[-36.0166136172516,-7.212787415292157],[-35.60669470223591,-7.238007122943076],[-35.40463652726523,-7.360837430109005],[-35.28054178648795,-7.651219925671011],[-35.234818678638526,-8.029583951073517],[-34.94500335435196,-9.275211947225163],[-34.80956523801935,-9.983302908835517],[-34.76799425342855,-10.59383734176658],[-34.793258160588465,-10.950852499063519],[-34.85940991665138,-11.507095983301559],[-34.95434643145251,-12.02734511150759],[-35.18214947795222,-12.822723306135842],[-35.398354581776246,-13.339888173158272],[-35.977963911169155,-14.053708128287523],[-36.57133016836798,-14.832839146006293],[-36.76358664825201,-14.952669740658093],[-36.921120818171,-14.978678351851455],[-37.08121887169748,-15.361882763852522],[-37.11395018660052,-15.599645539736153],[-37.11111786094066,-15.811552157953031],[-37.31036089976864,-16.454503920626248],[-37.55313016256779,-17.035974747710068],[-37.88050230543943,-17.690547771687555],[-37.99332911493198,-17.816219316521625],[-38.079240868468325,-17.82481508603904],[-38.12605870350561,-17.574168373737738],[-38.25777339965345,-17.398713646634164],[-38.423443930587666,-17.348905809960943],[-38.43068336471853,-17.817475250743225],[-38.623343084900895,-18.783317073556184],[-38.62345341850316,-19.213682381032836],[-38.63902316688764,-19.568473275451854],[-38.41069005904309,-21.155214409509426],[-38.342981301621876,-21.722331960978114],[-38.50827011204016,-23.167711453026925],[-38.5007023927529,-23.54160808027424],[-38.4145037545325,-23.905941100408157],[-38.392062689623735,-23.953328452558818],[-38.70808768059334,-24.230515860676057],[-38.866473205739105,-24.514319903756494],[-38.949832332111484,-24.95362772638365],[-38.95246242689482,-25.1567852964177],[-38.78404845201466,-25.964305157084418],[-38.81510140572511,-26.16521794775273],[-38.89721595343272,-26.319601417355738],[-39.16790267202661,-26.650823464315376],[-39.430964436429825,-27.460679138795587],[-39.808116564065045,-28.210109122296323],[-39.870483986827935,-28.495672841394452],[-39.87947413445396,-28.66043687509554],[-39.77038485074323,-29.159689559049696],[-40.2771485298133,-29.35393413862592],[-40.500131055189485,-29.502587394572092],[-40.63591672582077,-29.694986375058367],[-40.64861061681942,-29.938058284749545],[-40.62028459810523,-30.12890224906829],[-40.789099826844016,-30.187961271493588],[-41.167469385524726,-30.166925452583648],[-41.584466551260206,-30.25587112742848],[-41.86938209028434,-30.256582893597585],[-42.20529174876456,-30.22815062333666],[-42.41411634625809,-30.170064176252044],[-42.8116133774726,-30.20770926037749],[-43.132171692196394,-30.208511639930183],[-43.19102917669758,-30.52291589031298],[-43.30799582665416,-30.625223627493117],[-43.63614312398312,-30.786050462523665],[-43.81872624621435,-31.01858004032273],[-43.8893986775299,-31.199524467389438],[-44.2297561544627,-31.06303164926836],[-44.37769909652848,-31.099565709343167],[-44.60699231986619,-31.230184646974077],[-45.3403892934804,-31.85700722553207],[-45.544476760925825,-32.05740576444051],[-45.83402980046371,-32.25030672754513],[-46.0722275698538,-32.47085096630095],[-46.25766639389255,-32.810374953353],[-46.4519461139363,-32.93050398263074],[-46.69216961559177,-32.966247480965016],[-46.81325042955048,-32.95950374641253],[-46.79432379912292,-33.0788389239961],[-46.63359928400723,-33.1905953019873],[-46.54503537556755,-33.45591553419142],[-46.55598376481087,-33.72034987477523],[-46.57896665009982,-33.859100348903695],[-46.68959809089413,-33.93550858310484],[-46.71502395249352,-34.01161052129911],[-46.503863745846,-34.328107580056674],[-46.403492379017564,-34.902362514337305],[-46.30607955723643,-35.40352818141444],[-46.307469503535216,-35.55175639514649],[-46.31081545345922,-35.833637037133514],[-46.34915207130704,-36.127494207192015],[-46.433814616885336,-36.33244156869997],[-46.49182084750297,-36.47296862913919],[-46.69552996132668,-36.704524196529334],[-46.99078749162271,-36.94839315813663],[-47.27664726404186,-37.43205852825876],[-47.333347900769965,-37.61379967928823],[-47.44136395357287,-38.13576501384533],[-47.574953710125364,-38.55719741680059],[-47.80675794490787,-39.00675451587812],[-48.044698549715775,-39.283463741289786],[-48.31411066508279,-39.62830416745654],[-48.25024027587714,-39.27139440791353],[-48.11802393561749,-39.00743848465596],[-47.9005418417242,-38.754480775939314],[-47.74227091674034,-38.232463128395246],[-47.788900773213165,-38.117306430917445],[-47.928139192754195,-38.18167420965312],[-48.098239542365064,-38.17565393526842],[-48.384878821770315,-38.080160933966326],[-48.403526322005405,-38.15071963432271],[-48.37740222717243,-38.28500860373834],[-48.44262392839783,-38.83156120764158],[-48.54818744572634,-39.046119818128076],[-48.7888696052197,-39.24124906077348],[-48.89763039974312,-39.36661828391705],[-48.954725900239396,-39.553817261142235],[-48.928098013394596,-39.70908687489864],[-48.95922672582792,-40.453665939742734],[-49.08961310856392,-40.78231086682146],[-49.330889449674196,-41.18089192259524],[-49.68603232454301,-41.59542671105107],[-49.705292526093665,-41.61777128214366],[-49.93076412422481,-42.079343901625705],[-50.135441594496925,-42.308442874549414],[-50.41205526115459,-42.49569293486613],[-50.579510490719436,-42.560012280684866],[-50.91004255220869,-42.60134666151148],[-51.30970333987989,-42.46257235442118],[-51.53505582710116,-42.48049747481894],[-51.75242366611434,-42.52750206726332],[-51.98878429081073,-42.64414347109858],[-52.15168573626957,-42.6270593709962],[-52.5770995102976,-42.34845888954381],[-52.8699848076586,-42.24377665490387],[-53.20395104331847,-42.179974669770964],[-53.38577340884592,-42.233105808729],[-53.58955247734478,-42.26279808767933],[-53.73956491822968,-42.21039084592027],[-54.029881286643636,-41.97587104654312],[-54.195337921307356,-41.90932526961985],[-54.233069014781115,-42.02341279058705],[-54.306181809311866,-42.158756120508286],[-54.27479645511065,-42.25248007334454],[-53.79753759181218,-42.595553849511376],[-53.48303925883346,-42.7110078206679],[-53.154369905522515,-42.826184446927336],[-53.01789577780165,-42.89526955495606],[-52.86517358455345,-43.02756521338469],[-52.839520652482435,-43.15970186199293],[-52.93114868687963,-43.37162593140732],[-52.904623015542015,-43.5310979884386],[-52.822457894134786,-43.66716428785536],[-52.72011078589645,-43.7744794780566],[-52.49009766862001,-43.9038101998852],[-52.25510399353563,-43.97089608887905],[-52.19721276182192,-44.01573559238315],[-52.00241176092248,-44.3676705636378],[-52.073909206975436,-44.55661751105482],[-52.27380592002871,-44.92089279734314],[-52.48298063781159,-45.216436011883104],[-52.52346487345198,-45.49852583774752],[-52.639911078197095,-45.6066384225408],[-52.93890281827001,-45.736251390275946],[-53.32246119059096,-45.86556301609072],[-54.057641582170774,-46.0163635078476],[-54.76708795010549,-46.08685239301047],[-55.30825382755257,-46.130354193923154],[-55.68820807505562,-46.14697644841366],[-56.18278966716745,-46.105413783299596],[-56.59421112417732,-46.02107230755201],[-56.61996123288671,-46.095589523383026],[-56.497472881593346,-46.397000016448395],[-56.32469173834909,-46.51241546411107],[-56.174587060768424,-46.58034707779776],[-56.17110830569699,-46.69024018865994],[-56.24137179490779,-46.91951035776268],[-56.31363960106388,-47.10118007263521],[-56.288660770261984,-47.24061127495737],[-56.0355708083991,-47.48675905692704],[-55.96951303528892,-47.58888519479808],[-56.023843784051394,-47.665450149338675],[-56.058531945701965,-47.68587579014071],[-56.31664885877092,-47.784824585181894],[-56.49778757755308,-47.85420204320194],[-56.940307540401655,-47.89547897297082],[-57.278882613399304,-47.87077045935319],[-57.71856028994906,-47.74983425542701],[-58.370114951585066,-47.608445831834615],[-58.461091948861124,-47.6290018753535],[-58.51483484820664,-47.725837996507195],[-58.410682877913196,-47.938510977865086],[-58.137050569727094,-48.17966605151198],[-58.06319574791602,-48.31968156014573],[-58.064878532167725,-48.54368229952286],[-57.97028773405824,-48.677192864855236],[-57.578945327824904,-48.86372252860849],[-57.24750891098454,-48.892606448392286],[-57.129375104588696,-48.82362489837597],[-57.34361462338114,-48.68599885547859],[-57.02132193452431,-48.62116431581087],[-56.873833484991174,-48.60606771092057],[-56.626569359711446,-48.965079727477274],[-56.56105460068259,-49.067640667904115],[-56.59512032375571,-49.121337017040815],[-56.69997066395542,-49.1556061804105],[-56.86836806124989,-49.18021605956216],[-56.99615022987773,-49.12688656398714],[-57.08277376232268,-49.024561964661316],[-57.13960670973255,-49.000214426416306],[-57.54728264816099,-49.025356579912],[-57.785095024052296,-49.09410316372559],[-57.85474187994827,-49.128343147751224],[-57.7617336672829,-49.20117614305525],[-57.51491962244957,-49.22504522104946],[-57.31002205427087,-49.26352982607552],[-57.11220204880273,-49.301972721557604],[-57.08385259200316,-49.311621533843834],[-57.369762954370245,-49.442594931211474],[-57.635293523938856,-49.53933769859902],[-57.7722195205112,-49.74083147416739],[-57.70634453925406,-49.87893084902466],[-57.51890446353395,-50.13900489651645],[-57.51047270038536,-50.223714210953275],[-57.70327448317317,-50.490741902609315],[-57.66002247847369,-50.56045768138056],[-57.43314220960066,-50.680652223645055],[-57.608513505844236,-50.71793358618672],[-58.06539945498434,-50.74638496262355],[-58.240882882230416,-50.77436198839493],[-58.449903747905054,-50.853207278082586],[-58.6295494363159,-50.97775221460525],[-58.75857494992738,-51.151957805785734],[-58.83594463981281,-51.41114819564828],[-58.7903620213296,-51.53298889881441],[-58.702719373456304,-51.64976022374286],[-58.479524659064914,-51.83279433244882],[-58.21537803401065,-51.97024161682363],[-57.72456925920945,-52.1639920737707],[-57.42708316593681,-52.23832556045777],[-57.025019003198224,-52.28160775703002],[-56.86957956233511,-52.30767104968851],[-56.768717421555166,-52.39064413562693],[-56.69130251598,-52.629735521943395],[-56.68116126516726,-52.733431510666996],[-56.7332014564759,-52.87115522717795],[-56.78108642301525,-52.91410157921859],[-57.10663733834913,-53.06832660065502],[-57.555894636063435,-53.30632838545808],[-57.70387794764029,-53.50822370987178],[-57.722303921648255,-53.587630982564335],[-57.67579623573172,-53.7165525183004],[-57.537202805530804,-53.86529640987793],[-57.51873167897533,-53.99280136447142],[-57.55070438080936,-54.08294243966936],[-57.83606732798728,-54.210069232422114],[-58.158123283137996,-54.27979582973316],[-58.27663020487954,-54.34092291675731],[-58.32422705390574,-54.45034981035026],[-58.25820204910762,-54.66751958694118],[-58.17940584543027,-54.80718948709915],[-57.952690659449395,-55.01700241673164],[-57.57174182504727,-55.25603352374695],[-57.15640190808092,-55.46161966539309],[-57.00163927947365,-55.55028820966784],[-57.032940249577614,-55.55893344539438],[-57.12802526829699,-55.585149135653865],[-57.47930235108179,-55.56249851577162],[-57.739403031368404,-55.48562118254697],[-57.830743935546245,-55.48187308952529],[-57.91493022850634,-55.524509184738214],[-57.99203225009817,-55.628628184674405],[-58.13953800753851,-55.67873478670516],[-58.5540085914327,-55.70228316159188],[-58.666410781723755,-55.72540758481791],[-58.75776765639949,-55.77904710899588],[-58.729993976216676,-55.938765329531144],[-58.70219658565371,-56.02572641155004],[-58.56940596348399,-56.16102293065938],[-58.50025349753532,-56.31790516567637],[-58.507581695755015,-56.355118593225704],[-58.66924950285041,-56.362761850632054],[-58.845140507510166,-56.38898053081272],[-59.28689278436619,-56.285385915265195],[-59.173391806142966,-56.12426632648595],[-59.144738960352626,-56.01120671702451],[-59.01091625367793,-55.90879960973995],[-59.03189567959119,-55.87084371519849],[-59.20743678412561,-55.82540689684204],[-59.333851762351514,-55.795075822303254],[-59.72755762944518,-55.93250928211945],[-60.10691664375406,-55.92921430746568],[-60.27566753492256,-55.97110908292509],[-60.422922185297395,-55.88409130073934],[-60.415774306574875,-55.83463261315359],[-60.113602859411635,-55.76557734168455],[-60.0082407841811,-55.773077776121475],[-59.755285153895166,-55.71921069835846],[-59.61480525367164,-55.68838108831855],[-59.87473358363333,-55.64651767666391],[-60.092505939866726,-55.646806472548256],[-60.38054076368243,-55.64719667082758],[-60.47197992063506,-55.539528919664704],[-60.43704515413342,-55.45830995351622],[-60.47934445744187,-55.40796576641459],[-60.66207333533174,-55.38879547759968],[-60.887379064643575,-55.27227232645898],[-61.05552476409136,-55.373785190666034],[-61.34374680502384,-55.327484885241894],[-61.34445950199034,-55.18684393071215],[-61.365842658935634,-55.13979967701064],[-61.49923039586335,-55.15175925561051],[-61.60437296244414,-55.191119734328936],[-61.84391529244393,-55.085420718753426],[-61.94952345499819,-55.0540572975459],[-61.85177095267298,-54.97892459730645],[-61.84518121699395,-54.931419640882915],[-61.93721969832752,-54.856159265739265],[-61.972542832521476,-54.83633506864729],[-62.098903089783796,-54.84446761575992],[-62.4794843105468,-54.72941495534083],[-62.54290301476731,-54.71351321023523],[-62.26250899723102,-54.66109557449047],[-62.19984763781235,-54.61689580400048],[-62.22197004195262,-54.53652069788179],[-62.14611526562537,-54.4355201078409],[-62.17517247910543,-54.370786123799554],[-62.406762136161184,-54.38732408907359],[-62.48360324509262,-54.415777893304316],[-62.61737951129465,-54.39572659505134],[-62.85220855910539,-54.20904987714622],[-62.71394593522151,-54.09848331648756],[-63.006002284826465,-53.992447821541454],[-63.13692727408713,-53.873351060169696],[-62.93789780245381,-53.744894840517674],[-63.075781502782114,-53.624590203141686],[-63.25407747335735,-53.745361069848734],[-63.5931415021981,-53.30676925318002],[-63.557030858075144,-53.133171255167156],[-63.790271191361946,-52.8902914133377],[-63.82760586033833,-52.82596368449016],[-63.5954844028736,-52.829908062655306],[-63.38917093212741,-52.90254909144995],[-63.10026302984936,-52.92353529713071],[-63.081624544440714,-52.85061722256165],[-63.11131470936316,-52.80338339999516],[-63.54456981434084,-52.670358296997165],[-63.85243992473781,-52.71401953648611],[-64.00881421443607,-52.66241340476387],[-64.20508326156656,-52.6799954425511],[-64.2565981277359,-52.61084315033549],[-64.18957768547546,-52.510901296335],[-64.22714696566227,-52.43691636491271],[-64.27018974790298,-52.410801203691754],[-64.23702083865751,-52.349569710706525],[-64.02595351798577,-52.35361590503637],[-64.0085092098078,-52.23961351665862],[-64.04576295406603,-52.1736947024874],[-64.40108530295959,-52.055086577141395],[-64.56407249871552,-52.01551387840042],[-64.90118768179596,-52.02931703390752],[-65.04983397181468,-51.998543122176706],[-65.15300355662151,-51.84761924352644],[-65.48902109929932,-51.89710080063607],[-65.55329433718686,-51.866051871402796],[-65.53359367949183,-51.82144991933655],[-65.22912766810688,-51.65996365269939],[-65.15285480241813,-51.623935545906775],[-65.07228247129726,-51.49777958375751],[-65.04076896995763,-51.37566869670339],[-64.72480208627893,-51.357042630669355],[-64.58225974785852,-51.42021204811388],[-64.49463463506564,-51.52843205225628],[-64.71074845796122,-51.59178720533857],[-64.78552722235032,-51.67721057419403],[-64.64711621000812,-51.83345933636726],[-64.59030472432083,-51.85120114915528],[-64.53499662899742,-51.8199070843105],[-64.50353558409657,-51.69917594807786],[-64.44809992187183,-51.672194488851346],[-64.33461288805512,-51.70338412582905],[-64.28942221521265,-51.80167145885111],[-64.1720892396667,-51.95726819844124],[-64.01272124163313,-51.649082487505325],[-64.07531574541888,-51.43750334911477],[-64.17272757339056,-51.23350427489442],[-64.14800729462571,-51.11485997259346],[-64.12742944085801,-51.096527202395876],[-63.918353840206386,-51.02750669315802],[-64.01046144413965,-51.00471850213727],[-64.20872621473325,-50.95911868673699],[-64.2594043503843,-50.90860960056883],[-64.26890622762458,-50.82103116618988],[-64.18511842055435,-50.79781020423076],[-64.00370523343294,-50.71899091058],[-63.84401727772844,-50.57975305793983],[-63.81827125781079,-50.43072927514304],[-63.88283891305302,-50.35606261632345],[-64.06663269601783,-50.304843884301526],[-64.39963369369686,-50.17385306549417],[-64.48629302881824,-50.05132341730239],[-64.47373862130503,-49.97082965695412],[-64.51185559751362,-49.818821871891295],[-64.67938161496606,-49.54152617454581],[-64.59026676480555,-49.430600969832206],[-64.36707201990774,-49.33842275393491],[-64.63896533832593,-49.13985168510186],[-64.7931159402307,-48.87115380945303],[-64.76627034456142,-48.81703167034876],[-64.57053127568999,-48.762540022508276],[-64.60138442206356,-48.65401286279057],[-64.69541260579483,-48.55513099020007],[-64.83694794407734,-48.5256137550426],[-64.9795208037932,-48.4562914734949],[-64.940309315859,-48.34162385935439],[-64.95732695724146,-48.231658346017184],[-65.14916393155471,-48.16682442931488],[-65.26192835573929,-48.162006711424475],[-65.3102569973615,-48.19719917254084],[-65.43306202100734,-48.342481058318874],[-65.64370521110894,-48.36280364492356],[-65.67888787169178,-48.362859962656465],[-65.82859535894521,-48.293214382017155],[-65.9740522062872,-48.12307076956761],[-66.2559202335579,-47.866337803562075],[-66.4251866075969,-47.61764957414493],[-66.49862902293968,-47.28983290752543],[-66.51038684974421,-47.140223917638565],[-66.33628708825634,-46.8702359639355],[-66.24090026349351,-46.58822343602026],[-66.29464827672201,-46.46758529492061],[-66.79137946131387,-45.81033918036795],[-66.88478454055272,-45.57945324456721],[-66.93545932529459,-45.36327631540143],[-67.03366125591364,-45.19497248751437],[-67.38567229345209,-44.850888446952695],[-67.4466797989599,-44.73538029544819],[-67.37926345118908,-44.65798475892234],[-67.15914368862435,-44.696217143220984],[-67.0970144276284,-44.66296390334857],[-67.03576107199481,-44.6075540858855],[-67.01682083286471,-44.552158001570675],[-67.03732994909225,-44.04469105718929],[-67.00283301237066,-43.85332199229375],[-67.01118800000756,-43.47932969883757],[-67.02917343986329,-43.216626576163215],[-66.86649869732058,-42.8883833036443],[-66.81528647650407,-42.59276520056778],[-66.81862862973772,-42.33061327042555],[-66.84163074028753,-41.93722890047718],[-66.80420100402375,-41.64708243358784],[-66.74286688142065,-41.59346685740891],[-66.67898293636259,-41.43245797039839],[-66.7125570878899,-41.30698978125601],[-66.95412118895396,-40.94678502247228],[-66.9434075277845,-40.868219571155166],[-66.81057950351719,-40.674010703000555],[-66.76755586441409,-40.52791564962711],[-66.77167521171172,-40.50520054405037],[-66.78629366249271,-40.424256649168],[-66.8542708416228,-40.32658354879441],[-67.02561817872161,-39.976739876460734],[-67.40812422620391,-39.055781050758426],[-67.55405525470155,-38.670928011367316],[-67.60895232093526,-38.416823062256256],[-67.50125520222853,-38.16105276905641],[-67.40724114782097,-37.91686547565257],[-67.38538644275368,-37.6587167723897],[-67.46728341443759,-37.32141418265276],[-67.67156850674425,-37.08039270935937],[-67.75980828373591,-36.890545172970945],[-67.74169956443637,-36.44219425877137],[-67.75249025972485,-35.99942391497294],[-67.75901104227327,-35.73590255034843],[-67.62556865725631,-35.453209547290754],[-67.64970034041622,-35.01345364225754],[-67.64958057426695,-34.977415181412276],[-67.64723329476907,-34.542845544413346],[-67.67595718658283,-34.15127890531707],[-67.698371150197,-33.8749479958678],[-67.8346772716164,-33.339680551197134],[-67.71804497581552,-33.01016212031934],[-67.67494888401093,-32.763762581318],[-67.8604109697739,-32.297140779527645],[-67.96035922233932,-31.876985128794516],[-67.91874510973007,-31.755243099976497],[-68.0135277104226,-31.288338267655128],[-67.96937933135938,-30.977402238129777],[-68.05014000114677,-30.825307716556047],[-68.21661467167047,-30.782138991585814],[-68.21990221016415,-30.614849228442125],[-68.27515563895282,-30.410766026533757],[-68.19587839721518,-30.308234932832878],[-68.03821503451161,-30.205363622122395],[-68.01562083154579,-29.985200636388473],[-68.0902264676226,-29.557950938724307],[-68.0984525501808,-29.312744328281735],[-68.1005872602693,-29.24687191167971],[-68.09846401009118,-28.76284429600601],[-68.29062917066767,-27.5131485981703],[-68.52687997821741,-26.390169891426165],[-68.65963484552735,-25.547621987407954],[-68.81565710421435,-25.01024763080595],[-68.90934123497193,-24.79590364354497],[-69.0342446859157,-24.509148964090933],[-69.18350724433999,-24.33645577914538],[-69.85387425852966,-23.991145013105612],[-70.00886718067277,-23.857109749340015],[-70.15820038428326,-23.47685384514518],[-70.32306324396878,-23.262513179431696],[-70.58503880422242,-23.135733364767752],[-70.82664722920114,-22.976796186948647],[-71.0597076189866,-22.833423387541767],[-71.35279364331261,-22.65828864923318],[-71.76970336559066,-22.394704883778218],[-71.91568405338046,-22.300380423176243],[-72.0916669966068,-22.186548956292434],[-72.49979887219042,-21.970164631728412]],[[-78.29451422952579,48.68505092422927],[-78.28505637067832,48.545576769515925],[-78.28184590556633,48.432750647936025],[-78.28514542039578,48.34687257364946],[-78.25242113923278,48.283983711528215],[-78.18375413917488,48.24422539095632],[-78.04882627277205,48.244412025140186],[-77.84775452326242,48.284542893701094],[-77.64858981951978,48.34673545581415],[-77.45131996337845,48.430856384386054],[-77.24048455458438,48.555213119658184],[-77.01591723586706,48.719313274288076],[-76.8443692271275,48.86781632659068],[-76.72578165263228,49.000941547414975],[-76.63451851820169,49.13906122282013],[-76.5704403741796,49.2820983634964],[-76.53964729595529,49.45665713588797],[-76.54154591766374,49.66216120986919],[-76.49564606362446,49.79968230470616],[-76.4028316350294,49.87018403648637],[-76.34818923631427,49.94841581653055],[-76.3316010342429,50.034312351917606],[-76.23511345627779,50.130229737703175],[-76.0588520208992,50.23606284874718],[-75.92796831082391,50.351339056610364],[-75.84225839784929,50.47593615762786],[-75.757189535838,50.5470035013801],[-75.67299946628481,50.56495480742672],[-75.60617307597647,50.60367209433447],[-75.55665272684521,50.6630668612166],[-75.4706107061985,50.70033823480384],[-75.34811154549959,50.715577072408365],[-75.19799900602621,50.77029178436866],[-75.02026068776178,50.8642425298761],[-74.93042115222357,50.910617307926046],[-74.92847357852747,50.90966213262638],[-74.92758421886025,50.90506912412678],[-74.92775149315031,50.89683640854196],[-74.94097404679627,50.88326055556707],[-74.9672513976359,50.86433344197193],[-74.9934353403346,50.853672651041826],[-75.01952866784255,50.851288048670305],[-75.03124346982813,50.83586139073435],[-75.02855849859276,50.807370195867655],[-75.06931855859497,50.757902281600806],[-75.15350291935414,50.68734227208677],[-75.19232762862765,50.63733048508539],[-75.18581121760836,50.60798129664937],[-75.13032896291502,50.63345867495754],[-75.02586001554019,50.713608660190985],[-75.02278248751196,50.712336941765955],[-75.12108338036312,50.62963204935943],[-75.16053704068408,50.58589226866674],[-75.14119848301625,50.581306216969736],[-75.07835450905432,50.61492877079678],[-74.97198406785101,50.68661852977695],[-74.87329029976921,50.78310454662899],[-74.78208830621755,50.9041194053655],[-74.62595313808507,50.983291749533706],[-74.40516838796606,51.020990289060016],[-74.32039970566458,51.049915032618976],[-74.3715470207898,51.070094520711436],[-74.3941856688889,51.102888656790455],[-74.38829222379734,51.14825049935796],[-74.3316489578297,51.19398997365769],[-74.22431716202543,51.2401047613415],[-74.17956670960488,51.272491376400446],[-74.19737018182715,51.291200503762916],[-74.16041046231824,51.29798790585907],[-74.06869379862083,51.29286286441443],[-74.0029352877155,51.305998885281106],[-73.96313433480962,51.33736843373546],[-73.97999592041472,51.383020818682695],[-74.0533763529904,51.44288072388057],[-74.18672789455661,51.48762864572078],[-74.38009974364836,51.51734245070982],[-74.53400153388549,51.508157395302995],[-74.64855226645842,51.460031920841324],[-74.83493742692193,51.43341264521715],[-75.09315781132982,51.42836607886322],[-75.25776859190314,51.39929836406972],[-75.32873155924872,51.34612875465959],[-75.42317755309199,51.30559086539341],[-75.54115251194284,51.277743981639205],[-75.62078803327519,51.24425953333381],[-75.66204213667031,51.205115998636344],[-75.69601181786432,51.19923435246866],[-75.72268514562627,51.22663694145666],[-75.69026917898042,51.25666157405005],[-75.5988063012187,51.28929915661537],[-75.53412955974811,51.32577005810479],[-75.4962046997453,51.366058068806026],[-75.53365307281062,51.381664281906566],[-75.64650737163646,51.37263305597049],[-75.73228808842725,51.34386306885353],[-75.7909616138042,51.2952888832803],[-75.85489677364127,51.26141968439944],[-75.92412396733113,51.24231284938957],[-75.93023163511315,51.276199117461736],[-75.87308526775787,51.36287294443776],[-75.88812820706377,51.37027030307389],[-75.97543900115174,51.298458709174],[-76.20465383405991,51.164095259280366],[-76.57581884822649,50.966221352841586],[-76.7879878823519,50.83632122448415],[-76.84111706751523,50.77540075678649],[-76.91975792229002,50.736461674234505],[-77.02397533210085,50.71959955157489],[-77.13425737238632,50.67235189337739],[-77.25055837851608,50.594559703229436],[-77.33358242505601,50.52363021006631],[-77.38330194613698,50.45961835569867],[-77.34312484662199,50.44642918805763],[-77.21313724794366,50.48413600208183],[-77.08292623467233,50.540727189344395],[-76.95245299822868,50.61608536350478],[-76.85001880591756,50.66098562654772],[-76.77564245923531,50.675578194799215],[-76.7240622112388,50.66490927426402],[-76.69522442195452,50.62894905484391],[-76.7872250044547,50.52665625961926],[-76.99988919703549,50.35728463927563],[-77.11442383708166,50.24821768281971],[-77.1310058596859,50.20017648185531],[-77.21437174332878,50.12993960691412],[-77.3645413556007,50.03734020405013],[-77.46632792570158,49.943862588334106],[-77.51961630958655,49.8495006757844],[-77.64285033653869,49.721558167665144],[-77.83596764981698,49.55958739017265],[-77.9555708749359,49.43538928207263],[-78.00175006936398,49.34945831652383],[-78.02107221137193,49.26151311109181],[-78.01347003286938,49.1715375449512],[-78.08214783261921,49.033905434616955],[-78.22687866608241,48.847956691520956],[-78.29451422952579,48.68505092422927]],[[-73.05715279121108,51.55856807980291],[-73.10744403324807,51.52559935145258],[-73.13554304677888,51.49239854754498],[-73.14142891020083,51.45896491236605],[-73.16622937174942,51.438426376648145],[-73.20997308633018,51.430813699794484],[-73.34548560901365,51.43103948562741],[-73.57273690387105,51.43910352930332],[-73.70735835271863,51.45722086772036],[-73.74934036152521,51.48537039590175],[-73.82396609340509,51.45427989634601],[-73.93119804149836,51.36373557526903],[-73.88138065260408,51.29132513147003],[-73.67436265136749,51.23720169048947],[-73.55807363065317,51.18490119415137],[-73.53265896064549,51.134435100548174],[-73.4057391718881,51.08555521275946],[-73.1771951450502,51.03827078969198],[-73.05097133938611,50.95554319320258],[-73.02689627715178,50.83704249549747],[-73.01649696142965,50.776625986431924],[-73.02014284917686,50.774687248150926],[-73.03613033903811,50.77766485535747],[-73.06445504354738,50.78555717911557],[-73.08282497585597,50.79575230254183],[-73.09123948423374,50.80824760847896],[-73.1211269801502,50.80165532090832],[-73.17249435311746,50.77596141234497],[-73.18010479880965,50.74129560948164],[-73.14389152215033,50.6976234231495],[-73.13565316607261,50.645407841189204],[-73.15538522306723,50.58459989140281],[-73.22249544989867,50.48565665139188],[-73.33682785248423,50.3481654277723],[-73.44804917503058,50.26360688466855],[-73.55640590476283,50.232470183757464],[-73.64214264644896,50.1804919445467],[-73.70517888193864,50.10755572147904],[-73.80300233080747,50.05983610605657],[-73.93569850178044,50.0374624506861],[-74.0525385220486,49.97634839988608],[-74.15340388625758,49.87624201633753],[-74.16034860550303,49.80243299558455],[-74.07336781292128,49.755128110940426],[-73.91731301445351,49.78805733463198],[-73.69231919494209,49.90094333887086],[-73.59531283532465,49.96124735880187],[-73.62625131214499,49.969303439150075],[-73.52743981584597,50.001374215127235],[-73.29897307364934,50.057377831734456],[-73.15230448982462,50.07699820072312],[-73.08732408510095,50.06031142195117],[-73.04216565393844,50.00705293697854],[-73.0166468686313,49.91701512713926],[-73.04522110750428,49.72801651310204],[-73.12664050628733,49.438091573069045],[-73.10650326824523,49.302809272896425],[-72.98627684705558,49.32434410397755],[-72.87786346194277,49.36673541360417],[-72.78123371413088,49.42989248468994],[-72.65250359637741,49.4841443057512],[-72.49172632760339,49.52954008817839],[-72.33906345105783,49.68737333015116],[-72.19344329036119,49.95579800924158],[-72.05618284664997,50.13655666155041],[-71.92826709081754,50.23130258622107],[-71.76169384942875,50.330179296319514],[-71.55654055088303,50.43313962084639],[-71.43231945504537,50.55365439912608],[-71.38864629783019,50.6914875445115],[-71.38514043301981,50.754916787947195],[-71.42215297566048,50.74446250876293],[-71.44708564753552,50.77858693479083],[-71.45978141527021,50.85712102729071],[-71.49594883169756,50.90035373474845],[-71.55573460010585,50.90845515457108],[-71.57264310374597,50.92001611049749],[-71.54668219199414,50.9350321124445],[-71.44793905125874,50.94049530672342],[-71.27640408195782,50.936411553758106],[-71.21198297629645,50.916112760895274],[-71.25467522499312,50.879561968600626],[-71.27194816155507,50.828674935529726],[-71.26370755829218,50.76337036012556],[-71.23573711751476,50.71851090838005],[-71.18811273791752,50.694199028525276],[-71.13046992452887,50.69369805536801],[-71.06284536967982,50.717009310296426],[-71.09160219411014,50.69103391037588],[-71.2167270386439,50.615629928753506],[-71.22245468829205,50.586039916701495],[-71.10880843621278,50.60241359274047],[-71.08567214927642,50.57013845681877],[-71.15295240586408,50.48904162316571],[-71.13882418504639,50.47316089165964],[-71.0433694736229,50.52260973009514],[-70.96092181819894,50.55047084972651],[-70.89147935124136,50.55681005529231],[-70.85733572215,50.539117026647766],[-70.8584483291219,50.49734506277842],[-70.76619609849696,50.451986670860805],[-70.58044866199913,50.40302434453497],[-70.43916761110246,50.41417823718315],[-70.34249871514278,50.48537531153106],[-70.31055801120006,50.546462565738686],[-70.34328883334948,50.59750666316053],[-70.31541619494948,50.63334021971865],[-70.22703314406724,50.65402302884897],[-70.19343550805345,50.64618476501619],[-70.21458979980538,50.6098007334251],[-70.22239103671245,50.5924835442748],[-70.21685852901804,50.59426962500985],[-70.20847172945781,50.601919896977535],[-70.19722852431659,50.61542942001961],[-70.18086980133437,50.62290497359388],[-70.15939797241997,50.62435152728808],[-70.15641956907673,50.6142469887518],[-70.17192824845422,50.592578486835656],[-70.12959183962917,50.57866780180052],[-70.02940757041516,50.5725268284544],[-69.98798448524762,50.5801036412632],[-70.00531665528528,50.60138681059011],[-70.00126882773988,50.61572175320846],[-69.97585692382953,50.62311942444774],[-69.95584276070551,50.63928878284585],[-69.941216140062,50.66421417686419],[-69.95031338771462,50.67511195588777],[-69.9831445866254,50.671999007667665],[-69.99877664111354,50.667333956247106],[-69.99720745687031,50.66111600108628],[-69.99149195053774,50.654124218029615],[-69.98162877914348,50.64635801016507],[-69.97784507465828,50.64255521364093],[-69.9801431550732,50.642717493347114],[-69.97692568517698,50.64130411194094],[-69.96819213526209,50.63831482354325],[-69.97610083198846,50.63510034496529],[-70.00065314375696,50.63166059641543],[-70.01537300133076,50.625013885497744],[-70.02025805791669,50.61515786097201],[-70.03410076827768,50.613655385377704],[-70.05689959262969,50.620507842427365],[-70.06062632119483,50.64573019321745],[-70.04525077347733,50.68927131464059],[-70.06177828433816,50.71930862196005],[-70.1102255020306,50.735886884763055],[-70.11326327044428,50.75138595752395],[-70.07091152864774,50.765807683164944],[-70.09129214577491,50.78496293001061],[-70.1743629732117,50.80884159375918],[-70.17555890592337,50.824214976141235],[-70.09492500380635,50.831097635453894],[-70.09182324091549,50.85168775390848],[-70.16618722846161,50.88595380290847],[-70.16172373906721,50.929555382582656],[-70.07848747862133,50.982446650506056],[-70.05124552697538,51.01960180026649],[-70.0799844598475,51.041086432191115],[-70.12126008280124,51.049630286052505],[-70.17509398561062,51.04524585357412],[-70.19370049384825,51.03145863642145],[-70.17705933534155,51.008253981852086],[-70.1950846573204,51.000847379771514],[-70.24778648435726,51.00925203796281],[-70.26315592138761,51.025303976331585],[-70.24119448785305,51.04898933423956],[-70.25073160814662,51.06744868661907],[-70.29176194106438,51.080692914745576],[-70.28880673834414,51.10497558527979],[-70.24187057556257,51.14026628884788],[-70.22774242440305,51.16922084785236],[-70.24641131437093,51.19186001721162],[-70.2840968030246,51.192269072713124],[-70.34082217722438,51.170449051377865],[-70.35772273122504,51.16999740518182],[-70.33478912660621,51.19091523387553],[-70.34704184885729,51.220577006973286],[-70.39442517551151,51.258953063894346],[-70.40763696029252,51.28395968663199],[-70.38673685321466,51.295635076094705],[-70.34780493012406,51.303006515518824],[-70.29084327341116,51.30607764427741],[-70.29782628531791,51.307955933057315],[-70.36875112848084,51.30864163916109],[-70.41097935281138,51.31931189363476],[-70.4244976238228,51.33995445522615],[-70.42140792699021,51.349816805394056],[-70.40172401311237,51.348911172570155],[-70.37337073053241,51.353835542704275],[-70.33635102370954,51.36458660946723],[-70.32033017915829,51.37061786035142],[-70.32530538348493,51.37193257508424],[-70.34349305361216,51.368090705264876],[-70.37489525137352,51.35908996640892],[-70.39977801244908,51.3566811657331],[-70.41813793383861,51.360866133242695],[-70.42509566686313,51.3687869915895],[-70.42065012931835,51.38044032928624],[-70.41097920754382,51.38586986900782],[-70.39608528069424,51.385079508238135],[-70.37580662847309,51.38537328164367],[-70.35014386747395,51.38675115246664],[-70.33744864001046,51.387637538964746],[-70.33772050093152,51.38803249141758],[-70.3425687387204,51.38834442314372],[-70.35199332771049,51.388573337132335],[-70.36539718328771,51.38813750495102],[-70.38278056996849,51.38703689315593],[-70.3987270863768,51.387661929050054],[-70.41323589738101,51.390012488135035],[-70.41490960086858,51.404454557651135],[-70.40373588918193,51.4309679713063],[-70.39933653364625,51.444305280798496],[-70.40172443886185,51.444486805090364],[-70.41668300736384,51.43218600598548],[-70.4442067736028,51.40738510227906],[-70.45811282489944,51.39725013785139],[-70.45840611880006,51.40179830224536],[-70.46099242873785,51.401023921425754],[-70.46587178409042,51.394926519237856],[-70.4689741215199,51.393172157177844],[-70.47029972031153,51.39576171523198],[-70.4684811887052,51.39901752239584],[-70.4635186319327,51.402939328046145],[-70.4627326423602,51.40454577359866],[-70.4661233446088,51.40383728874877],[-70.46104796802895,51.40914164444684],[-70.44750550611307,51.42045515523118],[-70.44350234930972,51.42868139602557],[-70.449038450317,51.433823301321624],[-70.53898868921011,51.431409429215094],[-70.71337564685763,51.42143766858385],[-70.78318105193995,51.42893709487657],[-70.74838017211971,51.45389255142929],[-70.76431086744792,51.45742666086671],[-70.83098498486564,51.43954819405658],[-70.88601476443348,51.435799598467334],[-70.92938270802318,51.44618700924405],[-70.9144052046995,51.45357060998324],[-70.84109506913018,51.457952967783555],[-70.80701315450249,51.46087463231037],[-70.81215533731326,51.46233609814871],[-70.83929774695092,51.46326647135514],[-70.88844026435731,51.46366580922042],[-70.92333478664563,51.46232866463776],[-70.94398223451533,51.45925476834788],[-70.95751317852351,51.458890915694774],[-70.96392663051165,51.461237221001],[-70.98721370965494,51.45753416227929],[-71.02737783976269,51.44777914225877],[-71.04572943203152,51.45026312505161],[-71.04226080455331,51.46498258824677],[-71.08333052837453,51.46012372486692],[-71.16895746267906,51.43567550378677],[-71.21420120580066,51.42497777670777],[-71.21904708359301,51.42804758528722],[-71.1866099713129,51.43833569797402],[-71.11689963053549,51.45583351907761],[-71.10593150501202,51.466426746821156],[-71.15369348471076,51.47012385140625],[-71.13034792040453,51.47858845974278],[-71.03591057372226,51.49181588868938],[-70.98950087758904,51.49891403080797],[-70.99110579554059,51.49988793732509],[-71.02914042629423,51.495667404574455],[-71.10361234655787,51.48624988471976],[-71.15179175845577,51.47898507321459],[-71.17367203741145,51.473874788037705],[-71.1931203497618,51.471185335500564],[-71.210135852453,51.470917471244],[-71.17224379455966,51.479858673078155],[-71.0794593137662,51.49799938676299],[-71.05514363710832,51.5165471294404],[-71.09926107298664,51.53550099955575],[-71.16982529610084,51.52026534354394],[-71.2668629531844,51.47077950057801],[-71.3390962388382,51.45887959853814],[-71.38648588104346,51.48461757310445],[-71.37403429301618,51.4923368358516],[-71.3017617753486,51.48205352875762],[-71.26368571157893,51.48521587438491],[-71.25981308805945,51.50181893592619],[-71.23763693313666,51.517856038507155],[-71.19716592712464,51.533328220692454],[-71.38415700077034,51.55113727613549],[-71.798481079721,51.57127833835924],[-71.9835772663823,51.58869809369157],[-71.93957552192943,51.60340205228028],[-72.02417849833431,51.603139922772556],[-72.23742210583852,51.58791124639352],[-72.47944356187969,51.603503094352725],[-72.74997312435438,51.649859304110876],[-72.91083668139099,51.643615470517474],[-72.96221832569559,51.58473308726274],[-72.99891841926507,51.56019144908868],[-73.02097790054638,51.5700891790523],[-73.05715279121108,51.55856807980291]],[[-71.43864318084553,48.64640689002809],[-70.88870357253681,48.825728902119],[-70.48796789364525,48.96597066574232],[-70.23601651990175,49.0676683950759],[-70.10450647534137,49.14343897842743],[-70.0932959322914,49.19347910110015],[-70.1376608197282,49.20558930346157],[-70.23765940937008,49.179816255410714],[-70.36090724338061,49.17466415560476],[-70.50735607809715,49.190143802956776],[-70.76164248257278,49.18032045775822],[-71.12392156948987,49.145168854078136],[-71.3758139118364,49.09551420768067],[-71.5172213920647,49.03128378115255],[-71.50309151398329,48.98672532396394],[-71.33333865937739,48.96192754794478],[-71.26256756589721,48.947972175192724],[-71.2908388603452,48.944874411754796],[-71.56394476672216,48.96447175777099],[-72.08160006486699,49.00671958783961],[-72.47564517885895,48.97847640116556],[-72.74648346463182,48.87954190967794],[-72.9065953404932,48.803875357310886],[-72.95584026881704,48.75165432943695],[-72.9926541194586,48.72618568640634],[-73.01705917032169,48.727537162555215],[-73.01443557220301,48.74260754216648],[-72.9847776708866,48.77137632480538],[-72.98581460993123,48.77054972704906],[-73.01754579913721,48.74012531883754],[-73.16019837211415,48.697176758496376],[-73.41387873605153,48.6416508734628],[-73.58418024119409,48.57502514974133],[-73.6709651486341,48.4972273635248],[-73.72436991270962,48.48190271125487],[-73.74438072594754,48.52914502801506],[-73.82938377422167,48.54286616923881],[-73.97945677875596,48.52311120619409],[-74.10462663591231,48.53133830204746],[-74.20480287631541,48.56752488270844],[-74.25679292287367,48.57416345827425],[-74.26065282311392,48.55127329634929],[-74.29148942955463,48.536446438084134],[-74.34931513607718,48.52969463640414],[-74.37470779776272,48.516167464157185],[-74.36765458814773,48.49585593754941],[-74.3923912283728,48.479335633656696],[-74.44893197785207,48.46661269916013],[-74.52511778261614,48.419322821404165],[-74.62090450068813,48.337306411328406],[-74.63641274902494,48.297092673956286],[-74.57168305877435,48.298845182839486],[-74.46933684572679,48.26257766073214],[-74.32915794703389,48.18815661381772],[-74.22885890786527,48.16518987082776],[-74.16865809145258,48.19379138605006],[-74.15067036038911,48.19586778754377],[-74.17488750708918,48.171424379126115],[-74.15315161548591,48.161327470368306],[-74.08546995062596,48.16559100659562],[-74.13731935611312,48.15118054814264],[-74.30873838744493,48.11807021647286],[-74.37305914340484,48.09526034739526],[-74.33023176465801,48.082773528901555],[-74.27325967470027,48.08747891825069],[-74.2021595129831,48.109368767550166],[-74.10364307763271,48.10168166194575],[-73.97762672738541,48.064395801968615],[-73.79445517680257,48.07221871044568],[-73.5542902524359,48.125116614935436],[-73.37696674568473,48.146081456401625],[-73.2623825131935,48.1351774151116],[-73.07259790091761,48.18476341764307],[-72.80772696921802,48.294551215860785],[-72.43479667230125,48.401192374336205],[-71.95406090647472,48.504715964262054],[-71.43864318084553,48.64640689002809]],[[-76.41277846851295,53.11797731981331],[-76.56763460984851,53.05607299686],[-76.64161891379857,52.9847225686626],[-76.7708331471351,52.918125140705875],[-76.95541383591438,52.856322604261216],[-77.03007661085356,52.824594893133714],[-76.99476369742356,52.82306317529325],[-77.30460520420668,52.75686504813058],[-77.96038515034715,52.62546012663722],[-78.73606167609003,52.40007482681449],[-79.63201305305736,52.07810222752665],[-80.07739767955144,51.91427813839686],[-80.07108877108955,51.911762498276346],[-80.05706895489827,51.91142023000384],[-80.03533911490436,51.913251422266065],[-80.01276862117261,51.92275861683971],[-79.98935417306183,51.939933110805775],[-79.97144357047219,51.94327722162605],[-79.95903457059286,51.93279647134915],[-79.95601547262982,51.9344454912755],[-79.96238455140502,51.948221893404636],[-79.96293642198614,51.95515556705449],[-79.95767788683793,51.9552521785463],[-79.95432400365569,51.95191666415761],[-79.952873286971,51.945147655449304],[-79.93473020214866,51.95154133341145],[-79.89989485516008,51.97108764318597],[-79.82259365366723,51.97172019517071],[-79.70278671332397,51.953440420651674],[-79.40574954932575,51.99007381783286],[-78.93190515850279,52.08137983514726],[-78.68153382386123,52.11423086643346],[-78.65422334239327,52.08885777761935],[-78.7225988371046,52.02467248127379],[-78.88662545473362,51.92137534130197],[-78.9027528862294,51.882416068355134],[-78.77107476692457,51.9080944605306],[-78.71855225601925,51.933029925729755],[-78.74512978202696,51.957224607468596],[-78.70340415798171,51.94018829988597],[-78.59321190930797,51.88183704182533],[-78.3643449110817,51.896798532235636],[-78.01720970004969,51.98494218178861],[-77.76087091070761,52.0329105309091],[-77.59512771414927,52.04093351203874],[-77.39634819195385,52.071732910479646],[-77.16461291646783,52.12522434684654],[-76.88025531759106,52.21496275814302],[-76.54334136592814,52.34055296345567],[-76.25728526961582,52.421220985446105],[-76.0220097606389,52.45740719245109],[-75.86453324577126,52.46308495869284],[-75.78471918241499,52.43827565008147],[-75.80044393500721,52.42275012873014],[-75.91176443597922,52.4165261874599],[-76.05020630548823,52.38170820784241],[-76.21579893198965,52.31817373983014],[-76.37317251757872,52.24858631159162],[-76.522289504893,52.172895737942206],[-76.63629079967207,52.09774194559591],[-76.71510319889781,52.02313161335798],[-76.65133474130626,52.02186462752702],[-76.44512627021678,52.093952153770275],[-76.39149169710146,52.10530531929171],[-76.4903644170629,52.05600718284507],[-76.53361518223356,52.03259239943403],[-76.52124240460394,52.035134001694836],[-76.4948870486638,52.047461159026184],[-76.45454794921919,52.069559374536404],[-76.40352905058317,52.08504101631256],[-76.34183696347692,52.09391839622011],[-76.25744476425142,52.09333933163452],[-76.15032825583157,52.083303162284636],[-76.06108602611639,52.059826711352216],[-75.98965998559203,52.02287198867179],[-75.93900715712462,51.95697129889477],[-75.90891347422168,51.86189645946154],[-75.81261808992431,51.81925182049283],[-75.65043156888322,51.82930390292827],[-75.50620304654734,51.81311125192946],[-75.37978702164958,51.77062347191245],[-75.17851526953166,51.79418844698495],[-74.9026473632844,51.88362216538186],[-74.6230133940093,51.92909622039076],[-74.33948501534908,51.93084770919125],[-74.0688642954266,51.94826700151732],[-73.8112370864595,51.981321510102575],[-73.73145207469003,51.948895603071605],[-73.82929571046697,51.85073513937645],[-73.75743073277442,51.795460484728146],[-73.51593244940638,51.783354431278454],[-73.4148717022077,51.79390978067397],[-73.45424621217632,51.82709823953914],[-73.41791338540949,51.868214301246],[-73.3059354000488,51.91721907278467],[-73.25465224808362,51.95386980309796],[-73.26403013091095,51.97822022696636],[-73.29563341337389,51.9780223355524],[-73.34948402538804,51.953275547452314],[-73.36001356103584,51.96270296621309],[-73.32718885614564,52.00626607490981],[-73.27640795633245,52.02798778029629],[-73.20770122161612,52.02792488750924],[-73.15576059669382,52.04046266936996],[-73.12058188880428,52.065582149646076],[-73.14178561366067,52.087273159305],[-73.21934634810609,52.105544602045896],[-73.27447628800306,52.105221880388704],[-73.30720438118017,52.08630427032665],[-73.3487140946709,52.09126915170326],[-73.39896241829787,52.120102230321244],[-73.39489227519587,52.16315495200387],[-73.3365061822543,52.220353117998535],[-73.25485645807653,52.275437268788714],[-73.14998821612203,52.32842083210975],[-73.15885199523325,52.40497745947176],[-73.28097810699008,52.50488477956334],[-73.25772762344265,52.61262531639907],[-73.0894746145381,52.72808945607456],[-73.1645898481805,52.78074501602088],[-73.48321038079058,52.771005769648106],[-73.69984193513551,52.776891706565756],[-73.814387910201,52.79839124188804],[-73.89709155471819,52.85237510367052],[-73.94771171772192,52.938621580740104],[-73.95353709076296,53.036153828879684],[-73.91456143821728,53.144827784548255],[-73.90787510728191,53.23068696871867],[-73.93362480404328,53.29398056027921],[-73.99656655302441,53.31843319033258],[-74.09687020756805,53.304168502679595],[-74.15105785673846,53.31012445824597],[-74.1590876401727,53.33628533745825],[-74.20586150868127,53.338664793851976],[-74.29141962042203,53.31727022587439],[-74.34479544280654,53.318497576364734],[-74.3659477440934,53.34234321765151],[-74.45090518713852,53.344608777456315],[-74.59972855671914,53.325300650848845],[-74.80529524953161,53.357521616002145],[-75.06698845008702,53.44105459780602],[-75.25178655526953,53.473687428663894],[-75.3602944446341,53.45563838180444],[-75.42380186743887,53.42715720097372],[-75.44224928652389,53.3882047911986],[-75.43075416128954,53.358245572549876],[-75.3893265289743,53.33731507818126],[-75.41515463186423,53.29674588817011],[-75.5082390053886,53.23643400477744],[-75.57786564198331,53.21541889248735],[-75.6240379347385,53.23380800295682],[-75.65017818555846,53.23005066553802],[-75.65629173580733,53.20413607373559],[-75.6855649350359,53.19143465543177],[-75.7380164755033,53.19196818790015],[-75.81347792804318,53.16657409703691],[-75.91194538009178,53.11516714003327],[-75.94285449814814,53.11021806788463],[-75.90617858421322,53.151756529914515],[-75.80533377171692,53.20808666940463],[-75.64037506949188,53.27910017640127],[-75.58279925775979,53.32911257525278],[-75.6325309478707,53.35825985754517],[-75.78199863973055,53.29233722267773],[-76.0310501382718,53.1305243693213],[-76.20212545397635,53.041789640695974],[-76.29544428341106,53.02697584714858],[-76.27149017868699,53.06398314848522],[-76.13019466455118,53.15256576639087],[-76.17723710553832,53.17050932895347],[-76.41277846851295,53.11797731981331]],[[-67.35988070014322,49.940288349791025],[-67.33820703238172,49.94214996684197],[-67.32134235752805,49.930099135061944],[-67.26170253568435,49.95277381632026],[-67.15930042625868,50.01009055476166],[-67.11191750061236,50.04088343430035],[-67.1195453769266,50.045239207081266],[-67.14908175514432,50.036882724199664],[-67.20053203901904,50.015802656425784],[-67.23466524609329,50.0068571601983],[-67.25147589964782,50.010057800316055],[-67.23231236217791,50.02597381086575],[-67.17717878138332,50.05458364199633],[-67.16691060328442,50.07513256630016],[-67.20149604910179,50.08763822137468],[-67.24766247341952,50.07204671689379],[-67.30541163258091,50.028311223251194],[-67.33922727150306,50.032717382919714],[-67.34905479743601,50.08524258373025],[-67.25960030947209,50.140128308084],[-67.070994198489,50.19736017735947],[-66.96718222954047,50.244137198012766],[-66.94807717687972,50.280511577633284],[-67.05189983143364,50.274244258643705],[-67.2787594003442,50.22530635867841],[-67.37892489687977,50.213176838091925],[-67.35230119247933,50.23790385054358],[-67.49162995999406,50.20587095528331],[-67.79709515672448,50.11688214595549],[-67.95911787690105,50.07821893793315],[-67.97751352448294,50.09009022119586],[-67.93688074953734,50.108889194115406],[-67.83724364357623,50.134601913959344],[-67.78556495820287,50.15135716795634],[-67.7818252631583,50.15917102210058],[-67.78991085260064,50.16307438945791],[-67.80982259990515,50.16306890830126],[-67.81741652346281,50.167990389455994],[-67.81269123524729,50.17783622894331],[-67.85002419255464,50.16510851859071],[-67.92942650289447,50.129776385301625],[-67.92712748099912,50.13859756682584],[-67.8431160765888,50.19153030683157],[-67.8076475216992,50.215416579265764],[-67.82072342373557,50.21033089446088],[-67.83592136090893,50.20107113572925],[-67.85324026519834,50.18763314330602],[-67.87195008755359,50.181047509493844],[-67.8920515201946,50.18131908903087],[-67.94051860646796,50.173655163862634],[-68.01736145412605,50.15804919736725],[-68.09054460177212,50.15160458033324],[-68.16005550354505,50.15432765338339],[-68.26034721696462,50.137603749789754],[-68.39145473861285,50.101397972027094],[-68.38452671773125,50.09845832580553],[-68.23956674627051,50.12879527951816],[-68.17397927420515,50.13028360756783],[-68.18771773013633,50.10292790981275],[-68.13092013743147,50.10752461819844],[-68.00362785635902,50.14405801140927],[-67.97238884974047,50.13212935148703],[-68.03714706252445,50.07167665026693],[-68.06004148580833,50.04764856871468],[-68.0410971003008,50.060138735775254],[-68.00632837280753,50.065751254212174],[-67.95573468624178,50.06449024320415],[-67.8900438697517,50.07690240658994],[-67.80926922009405,50.10296961957134],[-67.83455563947165,50.080928960372766],[-67.96590599663766,50.0106669937076],[-68.03069761213904,49.97383923569103],[-68.0289150136904,49.97057708826689],[-68.02538825883978,49.969610243850504],[-68.02011768251595,49.97093893814885],[-68.00879285333703,49.976886280136696],[-67.99141375617795,49.98744935200968],[-67.95113420582462,49.99102206030626],[-67.88795127176,49.98760705943857],[-67.93038522751975,49.96863013860362],[-68.07847818601512,49.9340599158226],[-68.17195362367319,49.919710404997275],[-68.21076887582068,49.92561238583305],[-68.24061886341966,49.945743689812915],[-68.2614747257242,49.98007395521215],[-68.26243884554158,49.99724559728075],[-68.24354361720387,49.99728989008956],[-68.23996561949114,49.9952486177358],[-68.25170509833596,49.991121327405345],[-68.25100419563789,49.98412039445989],[-68.23785910149253,49.974243680546714],[-68.2199765836206,49.978430837958435],[-68.19735861586034,49.99667561062601],[-68.20058684982841,50.001944658095304],[-68.2296644378178,49.99424525000185],[-68.2410062531557,49.99172464326224],[-68.23461078981344,49.994384226346405],[-68.2297151505301,49.99802920215066],[-68.22631903128755,50.00265918856552],[-68.27342341861548,49.998921434309665],[-68.37104019062747,49.986812611712836],[-68.44592497040655,50.001356335193016],[-68.4980054650109,50.04251139124171],[-68.86188945651409,50.023776615020054],[-69.53816902216064,49.94503239472553],[-69.94863110785755,49.867407094420685],[-70.092761964013,49.790911467674796],[-70.23236621349528,49.7408314167963],[-70.36745528564433,49.71730662938224],[-70.50406105461403,49.65869384293194],[-70.64213602428876,49.56477815898417],[-70.71401936838335,49.516800519370626],[-70.7197316026142,49.51499042524196],[-70.72227830979622,49.517358380283696],[-70.72165863207698,49.52390336036314],[-70.7517184280886,49.51918324010086],[-70.81246500274253,49.50319251304366],[-70.81340334987443,49.49355783484367],[-70.75452446705697,49.49028554500347],[-70.72291657780144,49.48973937918111],[-70.71858220235734,49.491919491294006],[-70.71734885103943,49.49824949331819],[-70.71921410412295,49.50872666907715],[-70.717832474712,49.51477919287723],[-70.71320640155447,49.516409834650894],[-70.6333172152666,49.490713546994606],[-70.47801160479779,49.437617666512466],[-70.2163855666809,49.44817482473213],[-69.8488082994803,49.5223157272495],[-69.5451580578146,49.562679324242964],[-69.30523647001229,49.569406409433334],[-69.11273325295507,49.566362419077834],[-68.96760458011269,49.553544265175766],[-68.858774879607,49.5160523954785],[-68.7861413531973,49.453790951135055],[-68.74663574658067,49.43416741971316],[-68.74037763422449,49.45726821945216],[-68.69010134886511,49.47708665168595],[-68.59582865481957,49.49362940095359],[-68.4624511967103,49.491257580626055],[-68.28990338926297,49.4699665531347],[-68.20853880870384,49.46925722734429],[-68.21839987915483,49.489131111027895],[-68.1913094523103,49.498272122974164],[-68.12727611394911,49.49669039843313],[-67.97948156769931,49.542405555579904],[-67.74801924710172,49.63519384133869],[-67.58899482802781,49.68389837619694],[-67.50232016834597,49.6887421809511],[-67.43118129695304,49.7136139555556],[-67.3755649925855,49.7584616035492],[-67.36077336591254,49.814860030585855],[-67.38670371814246,49.88274038728375],[-67.38636895117926,49.92451153795886],[-67.35988070014322,49.940288349791025]]]]}},{"type":"Feature","properties":{"NAME":"Unknown","ABBREVN":"Unknown","type":"Unknown","weblinks":"Unknown","SUBJECTO":"Unknown","BORDERPRECISION":1,"PARTOF":"Unknown","CONTINENT":"Africa","INDEX":4},"geometry":{"type":"MultiPolygon","coordinates":[[[[-11.15958074762949,35.920549542183345],[-10.698035886603648,32.52142109670027],[0.14640387851094458,29.285271994465553],[10.201659813093485,25.54432227617933],[14.738333922705605,23.507982833523556],[20.99080700996156,22.01498904460395],[26.915108711799792,16.557521348880233],[31.44006185356968,7.059893601645225],[31.35989828631471,-2.285609468373441],[28.774184845309417,-11.187242846400466],[25.223653725618327,-19.614427276288545],[23.905369292144687,-29.861783944507806],[22.10636350483845,-33.79353295035208],[16.098011115014632,-37.433838360881886],[15.923375710430713,-36.93024371277462],[15.699914466476413,-36.548942307423005],[15.5257384600846,-36.33011391702837],[15.342231528432716,-36.098654974797086],[14.920716251409385,-35.624630996430284],[14.73865245031975,-35.33540813319299],[14.607844954844627,-34.84056807297582],[14.475798408606506,-34.49242075073764],[14.4280412150976,-34.252189456557666],[14.485899419143138,-34.1211781241652],[14.515648519476128,-33.95538580349024],[14.333849520164426,-33.60211689608444],[14.252047201480314,-33.1765668128303],[14.333707396328728,-32.74767635767478],[14.342797616240217,-32.50745319383857],[14.136764676074652,-31.839165540712372],[13.963648595379798,-30.693017995915493],[13.936266331612805,-30.510808032491237],[13.930978471356722,-30.306333868296946],[14.06059257286825,-30.15225937725919],[14.112153912579613,-29.94095332123571],[14.11973414214342,-29.909834397681998],[14.08644150336255,-29.637282730596855],[13.98173554028371,-29.371306877604326],[13.559110003563486,-28.695113126124816],[13.418521092400505,-28.403339256083463],[12.969136724357208,-27.247796653114253],[12.623635508251924,-26.368284536103452],[12.248168687296486,-25.541803119897637],[11.828874123238572,-24.840843737386116],[11.616198145549225,-24.26008531320395],[11.566790674994778,-24.03931510735677],[11.55338288051391,-23.730781571851907],[11.566422897070025,-23.405959303826208],[11.607115458993558,-22.382226768804816],[11.608261008251803,-21.923386710641836],[11.60198934633637,-21.551648092088005],[11.781460201871447,-21.356689892246095],[11.882077538868167,-21.202209111015865],[12.004798666654366,-20.79503472393981],[12.084558543129196,-20.370158813053056],[12.14266882777245,-19.873565020276818],[12.179496159932944,-19.55708671169788],[12.295345812498757,-18.98699168713753],[12.44694655081181,-18.447425752566524],[12.712973936458155,-18.055416750449492],[12.799675113185291,-17.721268279292598],[12.921978300864058,-17.511812039359512],[13.209072759099667,-17.376994723670432],[13.331372225066827,-17.183799893359712],[13.525818929351667,-16.77991140552651],[13.69933682793558,-16.062402824142467],[13.728751858038743,-15.664367829996172],[13.715273800353742,-15.154883554066704],[13.637244563930004,-14.575701454508224],[13.551581393397205,-14.251266862202646],[13.336830659144685,-13.823749919014483],[13.129438526859307,-13.352204692544328],[13.015269565736398,-12.879171117095282],[13.080307943752478,-12.577120183941448],[13.296051842978402,-12.343301151190037],[13.36798294773024,-12.247999295679186],[13.41857483678829,-11.988325389959043],[13.418804149936696,-11.78868311052703],[13.418900591140954,-11.69378018003475],[13.333055431076957,-11.338302564559156],[13.11786587530352,-10.913048700766371],[12.977386196967133,-10.585078068020293],[12.924148208150061,-10.460759193192743],[12.838149274349483,-9.823815004225938],[12.75916085540861,-9.561720116338792],[12.637007738830691,-9.334513246706221],[12.342289131245662,-8.73051810701931],[12.310685364361294,-8.636608376207082],[12.169563561591273,-8.063314911253158],[12.175172331194267,-8.030255253102103],[12.241210503082046,-7.640609511713384],[12.205178907144473,-7.490963153395815],[11.981452422888648,-6.994197597849766],[11.931416746269065,-6.883260543959709],[11.757896616899037,-6.344965760538911],[11.14068924280167,-5.502958439688819],[11.123651547107396,-5.479692512280161],[10.871451695864407,-5.170337515834328],[10.633547573155282,-4.825276576383389],[10.517963854266037,-4.532838784987838],[9.927014143752691,-3.797599482134504],[10.056047704348078,-3.6016996222109494],[9.890338225872087,-3.4244229330928366],[9.653016052912221,-3.3895932689003314],[9.241429792086812,-2.483502352526487],[9.413604283099504,-2.2960661296073925],[9.463808780151918,-2.2336029996999693],[9.319516316169414,-1.9847585186313441],[9.110843704802353,-1.8963588194037297],[8.98071956272013,-1.540527369450839],[8.814780120527722,-1.2560063131715171],[8.958351528650052,-1.148673679814111],[9.202283224441457,-0.8895627845916022],[9.302429956221228,-0.6397892286056756],[9.43366037517618,-0.023798935427230807],[9.473342819789293,0.1626800346980698],[9.660359030228458,0.11868591005956326],[9.883248455548152,0.11044944743261659],[9.854210893237195,0.24403667657803405],[9.602123776404227,0.4660282293950268],[9.349896080600466,0.7503888495239632],[9.443302457480401,0.7773961801449512],[9.56536497097451,0.8579515625443198],[9.628517328532515,1.2472128526169108],[9.643450831879413,1.3392495836380505],[9.621497557303034,1.5262328252500634],[9.556670305232755,1.5794824981107867],[9.369612552668036,1.6412537311058222],[9.49841473907594,1.935517500179538],[9.699023808297087,2.2655259072741374],[9.84923767214919,2.6308932358556394],[9.878689892284289,2.884607807523085],[9.891597530892838,2.9957846938027672],[9.797405559773857,3.3334328459278844],[9.918287220859495,3.9559020693531153],[9.845410930021904,4.408551533204408],[9.758423317336518,4.73661147860734],[9.577798324667327,5.143979142831307],[9.771362994587665,5.392679717142621],[9.641438013294561,5.622580281991263],[9.533524589700669,5.657670766587039],[9.27480066940951,5.621460030359253],[9.022806686219193,5.78890537087241],[8.943283186948765,5.9922055300198265],[8.913779770395564,6.328177644752179],[8.863162284395791,6.460596310156],[8.625729996728657,6.548241258738326],[8.580233997580777,6.588403764313121],[8.496066022088504,6.662693658123102],[8.395365963744725,6.688879823586837],[8.316119772357059,6.768109703651958],[8.251699178956866,6.635451821342939],[8.316808950163646,6.450118556030763],[8.288239999210012,6.370489401151369],[8.130351226500409,6.246249469841977],[7.878767300009123,6.227802876393691],[7.4403663995954155,6.164584547964486],[7.16681758112925,6.3317502855561125],[7.037470617689295,6.3048478909395165],[6.915755786663249,6.074555390821848],[6.836829103324862,6.0035469730354665],[6.642628052992202,6.047195098198],[6.081857932423495,6.054346651157865],[5.8443231700995835,6.1951372630896815],[5.599289229735437,6.477274855160173],[5.4114160403315985,6.927102996575366],[5.324107738814887,7.332582786183884],[5.3452416292151375,7.491296621118868],[5.438274097849167,7.650144258128729],[5.373078482556218,7.834845715298491],[5.142935141582486,7.878168332618407],[5.084996143872987,8.036359839881639],[4.8756254770442355,8.378612592165654],[4.623267928230314,8.667665195659556],[4.349726517604056,8.824807860291793],[4.0618149028902755,8.98180689591877],[3.939121717968378,9.174278429571874],[3.709270797109565,9.129779129267797],[3.601950417057055,8.94535562054093],[3.4511267326528623,8.901056789059998],[3.4051352948520304,8.897858855092341],[3.0559026577066097,8.873574761192375],[2.760041525459368,8.855207368672925],[2.610368562751552,8.845914279905962],[2.0571662211011703,8.756526856350437],[1.9183701237712794,8.74158400514299],[1.7568298129918423,8.724191826177183],[1.5541852772455202,8.702372297222427],[1.3387343517480852,8.622714125155508],[1.1737228085823481,8.490502727148298],[1.1631237356063275,8.465953914815929],[0.9374884160428142,8.041512279498853],[0.8010470752069064,7.979534096678081],[0.5350694851821183,7.98753414785912],[0.08959931189190676,7.898202937543369],[-0.11862700002731269,7.783154787615374],[-0.20328600271671898,7.72181105745721],[-0.3001055698765892,7.651645362641179],[-0.47619897395316063,7.524002698636936],[-0.6067459773228345,7.429352611525201],[-1.1741901522548532,7.180780787226582],[-1.597850317062043,6.923648584670849],[-2.0285006384482185,6.569162618693068],[-2.2876965803613563,6.771502647797944],[-2.712358283126398,7.043846635496497],[-2.745406029796801,7.121165904664793],[-2.7989689248012626,7.24645298989829],[-2.9285667284384584,7.3694905930195755],[-3.022005256558617,7.360387874155221],[-3.086451243513811,7.210310106360019],[-3.1295421153691088,7.183721787760955],[-3.3452408570316408,7.200714776484216],[-3.6617112437943287,7.305578551594032],[-3.934960310631625,7.357645501488869],[-4.367009550579775,7.341931300182144],[-4.5675823612347415,7.334636031435658],[-4.991645216500305,7.3192115882780096],[-5.566532595882551,7.167577744055627],[-5.825153687999697,7.043301765798301],[-6.306427710728062,6.812383144020717],[-7.089135334582167,6.324145284440244],[-7.404970360116803,6.057904459472226],[-7.520012258489653,6.066399266482436],[-7.553804052897142,6.086433519636558],[-8.232503800163151,6.488625109958038],[-8.77956614115608,6.875561541146556],[-9.232886935274374,7.227099307695437],[-9.412841171512737,7.491010987088104],[-9.916532749650601,8.184846330247735],[-10.412729258656857,8.657765234189645],[-10.73623020022111,8.867400213305647],[-11.138769203287834,9.199317698575358],[-11.432812804533787,9.538743481259335],[-11.713654253139744,9.862598381528201],[-12.008197117135012,10.11501347509605],[-12.223720576753946,10.236551807183947],[-12.23804420759497,10.323739483776595],[-12.209214109898904,10.506931566618277],[-12.230717095078948,10.620142507242802],[-12.467725417676222,10.75007409162962],[-12.819507607359347,11.088313475492761],[-12.99171518664468,11.31372196191847],[-13.156625623274795,11.599632975270914],[-12.933793547152993,11.74768008263298],[-12.85461659510805,11.886539627449224],[-12.86886088294621,11.981749064350002],[-13.084181438011015,12.110915726094854],[-13.112814105896126,12.1800397253568],[-13.101670166524055,12.286004036303638],[-13.076418753087637,12.525790329223089],[-13.212339143208979,12.861808942051237],[-13.54897496907412,13.33422460865485],[-13.5984276125787,13.729103233895382],[-13.971318643706848,13.950899036072443],[-14.372701215157937,14.29207887220141],[-14.49438059595092,14.471181200967981],[-14.450847761491978,14.710288020867312],[-14.471994241667062,14.89776611086152],[-14.715959197149422,14.922602333140762],[-14.859358759330368,14.981797893747535],[-14.909395826851238,15.075292072769308],[-14.88027101092662,15.262485821259853],[-14.896041744617209,15.32274318177657],[-14.915837008366806,15.3983276302611],[-15.001943049765039,15.398072721687427],[-15.224195607770675,15.482325485720668],[-15.29557493622684,15.634838690938828],[-15.237551671729067,15.880718877965187],[-15.086225287410597,16.14337914189285],[-14.971107925391909,16.270419445838346],[-15.028291594846552,16.35467552253465],[-15.193099348280374,16.42169123153029],[-15.415510326521499,16.41262910842097],[-15.602310654004745,16.3108235127876],[-15.674043475834127,16.310600533222363],[-15.94616080864802,16.47856546738774],[-16.10345116373706,16.655081693000383],[-16.13169796612868,16.7981043160426],[-16.274999696192317,16.848154786715046],[-16.414264316411792,16.929534942393413],[-16.41818066055294,16.93182206430736],[-16.539681297480552,17.065912904444918],[-16.61058658778718,17.309019636752915],[-16.559524287072517,17.560433254164376],[-16.59530097617562,17.88604387266149],[-16.60098403793348,18.00307341107978],[-16.599659184741856,18.03039220484319],[-16.58551257222602,18.31134087737835],[-16.506228847349167,18.428000774516768],[-16.312542815258777,18.461809279527184],[-16.269189415230098,18.55331912888242],[-16.2711937435356,18.58784980379957],[-16.273491882271927,18.627481040263756],[-16.282672439474194,18.785607752076494],[-16.44692281073273,18.942556481073968],[-16.475236030995344,19.033508721574723],[-16.495891137033396,19.248377933458865],[-16.659206083424834,19.619007710074673],[-16.829952347725076,19.9063734357175],[-16.993953723695466,20.086493972532963],[-17.201231810639204,20.192487507229185],[-16.956765823033493,20.389661258006004],[-16.625271084589457,20.823323237456194],[-16.35044794256174,21.401187204689627],[-16.190710454617463,21.87079217881847],[-16.134993135184384,22.341697678229167],[-16.101084620982782,22.627025202693652],[-15.832573761812414,23.362280062877158],[-15.737151783900265,23.822801274162085],[-15.662198104408892,24.454245613413143],[-15.71594287108294,25.065466521529032],[-15.834877026207444,25.501554007131787],[-16.096752453675133,25.911895749443328],[-15.97428748760025,26.06682574852502],[-15.887080671123247,26.298450611467032],[-15.840553806901687,26.828389299317095],[-15.859649889612879,27.118676492427635],[-15.929489772108697,27.3089531062437],[-16.268337190375778,27.74821899668937],[-16.39627180784158,27.80839713217685],[-16.57685663543663,27.57316186422462],[-16.59730778385939,27.67921306036883],[-16.59542102651071,27.883463712942074],[-16.547009845251644,28.2512245782858],[-16.50304099863325,28.583175245723957],[-16.383984841987044,28.873580929335784],[-16.31291067103292,29.046440459095976],[-16.074614626156297,29.336707682428745],[-15.850525640006797,29.633169136938807],[-15.733682408049125,29.89875542970029],[-15.170599917912611,31.21909429870571],[-15.062409615177089,31.341956005774485],[-14.429331381300162,31.93884918394048],[-14.269957801969536,32.188679615582494],[-14.22948261918439,32.6494825798734],[-14.08794216710108,33.14761231118109],[-14.075463392581028,33.19133843825029],[-14.046361448521079,33.242471197443784],[-13.772517984836071,33.721928430431255],[-13.59356219956187,33.88873145456791],[-13.41522174215509,33.98599650550159],[-13.043995207414206,34.23517615942554],[-12.878834862669706,34.47597647726818],[-12.719832880087246,34.852161528808956],[-12.519400543523416,35.26084225593704],[-12.453297498970956,35.39506567788144],[-12.260372128801741,35.59081596574697],[-12.075675349584344,35.63156114129347],[-11.514468216878184,35.76706343033929],[-11.15958074762949,35.920549542183345]]]]}},{"type":"Feature","properties":{"NAME":"Unknown","ABBREVN":"Unknown","type":"Unknown","weblinks":"Unknown","SUBJECTO":"Unknown","BORDERPRECISION":1,"PARTOF":"Unknown","CONTINENT":"Europe","INDEX":5},"geometry":{"type":"MultiPolygon","coordinates":[[[[-17.888971229359992,61.76660211685657],[-17.83246621923088,61.793671737540095],[-17.677508745583204,61.82347290395776],[-17.382224695803806,61.821055412110596],[-17.15005794415784,61.83742113982019],[-17.24812507191405,61.87492547535741],[-17.353026116494558,61.93098885459946],[-17.218846824001268,61.98701415547508],[-17.127465732015832,61.98709727253588],[-16.846963974947904,61.91810865740049],[-16.629076120661257,61.910302516334546],[-16.516328216365757,61.93710594147751],[-16.5580969534727,61.979658032333234],[-16.733201220517692,62.04045725760736],[-16.59215428990551,62.080173645374124],[-16.26919475892276,62.04353031860218],[-15.960012585937298,62.03059483689851],[-15.735497187761677,61.98573682690933],[-15.630884831950583,61.89517681262984],[-15.70175348995835,61.828021275403245],[-15.87090296490127,61.7793234897959],[-15.625797661815543,61.64370150395596],[-15.414424109661828,61.70385360358503],[-15.287709381406694,61.725712891589026],[-15.069596147458626,61.744896973284916],[-14.89359349981019,61.774839230322385],[-14.858176718398683,61.80995566931198],[-14.857140230821603,61.93864640921186],[-14.65993356478596,61.9787651329745],[-14.526998289797886,61.90423733746908],[-14.407864542183447,61.85342630677934],[-14.260482491803634,61.81860060632935],[-14.190182100660213,61.8159757876783],[-14.119723326554299,61.837576033873226],[-14.175393251523703,61.91257941411148],[-14.083788424857778,61.939367804427256],[-13.992350783958543,61.944783404101685],[-13.710921988963465,61.97166316290451],[-13.514620705161436,61.89982987713287],[-13.35319894649538,61.859786355642434],[-13.177494019020951,61.84921103231841],[-13.149168913516252,61.87875333564975],[-13.232892986198387,61.96678564969032],[-12.909671489700592,61.94312426235738],[-12.438725559714946,61.930227763302916],[-12.171447945244854,61.949135819103304],[-12.01652546308397,61.986526519944476],[-11.980525901213015,62.10282495541989],[-11.601031152430846,62.090019538867544],[-11.418785587015778,62.01360564637756],[-11.067608931361322,61.96081357112053],[-10.842656263199874,61.95836249046223],[-10.765547988474653,61.918432489138866],[-10.878516746444829,61.82715576176105],[-10.632658476929683,61.77885022096599],[-10.084336735094524,61.752309047947534],[-10.049262863469048,61.727952754848275],[-10.028514416303189,61.635370105472305],[-10.07092582284319,61.5695454827543],[-10.13432518427963,61.52559617180552],[-10.19770751454423,61.48153705779802],[-10.35246487627772,61.459322351319194],[-10.62674401678958,61.456295878202205],[-10.697100348379138,61.43965581991465],[-10.732415080365099,61.36475064318673],[-10.929479552401032,61.28364197332527],[-11.105354533022805,61.2554318267361],[-11.2952324625083,61.260867355065244],[-11.428799118284497,61.28874976569482],[-11.731382599630576,61.20140528995679],[-11.92131561477911,61.175843448848475],[-12.441892942448687,61.09319500196777],[-12.737334560784122,61.07299353678742],[-12.983496277105111,61.07275932893817],[-13.250788489420726,61.05540902593379],[-13.553373266998323,60.949260800412425],[-13.722208002513375,60.926094225003624],[-14.095018631456297,60.90844048126579],[-14.334151265825843,60.91396295975817],[-14.770202643917694,60.94516151260496],[-14.967114645864577,60.97079958480152],[-15.367862209379352,61.059003484467226],[-15.719489259497065,61.07573520894836],[-15.874253903192637,61.06419046035156],[-16.225926414679858,61.06669550061197],[-16.837771530663428,61.08883768814579],[-16.922072534701247,61.125649684013474],[-16.760212349300154,61.15977394729439],[-16.352084472422394,61.2222096014997],[-16.07039640385884,61.32614294220963],[-16.34467025610935,61.328662802143754],[-16.50632965361259,61.35080117442268],[-16.61855304146012,61.420118066377874],[-16.69583971037261,61.436640980071],[-16.822486525298935,61.42268218599907],[-17.357057459642046,61.40277244763094],[-17.5469688817793,61.39704973452527],[-17.65226488968389,61.4357219626367],[-17.588801159555818,61.46891425069174],[-17.44803498330301,61.491095815205355],[-17.21588357228227,61.50782474149281],[-16.948638419365803,61.5108267593721],[-16.695370645507552,61.53030013458674],[-16.336643565432592,61.54709903180455],[-16.19580034369884,61.58015909743693],[-16.111049055690255,61.63503347704894],[-16.13886781251816,61.67867938600717],[-16.244110437126828,61.70851444187774],[-16.3847201536539,61.711086634227065],[-16.53218858464231,61.73538382236647],[-16.862612432657407,61.743201641957434],[-17.143991283423954,61.726661905954444],[-17.298917753123092,61.69935624340826],[-17.531071471323813,61.685527996446446],[-17.854139477930406,61.73141694507463],[-17.888971229359992,61.76660211685657]]]]}},{"type":"Feature","properties":{"NAME":"Unknown","ABBREVN":"Unknown","type":"Unknown","weblinks":"Unknown","SUBJECTO":"Unknown","BORDERPRECISION":1,"PARTOF":"Unknown","CONTINENT":"Europe","INDEX":6},"geometry":{"type":"MultiPolygon","coordinates":[[[[23.668371064458913,43.87751537684136],[23.715219786232204,43.893754866786935],[23.797713762149343,43.85042585057484],[23.701906956278822,43.834157901545346],[23.65156586184699,43.845004387342804],[23.668371064458913,43.87751537684136]]]]}},{"type":"Feature","properties":{"NAME":"Unknown","ABBREVN":"Unknown","type":"Unknown","weblinks":"Unknown","SUBJECTO":"Unknown","BORDERPRECISION":1,"PARTOF":"Unknown","CONTINENT":"North America","INDEX":7},"geometry":{"type":"MultiPolygon","coordinates":[[[[-18.424344152085098,63.74468951657505],[-17.807237650084854,63.70959950627336],[-17.737544460174423,63.66271216286732],[-18.025480412163123,63.64003989137402],[-18.208116109030144,63.62189038259614],[-18.741581419753803,63.607937969229255],[-19.106540875797883,63.6031439549668],[-19.33835929997674,63.5826032164512],[-19.47906466431707,63.55300016077561],[-19.641490269182132,63.47294107142888],[-19.796563817195477,63.42219017936472],[-19.50953935764752,63.36916196107573],[-19.22209358984408,63.34614559467199],[-18.562452499882557,63.33735445400983],[-18.37295379042356,63.337503318498804],[-17.789986186675094,63.370559882050266],[-17.179319549204035,63.375693029949154],[-16.919838757864117,63.35731846061928],[-16.646465594095822,63.3272563280405],[-16.52736711949025,63.30866057475931],[-16.436093312811096,63.31107345499992],[-16.120240397120764,63.311335011368556],[-15.7202148448256,63.30698295052442],[-15.530782491340618,63.300116133780016],[-15.988941316945683,63.213074655823725],[-16.53113768685053,63.14890931789549],[-17.20702323825986,63.07462066895908],[-17.38250425296846,63.07685448585595],[-17.592719827084053,63.09338051165815],[-17.960304613081824,62.99722166044225],[-18.34834455832653,62.92433612021536],[-18.792412272973852,62.858159659327086],[-19.18374663526844,62.81449455535952],[-19.25722562824163,62.80627784211443],[-19.97388827479994,62.7982781830921],[-20.157003164599953,62.77841184759892],[-20.31857437922946,62.778278390859214],[-20.656482045540862,62.748350139393885],[-20.888915449389593,62.72338084186603],[-21.064725638453524,62.71578100385454],[-21.323097981749473,62.77740960559845],[-21.44973318060626,62.76990369212938],[-21.776281441052845,62.63293383576751],[-22.099904717901076,62.615116066338814],[-22.296395140357365,62.62496758373072],[-22.51344992752666,62.65478850242319],[-22.65918138575025,62.72432427057273],[-22.882219400321368,62.7883942895612],[-23.063945673392592,62.82020610688917],[-23.099068256121196,62.82017605746468],[-23.12098859733223,62.79065216346941],[-23.01981180916906,62.63435012472589],[-23.112092901646548,62.59666246557937],[-23.217553272132406,62.59406360660011],[-23.4714293196315,62.55609251388247],[-23.774502739550588,62.51793224751437],[-24.007782198078896,62.459356243054245],[-24.446675315682054,62.318058125041496],[-24.74402132689106,62.21413853096835],[-25.19651459643945,62.077530130888256],[-25.485491211509906,62.035035514862145],[-25.837233833592258,62.02147226157634],[-26.138693509858168,62.06612161366498],[-26.259849049407777,61.9759832685605],[-26.47938685925655,61.88237221402172],[-26.775415337724816,61.83646918867538],[-27.0915501737392,61.852293236273894],[-27.302610063300058,61.844034220695846],[-27.753771135103598,61.770823688760764],[-27.207448701252954,62.05458016779435],[-27.24967141815419,62.051901509066305],[-27.509729266886907,62.05430243882414],[-27.832522064118283,62.083016461322664],[-27.80576476985793,62.01435698691255],[-27.87747051428442,61.9398746965729],[-28.06146418140434,61.87285524413631],[-28.378944415603065,61.80803473858987],[-28.787206897418226,61.780663816231296],[-29.110646372486247,61.78035212950259],[-29.5397767285573,61.766440365705684],[-29.44243661468898,61.6987160397192],[-29.429404790927965,61.63054685250316],[-29.514714386924645,61.564666175064396],[-29.65555371005411,61.54808323182183],[-29.753889287224705,61.558940598359044],[-29.91568255632444,61.553310316167654],[-30.491951167614292,61.58021118157565],[-30.36606511482256,61.525459411916486],[-30.177066138899683,61.44575903379451],[-30.128457780029528,61.38487150053146],[-30.16399699450375,61.345893280963416],[-30.27680116680365,61.315109355161525],[-30.6847621346785,61.309122756003156],[-31.057715086403636,61.28639882884276],[-30.83329136762589,61.21363299352056],[-30.692808337720344,61.19123861394352],[-30.573541226435875,61.15181747401238],[-30.489568436812515,61.092373778019486],[-30.743300988560648,61.00946089857786],[-30.855955754240895,60.989325320380196],[-31.04576326873185,61.00630424411685],[-31.221702565755773,60.98895131662187],[-31.17295531099295,60.902817861262655],[-31.19417733833227,60.879719287742034],[-31.41964750645363,60.79261173890204],[-31.567268177556265,60.81568676146701],[-31.757134606480633,60.82708877233161],[-31.77132476910695,60.79806016608703],[-31.75055189587767,60.71360220352052],[-31.83517387027838,60.64908324946441],[-31.93365626000807,60.64898840354767],[-32.14462314685986,60.66637775758098],[-32.17275192128573,60.66927838202997],[-32.52451388807888,60.64837504744971],[-32.89734064636416,60.64506424830875],[-32.73579991258945,60.55391051051101],[-32.412364922290536,60.480177540645386],[-32.32800998630027,60.44159504089151],[-32.50397590072854,60.243516468049144],[-32.77111210229223,60.06104099634747],[-32.93287303228953,60.042527246234556],[-33.2072378008012,60.05446169913215],[-33.122578708623514,59.93798697559029],[-33.199673185977886,59.839063863563844],[-33.17841473358981,59.79254388254548],[-33.255519184205355,59.71770173016656],[-33.37505596695023,59.705086990246386],[-33.5439035257143,59.71114053105853],[-33.825204678627465,59.69521720263255],[-33.61383312151589,59.61710380738224],[-33.54990096543468,59.4942074082021],[-33.65425477162267,59.40229104598672],[-33.75967617003748,59.39582591672157],[-34.06294888467267,59.449338394205256],[-34.359165553795656,59.55333039212128],[-34.576908020759205,59.49307498001123],[-34.81439742390001,59.36926103258566],[-34.94972532922324,59.492654636943755],[-34.809646629372295,59.609515385367736],[-34.915355178535336,59.65019574053825],[-35.2813087679454,59.68737823241409],[-35.43633238157833,59.74963507272702],[-35.39426330297613,59.7870397779901],[-35.26782093126786,59.836826225115054],[-35.21166401912893,59.880214531207],[-35.28216507669504,59.935674530182915],[-35.38074178694721,59.97246847662286],[-35.66896969828823,59.901347207902475],[-35.767455712018446,59.89814766793987],[-35.893985716910386,59.87020596844394],[-36.04174390098632,59.879319395838614],[-36.39343027665983,59.86657664276313],[-36.54114371330666,59.86332100504513],[-36.78715610102919,59.80416227161449],[-36.997969386489295,59.74794039042555],[-37.08268641041248,59.828675720790784],[-37.06181150557524,59.89983758422065],[-37.10412102243647,59.94295108106384],[-37.24492602805898,59.98890985896815],[-37.491216780385024,60.03461114819906],[-37.69532476750164,60.11070980701183],[-37.744633773198956,60.262142080084075],[-37.59678669274498,60.4033109719342],[-37.638934235291934,60.433101685021704],[-37.772553900900725,60.450833304399076],[-37.941400978019544,60.441730240609395],[-38.229691077611164,60.491975294601424],[-38.2507520058708,60.50974384789189],[-38.25765454361761,60.55412888641662],[-38.13073559822709,60.639702308110486],[-37.90533278552162,60.71318254147661],[-37.83474722389836,60.76284630130796],[-37.91205947321152,60.774402826321946],[-38.09490499380039,60.78004144035623],[-38.263629245424106,60.79730048031435],[-38.31966522438335,60.83784177499562],[-38.22744633316232,60.95327856465595],[-38.36090008006051,60.97609393183197],[-38.57901395999235,60.9672721589988],[-38.67661682597583,61.07004274846451],[-38.63410484839504,61.104191126812246],[-38.52112250912805,61.14964208470849],[-38.246165065824414,61.21480935987535],[-37.77428823717169,61.27424521244749],[-37.583778226632646,61.32754096282214],[-37.40066928561025,61.3500164265854],[-37.31543194554877,61.416747249360824],[-37.35695457445356,61.466467381384874],[-37.53299177778897,61.44973291573773],[-37.85668012381922,61.435604510220735],[-38.03975406410699,61.41881811259558],[-38.32903804015334,61.34632877858827],[-38.533273474154484,61.32382732617065],[-38.80115208041884,61.27043156719733],[-38.856735316790406,61.32630917128726],[-38.72871364388841,61.43476762175108],[-38.62120202811868,61.56968162793926],[-38.60564384450569,61.64640614710206],[-38.53408559492278,61.70640992219419],[-38.55400515212968,61.76063250804214],[-38.737118648683136,61.74692471304722],[-38.8213800704121,61.75226357541464],[-38.97469605804921,61.8115542599739],[-39.07818033998651,61.89203332959174],[-39.013374788016485,61.95084671538308],[-38.631325002416254,62.038774335462705],[-38.54762170356387,62.035740968630364],[-38.694069143096314,62.06646762533619],[-39.06357278855693,62.05605116173247],[-39.041889715085794,62.10189234003387],[-38.88134742045705,62.13018227421712],[-38.65275282214976,62.13504462666755],[-38.45016710356265,62.14336213761834],[-38.28336284816756,62.15745982806084],[-38.04798746581747,62.26443047376122],[-38.43429533241187,62.271857204307736],[-38.631359207445726,62.26389897799827],[-38.743640191988284,62.26898709071149],[-38.80600761223002,62.29479930098426],[-38.80492760461323,62.325771065500696],[-38.6768367857592,62.36959958008028],[-38.603975067975284,62.370879877646075],[-38.513772424547916,62.39581029833245],[-38.36379149911435,62.40430179531375],[-38.4485708560156,62.43359434849709],[-38.64270876547352,62.422249128840974],[-38.665152327957344,62.46056499749891],[-38.60899985190936,62.4896180801399],[-38.55900740743891,62.50994120768736],[-38.47467702758794,62.51001938526526],[-38.35461055034235,62.52530676656246],[-38.03684914735661,62.56344237961546],[-37.65793061335115,62.551173287311535],[-37.41299913493557,62.526136432364446],[-37.167255829024576,62.52129507497446],[-37.0696624063568,62.50112313437462],[-36.7964737159424,62.47852310778011],[-36.48081805040557,62.46355596055691],[-36.42250064574924,62.51941862381292],[-36.22248748213147,62.602756637816],[-36.2846063489307,62.63027503805254],[-36.563966597663416,62.66999862662921],[-36.94128710559069,62.71693097740995],[-37.20010022555601,62.74149112827613],[-37.64738892848571,62.79048121220674],[-37.73787575783238,62.80762743320612],[-37.55973649118847,62.85926327630396],[-37.3068720749288,62.85948497642367],[-36.909101900791136,62.805881447836725],[-36.58631866193861,62.79878045095964],[-36.4242947884063,62.808748563706345],[-36.374666607844276,62.818625844770395],[-36.2299462483307,62.90673708093316],[-36.14346866672316,62.9504942854495],[-35.946575090264716,62.9554992793892],[-35.79993875877832,62.938670291354136],[-35.70791479543297,62.95328865363484],[-35.64913380797398,63.00402372366782],[-35.675836954005135,63.030444854482575],[-35.898094619907404,63.07574491880504],[-35.76122619955671,63.137737965364536],[-35.504793921204694,63.20174181285819],[-35.53048473266564,63.24164722693201],[-35.880034995966064,63.26476008695488],[-36.2450478761842,63.26446611242664],[-36.559332933821125,63.30399347854975],[-36.97855907287388,63.37125410145951],[-37.202774872647936,63.384991239338106],[-37.47630461322879,63.391723142122586],[-37.643468282135295,63.43779301449398],[-37.79613342753113,63.501934655516855],[-37.73986582673297,63.50655263089905],[-37.60599157709993,63.52720303499633],[-37.41651289478313,63.527354289225194],[-37.23398540763119,63.529785135947854],[-36.64554940286712,63.489132358001235],[-36.428110698789474,63.4847264903996],[-36.099333691235465,63.443643646334],[-35.736015192356454,63.381540634673236],[-35.540106161596334,63.35847781662851],[-35.46180248703194,63.4002957074635],[-35.474354547298944,63.45794300408464],[-35.6339308416918,63.53106224444002],[-35.597414999759955,63.59011335253711],[-35.69430343631139,63.648644802270816],[-35.83448829390359,63.65527045626368],[-35.99516904811998,63.686493989585514],[-35.82595626680554,63.72230466414229],[-35.62910970408858,63.74023212062203],[-35.558654332974285,63.75359395840612],[-35.726406728532254,63.78441523554239],[-36.06315847024168,63.78636250971323],[-36.23833112724949,63.79725360449037],[-36.51813007135508,63.838776318221626],[-36.91969627760082,63.76139952716949],[-37.05345472659817,63.74134951549789],[-37.20166829102704,63.703407505919735],[-37.52517940597918,63.671877164892294],[-37.945992604050964,63.680501964011],[-38.19052530877329,63.72491094465259],[-38.231903893827145,63.755955862904955],[-38.17492985711168,63.7935601042293],[-37.97057891300342,63.83328456481497],[-37.73739023588775,63.91412187578761],[-37.50303419288565,64.06867310509902],[-37.313514299796076,64.07517571103222],[-37.145547463567816,64.0519555917662],[-37.00497601561523,64.06692154308769],[-36.88507629629024,64.107180089938],[-36.919472260211634,64.15127324321388],[-37.07990392238954,64.21573149115567],[-37.18489543727153,64.23221587233701],[-37.288978546132114,64.3244648522786],[-37.34402556521307,64.42936660485168],[-37.37108246509592,64.57148643081158],[-37.42695361183037,64.62378368436866],[-37.8839791585452,64.66413798694967],[-38.01857316942463,64.69112072573161],[-38.054776316364276,64.712273239151],[-37.89773579186956,64.78490974252473],[-38.06188708561711,64.82634202496811],[-38.31527089612114,64.83743936394403],[-38.737471193946384,64.85402256886142],[-39.18995868924221,64.89655275055915],[-39.65597436616598,64.92950848808732],[-40.22607218395951,64.94751795022871],[-40.50029057469711,64.95284506508993],[-40.96378223420003,64.9562056103119],[-41.242690524873645,64.93768976250553],[-41.571618950241124,64.92827223159087],[-41.85756313725237,64.90964219665825],[-42.31229110914208,64.89453845398349],[-42.62257129369133,64.91099273341011],[-42.96225585951806,64.94025648912118],[-43.081610006730436,64.86612971322252],[-43.12290761326572,64.85676326999108],[-43.424743336466975,64.85843974808047],[-43.749128906805424,64.87688098365533],[-44.491796613054696,64.93743481497513],[-43.88020432878472,64.99264100229823],[-43.713019743482754,65.00362507919023],[-43.673426448763365,65.0253337155416],[-43.74558555168477,65.04148829867765],[-44.04761694024332,65.04309211928086],[-44.67954725844774,65.04449358171955],[-44.89103551160686,65.0515317298887],[-45.06674601851507,65.05321724507192],[-45.289865919162914,65.09407886836247],[-45.475173051788595,65.11343288289203],[-45.2125694413778,65.14174602098089],[-44.84098792565999,65.14548195778609],[-44.01747286775691,65.13194199426694],[-43.44829027145246,65.12877704819462],[-43.068914631146505,65.12725058307504],[-42.41797013221076,65.14170385920137],[-42.05562870030978,65.16116928111781],[-41.94455902241866,65.16995101997666],[-41.82989530201349,65.20123067427748],[-41.925270083064525,65.22698804486222],[-42.09691554163106,65.24570934891756],[-42.48794986950049,65.2317923285106],[-42.87760697798352,65.20922176821341],[-43.25654269614956,65.20727191907655],[-43.546148022206246,65.21743338516899],[-43.78379501536078,65.21040047690629],[-44.06328597335788,65.20161303023177],[-44.23969709781557,65.20668273007108],[-44.42516206204588,65.2237795163341],[-44.50107565866062,65.25620813617685],[-44.67276523320904,65.27308024285983],[-44.84229184348485,65.27806060704893],[-45.06610442229702,65.27285377600569],[-45.179777444129016,65.27954873182092],[-45.426857530603485,65.32142476408966],[-45.327684338308885,65.3514189822067],[-45.08296681856047,65.38942531250672],[-44.81812570895744,65.3993825769931],[-44.44044555006583,65.40774430650718],[-43.972111097806234,65.41937835447894],[-43.34246009592883,65.43267842910475],[-42.95732201121595,65.43934183542996],[-42.571164735586386,65.47160166400757],[-42.189456398117386,65.4924539316178],[-41.930834386541925,65.49891972866251],[-41.24167971837373,65.49929819732323],[-40.90607144379224,65.50736328480662],[-40.377879788693186,65.50450460630253],[-40.22581809729893,65.51559358883793],[-40.08196207843281,65.53131973460378],[-39.86703081376634,65.54389258215856],[-39.61995964300391,65.59479331754109],[-39.39821867909077,65.63270869796335],[-39.33702384334941,65.6402373715145],[-39.51392222050704,65.65716618661732],[-40.03466432021813,65.66002981552933],[-40.40861954418438,65.64565442066072],[-40.63336641703388,65.65498603937567],[-40.85646646634196,65.68310305028447],[-40.45623969636386,65.7391148003416],[-39.981500418530004,65.76233445525719],[-39.10501061340093,65.78710687026172],[-38.65909250953444,65.80243050742693],[-38.05792524367804,65.81924909306186],[-37.443755458438304,65.83002467305757],[-37.15640124837135,65.82420255869783],[-36.81077098397903,65.82885937986876],[-36.43700281948049,65.83352626292593],[-36.29391601831565,65.84547348940467],[-36.227492955354634,65.86028577841735],[-36.11039249155867,65.90849037170042],[-36.057646177896956,65.92147883130264],[-35.87939133865376,65.93017025581959],[-35.365234246155524,65.93328728678824],[-35.01722668602145,65.9205643488781],[-34.559676282715124,65.89478342083913],[-34.27465123686371,65.88036061039872],[-34.108366685970694,65.86872450592644],[-33.81610851436807,65.88643331076517],[-34.11744384763329,65.91957626439348],[-34.164916066176524,65.9509591571926],[-34.1078307509938,65.95381916140411],[-33.49405128326429,65.96118673228618],[-33.15445735331367,65.96839089229661],[-32.60923814381576,65.98126128013665],[-31.895763398955022,65.99274779849753],[-31.72139628239433,65.98866389813816],[-31.47055960854608,65.98181559587283],[-31.842275562333217,65.87428142211768],[-31.558789624299504,65.8846625727271],[-31.336307381396864,65.90511314344911],[-30.97605438087931,65.96664663494897],[-30.716344434553957,65.96536728526928],[-30.264714984863172,65.94578924759043],[-29.870187304165203,65.92026747580631],[-29.522078475377477,65.90458061540498],[-29.398369938035614,65.92337644234252],[-29.499403842974655,65.94190849789412],[-29.589237416883694,65.97434596018884],[-29.729833308953676,65.99795541744089],[-29.584027322523156,66.01456156202623],[-29.39474396524551,66.01328020460853],[-28.93845301713498,66.01212430222442],[-28.689323043284727,65.99983701623293],[-28.049080738555272,65.97789144120968],[-27.77228410312661,65.96117753466689],[-27.284921168629346,65.94158134251744],[-26.84569225975999,65.92465222201422],[-26.391231790577393,65.91193753258327],[-26.135458843493748,65.92501017795152],[-25.614889360813613,66.01371627255568],[-25.660901006277708,66.02464222559749],[-25.92903429649896,66.04351623886625],[-26.122743244602688,66.07285584924304],[-25.886226823537285,66.08615820901714],[-25.26140807625856,66.08644731792455],[-24.42684782756835,66.10380816470801],[-24.067453426368047,66.10786010102204],[-23.705820614604345,66.09893433828438],[-23.223291152627485,66.07286964234265],[-22.847003172191194,66.06374175665604],[-22.350776176392742,66.05595460426767],[-22.134460664214647,66.09703957908748],[-22.125939662637208,66.12161458709703],[-21.40659565104685,66.13214593060681],[-20.872073663731822,66.13619354161685],[-20.221467138656397,66.13140227261256],[-19.73295253613813,66.12396304229213],[-19.217875197678932,66.13312325667393],[-18.576221097774905,66.14352505978746],[-18.050189424790645,66.14375461647252],[-17.60482319275882,66.13256517412674],[-17.127056965322538,66.13531750892606],[-16.798469822340525,66.1316542467704],[-16.65258014150807,66.12662071380082],[-16.496815266000514,66.13178665243024],[-16.01485876033316,66.12434831340173],[-15.580535707219711,66.12198093651843],[-15.160842456970554,66.11703435363053],[-14.62246367521819,66.07684554403],[-14.295086238057786,66.06371947476002],[-13.936217166146694,66.0678772019505],[-13.664075843590956,66.05867331719739],[-13.013248026795337,66.04554985308224],[-12.93956907064695,66.02251443280473],[-13.031908710260968,66.01562526560129],[-13.181046901167008,66.00455301397585],[-13.638972906102323,65.99602896997182],[-14.25839302531036,65.98878962529093],[-14.575669707075585,65.98166700145381],[-14.906414817339083,65.97870916185619],[-15.285319918035114,65.98271778989361],[-16.022622015549533,65.98654238014903],[-16.598227745953597,65.99043873893753],[-16.98640792576866,65.98049262488426],[-17.415395179718036,65.97888833792129],[-17.928726703378167,65.97723845740659],[-18.238234582021008,65.97568714136021],[-18.654662841789182,65.96565340262293],[-18.789432149385764,65.9585410088008],[-19.17119785490567,65.9456018703303],[-19.330343636912062,65.91692526172868],[-19.170865059420255,65.90111603252821],[-18.451115408371603,65.91880534313405],[-18.07779880337281,65.92329844212585],[-17.04450065889518,65.92094352714741],[-16.438818022045616,65.92842144156924],[-15.820033732468648,65.92873109765081],[-15.552652985376671,65.93029500278875],[-15.314120855107788,65.92611604082691],[-14.895289104936097,65.89892761912672],[-14.727096876951274,65.8932017255018],[-14.41643685567948,65.90496987413731],[-13.950920646854987,65.91818530694529],[-13.513077511327088,65.93559619999162],[-12.977777191920865,65.94440860509997],[-12.868262982479488,65.91584847508186],[-13.068025574303066,65.8853062535332],[-13.753783108493739,65.8437761394275],[-14.050944661279525,65.82128968789641],[-14.47634689018819,65.77129694430208],[-14.47748261716757,65.74992512174504],[-14.40761832390814,65.73922366047462],[-14.182097105861457,65.74548483622672],[-14.048227860256,65.74862319853932],[-13.553569778308974,65.78695706955989],[-13.023569897559991,65.82331614560998],[-12.606707257217339,65.84881425978129],[-12.119761999967011,65.86969959995264],[-11.893646826326036,65.8829873470375],[-11.43566422693028,65.89342286631282],[-11.014223200288328,65.88635740777588],[-10.648797951278056,65.88215983248557],[-10.22541709427918,65.90129081966393],[-10.012905506811672,65.92159388694184],[-9.695348145778183,65.93606685766981],[-9.125842035154008,65.93634958365288],[-8.690428998789688,65.9294246595361],[-8.402353403860468,65.92670277441991],[-8.093517141309388,65.91824351428376],[-7.806067804253097,65.90395691795692],[-7.518120323485996,65.89685606746332],[-7.448626684178263,65.88086807371228],[-7.512774584023626,65.86323561084399],[-8.05522440174605,65.84672035876247],[-8.463683719035643,65.83760684656639],[-8.83100937355225,65.80452500067076],[-9.000677336953105,65.78481532279926],[-9.459020543824746,65.76024663017752],[-9.924779382578805,65.72159578108491],[-10.220587514166153,65.71525214947508],[-10.466866628966315,65.71821374749548],[-10.90337076368554,65.71488325808083],[-11.501570807405246,65.71765527910581],[-11.924349406513823,65.70347791708878],[-12.143016436633722,65.68778072147911],[-12.326968934519074,65.64845279087062],[-12.311038581558327,65.62434381328218],[-11.74973385413123,65.64718774273305],[-11.313206147109659,65.65058277732054],[-10.813256515593737,65.64312344850377],[-10.846016898949207,65.61152651956611],[-11.069859204657671,65.59318511407919],[-11.737633150149327,65.5836647274461],[-11.877524997251323,65.57285886594525],[-11.953727634317321,65.55740899689422],[-12.04874676925358,65.5105987341256],[-12.241685210831687,65.45333534681987],[-12.444723089450434,65.44036976984431],[-12.733410010174225,65.4466388504603],[-12.944089278772248,65.44330618566349],[-13.262449577588333,65.36824034700622],[-13.643284143153341,65.27448480023183],[-13.71885944062551,65.2438348505065],[-13.61906437936606,65.21647519124038],[-13.513277296460457,65.20792659755203],[-13.297777004871758,65.25090600086462],[-13.053658061015193,65.28328244996408],[-12.807957567557432,65.28680339788971],[-12.167457325442184,65.26348923025992],[-12.075728821197037,65.25504444976937],[-12.025345327280192,65.22944801424391],[-12.059596510088433,65.21052548537422],[-12.404039577841717,65.21720679455147],[-12.593760980442957,65.21880925972587],[-12.74785604463385,65.21011080161902],[-12.803223466325303,65.19281181657723],[-12.745856706215152,65.16680072373937],[-12.260601514090453,65.1496336429435],[-12.112635294028237,65.13745803817746],[-11.586521110732194,65.15004475003741],[-11.452375829579049,65.13083880163904],[-11.41615688943057,65.10085907015333],[-11.463882125745332,65.05990207320949],[-11.547688631520266,65.047312350249],[-12.060742258753478,65.06488625127294],[-12.531258110662662,65.06995357600493],[-12.749143912661705,65.07694228548867],[-13.127939656771275,65.06958253171786],[-13.568446751344789,65.02445599473103],[-13.79354097117828,65.0369240727106],[-13.920456944668947,65.05120674545833],[-14.229161958581644,65.04742028012515],[-14.347056000186477,65.01133280061077],[-14.001046802227142,64.95331279370562],[-13.677524725616605,64.93148889639316],[-13.31222593046272,64.9188216890479],[-12.83484692021262,64.91174336069218],[-12.644970733528195,64.89705867026542],[-12.524422452851953,64.8487057664636],[-12.481250937386218,64.80360961177865],[-12.52212127036997,64.74660965312557],[-12.682660338861751,64.70432867233215],[-12.80176262828552,64.69654758487127],[-13.16687313455607,64.71553828634708],[-13.398596165237118,64.72689184710528],[-13.51760412517136,64.715298956134],[-13.558602842930403,64.65735951099069],[-13.544269191951871,64.63216485651972],[-13.432045643775961,64.61487569509502],[-13.256706710892367,64.60532993945998],[-13.060334485693675,64.58217726806413],[-12.800819331290326,64.56678121888234],[-12.590424395362023,64.54934662969671],[-12.506293305133608,64.50815835132458],[-12.625574094073867,64.4823776915707],[-12.885130767741929,64.4663362441231],[-13.088575773193016,64.45227014741074],[-13.607609503917233,64.45588966216967],[-13.951291841595422,64.46559358720437],[-14.428239438299835,64.47518363899533],[-14.645809247297109,64.425220929631],[-14.498561923500372,64.4032735811029],[-14.084722716002451,64.39753763381951],[-13.783165674597257,64.37962050592343],[-13.586841065242487,64.3514482727712],[-13.586947473778551,64.3148515375469],[-13.64328574133718,64.25126100785391],[-13.682091962406396,64.25188742461833],[-14.008028308819123,64.25717804390939],[-14.393882503657833,64.24453121865307],[-14.59744341832367,64.21335575045745],[-14.976254107912197,64.21101072729239],[-15.333936601652763,64.22732653744254],[-15.747599721766196,64.27442676023526],[-15.978843349904029,64.32945058651657],[-16.084031119538515,64.33750500499433],[-16.441905412982774,64.30464967241379],[-16.77176705135679,64.26548025365751],[-17.108528682155374,64.2549511327416],[-17.30504883440338,64.23417378198542],[-17.739945995336452,64.23799406292424],[-18.006442235955053,64.24811977676102],[-18.315189793642435,64.2313745389701],[-18.448556506163794,64.21678655858331],[-18.532946452944543,64.183489269866],[-18.547079872081202,64.16678221998113],[-18.498396400013196,64.10386165533637],[-18.309202171211997,64.07440558509143],[-17.923413094303164,64.06833063364354],[-17.488684179669296,64.03678098282603],[-17.004580296428138,64.04352800626877],[-16.654259521722818,63.9775008508061],[-16.44400319262967,63.94967291420967],[-16.31792292976371,63.92167007745883],[-15.98147540291108,63.88066116745034],[-15.631038240175837,63.83284953426972],[-15.540095354681519,63.797762566064506],[-15.470887041445716,63.6823987801675],[-15.175946937386,63.709422120129105],[-15.077574360083949,63.727306464898014],[-14.972543654438436,63.700662167259075],[-14.91687492026976,63.6447336132231],[-14.924274132699848,63.599662506407405],[-14.960794560306015,63.44451986032347],[-15.031253651477954,63.41679538922099],[-15.15774270842405,63.400509932614895],[-15.319027068517153,63.4142491366731],[-15.480284271306955,63.43027954273037],[-15.768032772218268,63.430041092622645],[-16.097928008562526,63.42517613538575],[-16.53968792912377,63.46165594826593],[-16.700510857075486,63.51649069563057],[-16.76981376928852,63.600465581229926],[-16.853665993241865,63.63646894557607],[-17.161685920603166,63.71009878640523],[-17.392881690549537,63.747705608911026],[-17.610231216404895,63.765263621861926],[-17.93990000057102,63.77605664038847],[-18.115477759007558,63.75822776152399],[-18.424344152085098,63.74468951657505]]],[[[-15.139583229504105,63.876941748289596],[-15.560066252159416,63.94386518021124],[-15.83347728273267,63.97167322010469],[-16.03679795699213,63.990846181042976],[-16.07884505701473,63.999384228081844],[-16.134629344287582,64.05055023479422],[-15.678593975691232,64.05514348710341],[-15.419134392677652,64.03832417064073],[-15.11767290087055,64.00652847032654],[-14.89340013397325,63.970227328207834],[-14.886785351707374,63.909746834300634],[-14.971154853415477,63.88360091331486],[-15.139583229504105,63.876941748289596]]],[[[-37.89323972006543,63.05735722846839],[-38.04661450006264,63.0763468625417],[-38.20542858943412,63.12147543676763],[-38.421495682041915,63.14739006178832],[-38.46273944901058,63.161557559340004],[-38.495912707705756,63.19221595421874],[-38.341975897216564,63.309557624732534],[-38.17916888361414,63.35633052606428],[-38.059775084217726,63.35874907606305],[-37.88484785581365,63.34026832490861],[-37.53417563228046,63.33123179280647],[-37.18430474172657,63.2941179046738],[-37.00361747961922,63.25683000150678],[-36.836036979091446,63.24292615888689],[-36.63434276167887,63.21258169907149],[-36.5108137160111,63.16553460041315],[-36.59673356954133,63.13704784228414],[-36.63913740554932,63.132275002620474],[-36.8221097035739,63.12499554302888],[-37.07514471317003,63.12003182117739],[-37.35751975846789,63.09361683224588],[-37.709850887510136,63.07185158830087],[-37.89323972006543,63.05735722846839]]]]}},{"type":"Feature","properties":{"NAME":"Unknown","ABBREVN":"Unknown","type":"Unknown","weblinks":"Unknown","SUBJECTO":"Unknown","BORDERPRECISION":1,"PARTOF":"Unknown","CONTINENT":"Antarctica","INDEX":8},"geometry":{"type":"MultiPolygon","coordinates":[[[[-49.50888181109282,-64.07450002075547],[-49.554241453904886,-63.990844314780254],[-49.29154270734052,-63.990844314780254],[-49.07296582507796,-63.927219743475916],[-49.37343009036908,-63.81948877822519],[-50.2259628320808,-63.86283423368452],[-50.706644163661295,-63.927219743475916],[-51.28437877228399,-63.88438041118861],[-51.70110950982543,-63.775805743432514],[-51.42952802868863,-63.70965010073479],[-51.10743123311067,-63.687428544832365],[-50.197855485446254,-63.665122477450524],[-49.91806607313431,-63.59769698384785],[-50.26408446859926,-63.460563295183725],[-50.13976476724019,-63.39085142281516],[-50.523108168659796,-63.2012197886957],[-51.23704969386757,-63.05196716957238],[-51.0596568671604,-62.98137187615765],[-50.76955126985622,-62.931577282184634],[-50.321466374326064,-62.90655170276291],[-49.95434660250664,-62.95651732613686],[-49.44973087788557,-63.079933531157224],[-48.753204128693284,-63.272969917070725],[-47.99677421016404,-63.437410803878045],[-47.304054936519606,-63.62025671990245],[-46.901482858720954,-63.88438041118861],[-47.23332101350086,-63.94851292716483],[-47.464577287876175,-64.0537124761074],[-48.46238755771686,-64.07450002075547],[-49.50888181109282,-64.07450002075547]]],[[[-70.01266362301534,-63.90584224284611],[-69.34132434939764,-63.81948877822519],[-68.33498529482694,-63.81948877822519],[-66.64009653936789,-63.81948877822519],[-65.27729315207564,-63.969721807263234],[-65.84940910539095,-64.0537124761074],[-67.1306048955504,-64.0127014417636],[-68.85359552344825,-63.969721807263234],[-70.01266362301534,-63.90584224284611]]],[[[-96.3274732068805,-65.07752319611555],[-96.15669426478503,-65.05245679063427],[-95.67035107160336,-65.06501616465715],[-95.14197235497015,-65.10857026794602],[-95.71210587893725,-65.10857026794602],[-96.3274732068805,-65.07752319611555]]],[[[-33.03953406157545,-65.79731504774574],[-33.20197578883059,-65.71336329739651],[-32.79961055924034,-65.63797027953535],[-32.08762867231666,-65.62509779449525],[-31.562345539096352,-65.61213789639146],[-31.33441274944902,-65.5460315054764],[-31.589400907344256,-65.42156955639904],[-31.35793338077173,-65.36400669229015],[-30.63739508769794,-65.30506776759876],[-29.377367591627014,-65.30506776759876],[-28.69888830293284,-65.30506776759876],[-27.596053468854283,-65.36400669229015],[-27.035208028343416,-65.51897945541216],[-26.798648018160563,-65.61213789639146],[-27.12113062651447,-65.70101839407539],[-30.111300948224407,-65.77377111730632],[-33.03953406157545,-65.79731504774574]]],[[[-100.83587487462236,-65.53929973097702],[-101.12951231880962,-65.47080364442378],[-100.80407736533967,-65.44279863949744],[-99.28631658634986,-65.48467642729068],[-97.11740979718878,-65.59253433791059],[-97.01534805829233,-65.6291349306242],[-97.61354326792984,-65.64437371484112],[-99.16580121608253,-65.60562519443003],[-100.83587487462236,-65.53929973097702]]],[[[97.28225997673654,-66.12565906577967],[97.94943266518987,-66.14537578668951],[98.15673944278693,-66.14682987667042],[98.0473135982346,-66.15840845235128],[98.1139225389769,-66.17263758121966],[98.63700314120948,-66.17685205927361],[99.18262143441163,-66.17671832358089],[100.2373934033227,-66.19230591279714],[100.71681386617838,-66.20834683010837],[101.0576913419324,-66.20566616301238],[101.22624995502356,-66.20700826455541],[101.37988692936173,-66.2237063982827],[99.48056791645013,-66.31289848215985],[97.51124666513498,-66.3878107143022],[95.51205903731744,-66.44583577901312],[93.48234002088135,-66.48638626460642],[91.4213629881374,-66.50878668968599],[89.9999999999998,-66.51326044311178],[89.9999999999998,-66.51326044311178],[89.38902808879962,-66.51326044311178],[88.88902808879962,-66.51326044311178],[88.3890280887996,-66.51326044311178],[87.8890280887996,-66.51326044311178],[87.38902808879962,-66.51326044311178],[86.8890280887996,-66.51326044311178],[86.38902808879963,-66.51326044311178],[85.88902808879962,-66.51326044311178],[85.38902808879963,-66.51326044311178],[84.88902808879962,-66.51326044311178],[84.38902808879963,-66.51326044311178],[83.88902808879965,-66.51326044311178],[83.38902808879962,-66.51326044311178],[82.88902808879963,-66.51326044311178],[82.38902808879962,-66.51326044311178],[81.88902808879962,-66.51326044311178],[81.38902808879963,-66.51326044311178],[80.88902808879963,-66.51326044311178],[80.38902808879965,-66.51326044311178],[79.88902808879963,-66.51326044311178],[79.38902808879963,-66.51326044311178],[78.88902808879962,-66.51326044311178],[78.38902808879965,-66.51326044311178],[77.88902808879965,-66.51326044311178],[77.38902808879966,-66.51326044311178],[76.88902808879965,-66.51326044311178],[76.38902808879965,-66.51326044311178],[75.88902808879965,-66.51326044311178],[75.38902808879963,-66.51326044311178],[74.88902808879966,-66.51326044311178],[74.38902808879965,-66.51326044311178],[73.88902808879966,-66.51326044311178],[73.38902808879965,-66.51326044311178],[72.88902808879965,-66.51326044311178],[72.38902808879966,-66.51326044311178],[71.88902808879966,-66.51326044311178],[71.38902808879966,-66.51326044311178],[70.88902808879966,-66.51326044311178],[70.38902808879966,-66.51326044311178],[69.88902808879965,-66.51326044311178],[69.38902808879966,-66.51326044311178],[68.88902808879968,-66.51326044311178],[68.38902808879966,-66.51326044311178],[67.88902808879968,-66.51326044311178],[67.38902808879966,-66.51326044311178],[66.88902808879968,-66.51326044311178],[66.38902808879968,-66.51326044311178],[65.88902808879968,-66.51326044311178],[65.38902808879968,-66.51326044311178],[64.88902808879968,-66.51326044311178],[64.38902808879966,-66.51326044311178],[63.88902808879969,-66.51326044311178],[63.389028088799684,-66.51326044311178],[62.88902808879969,-66.51326044311178],[62.389028088799684,-66.51326044311178],[61.88902808879969,-66.51326044311178],[61.389028088799684,-66.51326044311178],[60.88902808879969,-66.51326044311178],[60.3890280887997,-66.51326044311178],[59.88902808879969,-66.51326044311178],[59.389028088799705,-66.51326044311178],[58.8890280887997,-66.51326044311178],[58.389028088799705,-66.51326044311178],[57.8890280887997,-66.51326044311178],[57.389028088799705,-66.51326044311178],[56.889028088799705,-66.51326044311178],[56.389028088799705,-66.51326044311178],[55.889028088799705,-66.51326044311178],[55.3890280887997,-66.51326044311178],[54.889028088799705,-66.51326044311178],[54.3890280887997,-66.51326044311178],[53.889028088799705,-66.51326044311178],[53.389028088799705,-66.51326044311178],[52.88902808879972,-66.51326044311178],[52.38902808879972,-66.51326044311178],[51.88902808879971,-66.51326044311178],[51.38902808879971,-66.51326044311178],[50.88902808879971,-66.51326044311178],[50.38902808879972,-66.51326044311178],[49.88902808879971,-66.51326044311178],[49.38902808879972,-66.51326044311178],[48.88902808879972,-66.51326044311178],[48.389028088799726,-66.51326044311178],[47.889028088799726,-66.51326044311178],[47.389028088799726,-66.51326044311178],[46.88902808879972,-66.51326044311178],[46.389028088799726,-66.51326044311178],[45.88902808879973,-66.51326044311178],[45.389028088799726,-66.51326044311178],[44.89816810344817,-66.51326044311178],[44.88902808879974,-66.51326044311178],[44.38902808879973,-66.51326044311178],[43.88902808879973,-66.51326044311178],[43.389028088799726,-66.51326044311178],[42.88902808879973,-66.51326044311178],[42.38902808879973,-66.51326044311178],[41.88902808879973,-66.51326044311178],[41.38902808879973,-66.51326044311178],[40.88902808879974,-66.51326044311178],[40.38902808879974,-66.51326044311178],[39.88902808879974,-66.51326044311178],[39.38902808879974,-66.51326044311178],[38.88902808879974,-66.51326044311178],[38.38902808879975,-66.51326044311178],[37.88902808879975,-66.51326044311178],[37.38902808879975,-66.51326044311178],[36.889028088799755,-66.51326044311178],[36.38902808879975,-66.51326044311178],[35.88902808879975,-66.51326044311178],[35.389028088799755,-66.51326044311178],[34.889028088799755,-66.51326044311178],[34.389028088799755,-66.51326044311178],[33.88902808879976,-66.51326044311178],[33.38902808879976,-66.51326044311178],[32.88902808879976,-66.51326044311178],[32.389028088799755,-66.51326044311178],[31.889028088799762,-66.51326044311178],[31.389028088799762,-66.51326044311178],[30.889028088799762,-66.51326044311178],[30.389028088799762,-66.51326044311178],[29.889028088799765,-66.51326044311178],[29.389028088799773,-66.51326044311178],[28.889028088799773,-66.51326044311178],[28.389028088799776,-66.51326044311178],[27.889028088799773,-66.51326044311178],[27.38902808879977,-66.51326044311178],[26.88902808879977,-66.51326044311178],[26.38902808879978,-66.51326044311178],[25.889028088799776,-66.51326044311178],[25.389028088799776,-66.51326044311178],[24.88902808879978,-66.51326044311178],[24.389028088799783,-66.51326044311178],[23.88902808879978,-66.51326044311178],[23.389028088799787,-66.51326044311178],[22.889028088799783,-66.51326044311178],[22.389028088799783,-66.51326044311178],[21.88902808879979,-66.51326044311178],[21.38902808879979,-66.51326044311178],[20.88902808879979,-66.51326044311178],[20.38902808879979,-66.51326044311178],[19.889028088799794,-66.51326044311178],[19.389028088799794,-66.51326044311178],[18.889028088799794,-66.51326044311178],[18.389028088799794,-66.51326044311178],[17.889028088799794,-66.51326044311178],[17.3890280887998,-66.51326044311178],[16.8890280887998,-66.51326044311178],[16.389028088799797,-66.51326044311178],[15.889028088799801,-66.51326044311178],[15.389028088799801,-66.51326044311178],[14.8890280887998,-66.51326044311178],[14.389028088799803,-66.51326044311178],[13.889028088799805,-66.51326044311178],[13.389028088799806,-66.51326044311178],[12.889028088799806,-66.51326044311178],[12.389028088799806,-66.51326044311178],[11.88902808879981,-66.51326044311178],[11.389028088799812,-66.51326044311178],[10.889028088799812,-66.51326044311178],[10.389028088799813,-66.51326044311178],[9.889028088799813,-66.51326044311178],[9.389028088799815,-66.51326044311178],[8.889028088799817,-66.51326044311178],[8.389028088799817,-66.51326044311178],[7.889028088799819,-66.51326044311178],[7.389028088799821,-66.51326044311178],[6.889028088799821,-66.51326044311178],[6.389028088799822,-66.51326044311178],[5.889028088799825,-66.51326044311178],[5.389028088799825,-66.51326044311178],[4.889028088799827,-66.51326044311178],[4.389028088799828,-66.51326044311178],[3.889028088799829,-66.51326044311178],[3.38902808879983,-66.51326044311178],[2.8890280887998316,-66.51326044311178],[2.3890280887998325,-66.51326044311178],[1.8890280887998336,-66.51326044311178],[1.3890280887998352,-66.51326044311178],[0.8890280887998364,-66.51326044311178],[0.3890280887998376,-66.51326044311178],[-0.10183189655172376,-66.51326044311178],[-0.6018318965517224,-66.51326044311178],[-1.101831896551721,-66.51326044311178],[-1.60183189655172,-66.51326044311178],[-2.101831896551719,-66.51326044311178],[-2.601831896551718,-66.51326044311178],[-3.101831896551717,-66.51326044311178],[-3.601831896551715,-66.51326044311178],[-4.101831896551714,-66.51326044311178],[-4.6018318965517135,-66.51326044311178],[-5.101831896551712,-66.51326044311178],[-5.601831896551711,-66.51326044311178],[-6.10183189655171,-66.51326044311178],[-6.601831896551707,-66.51326044311178],[-7.101831896551706,-66.51326044311178],[-7.601831896551706,-66.51326044311178],[-8.101831896551705,-66.51326044311178],[-8.601831896551703,-66.51326044311178],[-9.101831896551703,-66.51326044311178],[-9.601831896551701,-66.51326044311178],[-10.101831896551701,-66.51326044311178],[-10.601831896551696,-66.51326044311178],[-11.101831896551696,-66.51326044311178],[-11.601831896551696,-66.51326044311178],[-12.101831896551696,-66.51326044311178],[-12.601831896551692,-66.51326044311178],[-13.101831896551692,-66.51326044311178],[-13.601831896551692,-66.51326044311178],[-14.101831896551689,-66.51326044311178],[-14.601831896551689,-66.51326044311178],[-15.10183189655169,-66.51326044311178],[-15.601831896551685,-66.51326044311178],[-16.101831896551683,-66.51326044311178],[-16.601831896551683,-66.51326044311178],[-17.10183189655168,-66.51326044311178],[-17.601831896551676,-66.51326044311178],[-18.10183189655168,-66.51326044311178],[-18.60183189655168,-66.51326044311178],[-19.101831896551676,-66.51326044311178],[-19.601831896551673,-66.51326044311178],[-20.101831896551673,-66.51326044311178],[-20.601831896551673,-66.51326044311178],[-21.101831896551673,-66.51326044311178],[-21.60183189655167,-66.51326044311178],[-22.101831896551666,-66.51326044311178],[-22.60183189655167,-66.51326044311178],[-23.10183189655167,-66.51326044311178],[-23.601831896551662,-66.51326044311178],[-24.101831896551662,-66.51326044311178],[-24.601831896551662,-66.51326044311178],[-25.10183189655166,-66.51326044311178],[-25.601831896551662,-66.51326044311178],[-26.10183189655166,-66.51326044311178],[-26.60183189655166,-66.51326044311178],[-27.10183189655166,-66.51326044311178],[-27.601831896551655,-66.51326044311178],[-28.10183189655165,-66.51326044311178],[-28.60183189655165,-66.51326044311178],[-29.10183189655165,-66.51326044311178],[-29.60183189655165,-66.51326044311178],[-30.101831896551655,-66.51326044311178],[-30.601831896551648,-66.51326044311178],[-31.101831896551644,-66.51326044311178],[-31.601831896551648,-66.51326044311178],[-32.101831896551644,-66.51326044311178],[-32.60183189655164,-66.51326044311178],[-33.10183189655164,-66.51326044311178],[-33.60183189655164,-66.51326044311178],[-34.10183189655164,-66.51326044311178],[-34.601831896551644,-66.51326044311178],[-35.10183189655164,-66.51326044311178],[-35.601831896551644,-66.51326044311178],[-36.10183189655164,-66.51326044311178],[-36.60183189655163,-66.51326044311178],[-37.10183189655163,-66.51326044311178],[-37.60183189655163,-66.51326044311178],[-38.10183189655163,-66.51326044311178],[-38.60183189655163,-66.51326044311178],[-39.10183189655163,-66.51326044311178],[-39.60183189655163,-66.51326044311178],[-40.10183189655162,-66.51326044311178],[-40.60183189655163,-66.51326044311178],[-41.101831896551616,-66.51326044311178],[-41.601831896551616,-66.51326044311178],[-42.10183189655162,-66.51326044311178],[-42.601831896551616,-66.51326044311178],[-43.10183189655162,-66.51326044311178],[-43.601831896551616,-66.51326044311178],[-44.101831896551616,-66.51326044311178],[-44.60183189655162,-66.51326044311178],[-45.101831896551616,-66.51326044311178],[-45.60183189655161,-66.51326044311178],[-46.101831896551616,-66.51326044311178],[-46.60183189655161,-66.51326044311178],[-47.1018318965516,-66.51326044311178],[-47.60183189655161,-66.51326044311178],[-48.1018318965516,-66.51326044311178],[-48.6018318965516,-66.51326044311178],[-49.10183189655161,-66.51326044311178],[-49.6018318965516,-66.51326044311178],[-50.10183189655161,-66.51326044311178],[-50.6018318965516,-66.51326044311178],[-51.101831896551595,-66.51326044311178],[-51.60183189655159,-66.51326044311178],[-52.101831896551595,-66.51326044311178],[-52.601831896551595,-66.51326044311178],[-53.101831896551595,-66.51326044311178],[-53.601831896551595,-66.51326044311178],[-54.101831896551595,-66.51326044311178],[-54.6018318965516,-66.51326044311178],[-55.10183189655159,-66.51326044311178],[-55.60183189655158,-66.51326044311178],[-56.10183189655159,-66.51326044311178],[-56.60183189655158,-66.51326044311178],[-57.10183189655158,-66.51326044311178],[-57.60183189655159,-66.51326044311178],[-58.10183189655159,-66.51326044311178],[-58.601831896551566,-66.51326044311178],[-59.10183189655157,-66.51326044311178],[-59.601831896551566,-66.51326044311178],[-60.10183189655159,-66.51326044311178],[-60.601831896551566,-66.51326044311178],[-61.10183189655157,-66.51326044311178],[-61.60183189655157,-66.51326044311178],[-62.10183189655158,-66.51326044311178],[-62.60183189655157,-66.51326044311178],[-63.10183189655155,-66.51326044311178],[-63.60183189655157,-66.51326044311178],[-64.10183189655157,-66.51326044311178],[-64.60183189655157,-66.51326044311178],[-65.10183189655157,-66.51326044311178],[-65.60183189655156,-66.51326044311178],[-66.10183189655159,-66.51326044311178],[-66.60183189655156,-66.51326044311178],[-67.10183189655156,-66.51326044311178],[-67.60183189655157,-66.51326044311178],[-68.10183189655156,-66.51326044311178],[-68.60183189655157,-66.51326044311178],[-69.10183189655154,-66.51326044311178],[-69.60183189655156,-66.51326044311178],[-70.10183189655156,-66.51326044311178],[-70.60183189655157,-66.51326044311178],[-71.10183189655156,-66.51326044311178],[-71.60183189655156,-66.51326044311178],[-72.10183189655156,-66.51326044311178],[-72.60183189655153,-66.51326044311178],[-73.10183189655156,-66.51326044311178],[-73.60183189655154,-66.51326044311178],[-74.10183189655156,-66.51326044311178],[-74.60183189655154,-66.51326044311178],[-75.10183189655154,-66.51326044311178],[-75.60183189655154,-66.51326044311178],[-76.10183189655154,-66.51326044311178],[-76.60183189655156,-66.51326044311178],[-77.10183189655153,-66.51326044311178],[-77.60183189655154,-66.51326044311178],[-78.10183189655154,-66.51326044311178],[-78.60183189655154,-66.51326044311178],[-79.10183189655154,-66.51326044311178],[-79.60183189655154,-66.51326044311178],[-80.10183189655153,-66.51326044311178],[-80.60183189655153,-66.51326044311178],[-81.10183189655154,-66.51326044311178],[-81.60183189655152,-66.51326044311178],[-82.10183189655152,-66.51326044311178],[-82.60183189655153,-66.51326044311178],[-83.10183189655153,-66.51326044311178],[-83.60183189655153,-66.51326044311178],[-84.10183189655152,-66.51326044311178],[-84.60183189655152,-66.51326044311178],[-85.10183189655152,-66.51326044311178],[-85.60183189655153,-66.51326044311178],[-86.10183189655152,-66.51326044311178],[-86.60183189655152,-66.51326044311178],[-87.10183189655153,-66.51326044311178],[-87.60183189655152,-66.51326044311178],[-88.10183189655152,-66.51326044311178],[-88.6018318965515,-66.51326044311178],[-89.1018318965515,-66.51326044311178],[-89.60183189655152,-66.51326044311178],[-89.9999999999998,-66.51326044311178],[-91.41492967384144,-66.50882710196576],[-93.47600472763703,-66.48648404707146],[-95.50581941137251,-66.44598869063562],[-97.50510055436196,-66.38801680440424],[-99.47451334936387,-66.31315605634198],[-101.4146676787877,-66.22191617103158],[-100.27507733976577,-66.23502893540163],[-97.71303592831346,-66.23502893540163],[-95.29156925932787,-66.25711738345636],[-93.42320879821554,-66.26428861020203],[-90.58313933626873,-66.29869692282846],[-88.59416687657966,-66.31817553492483],[-86.28738919762846,-66.32447304808355],[-85.22473336033606,-66.31817553492483],[-83.73111733201765,-66.31178072445562],[-82.88049893906548,-66.32447304808355],[-82.60978696762072,-66.2920089888968],[-78.29661130338185,-66.30528757270812],[-77.14971768047023,-66.3048048009444],[-77.18040313377732,-66.28666099258601],[-81.16354130157687,-66.26428861020203],[-84.07776497838786,-66.23502893540163],[-84.64227967067036,-66.23502893540163],[-85.54975394998719,-66.22747469659934],[-85.89320801351509,-66.2198251851811],[-86.53791569831526,-66.2042410969262],[-86.99911636012789,-66.18300340417218],[-88.00634832891431,-66.11179550919339],[-88.44959748361899,-66.06604893899228],[-88.44931637398183,-66.02779319075468],[-89.79695412576739,-65.98807409344364],[-90.63204810568627,-65.96766962140154],[-91.2461605846831,-65.93712867917964],[-91.19785450166283,-65.90467912107691],[-92.3976399358218,-65.86633889468219],[-93.36987112080787,-65.85274855419553],[-93.58590083845111,-65.83557428595309],[-93.04240485128382,-65.81473887857757],[-92.303676408153,-65.81473887857757],[-90.31022477991579,-65.83766085902919],[-89.38924892320506,-65.83766085902919],[-88.46327827629905,-65.86022621372625],[-88.03274142861164,-65.77968917560203],[-87.84005675186364,-65.73171735208544],[-89.27186649651881,-65.65711366193501],[-90.8797778197273,-65.59253433791059],[-92.36180899781576,-65.56132868465419],[-93.51737368822371,-65.51216084457889],[-94.53933564640303,-65.49846263461862],[-95.34973179442001,-65.49846263461862],[-96.75489272772086,-65.42866655795648],[-96.3880010635293,-65.38575281360694],[-96.26138398333296,-65.35686735957188],[-96.97294372639571,-65.31251025279374],[-97.44276598813062,-65.35671449860395],[-97.78056895925876,-65.35671449860395],[-98.50097664452859,-65.32733087192452],[-99.62846316755754,-65.25237042375325],[-100.35810586712503,-65.14383477413894],[-99.84742167920265,-65.13733621980914],[-99.5602728629679,-65.11205642729064],[-98.13389335441326,-65.11205642729064],[-96.48369619068649,-65.1575855866457],[-95.085013929306,-65.22178839058934],[-94.58238558469066,-65.23712140645274],[-93.86869766413925,-65.15959613336446],[-92.54702963745855,-65.18178798862141],[-93.00954553686778,-65.11474284793532],[-93.3672328215773,-65.05874201738568],[-94.47721534738976,-64.98890426029686],[-95.37233651306282,-64.9815425244313],[-96.33695480278057,-64.94806467146662],[-96.07564035335989,-64.88009382623247],[-94.76879408118,-64.89721229232717],[-94.48281493240701,-64.86288903955145],[-93.89809527308213,-64.81076714984448],[-93.20237787144859,-64.7755965414861],[-91.94903327042614,-64.70424173542281],[-90.83487783793642,-64.668059666998],[-89.96509716244115,-64.61315123494842],[-88.93367220386334,-64.55748398195118],[-87.92642961156304,-64.59467977842938],[-86.24746267406913,-64.59467977842938],[-84.78570154354232,-64.62235534680411],[-83.84027993494482,-64.56681453744405],[-81.31884070294178,-64.60392604489782],[-79.42573193128636,-64.52936776802795],[-78.42152071602582,-64.5481323580845],[-78.29951943432236,-64.47256294917344],[-77.58715812616563,-64.52936776802795],[-76.08606934814544,-64.51051707229131],[-76.46469849999704,-64.41366115274316],[-76.07648903773952,-64.38057399290682],[-75.49433093443486,-64.41732215909552],[-75.05942019061389,-64.47909995785037],[-74.8015798067439,-64.56836206234509],[-73.9455697244343,-64.60392604489782],[-73.6602383589889,-64.57542066542293],[-74.09809083402831,-64.47256294917344],[-73.79160254068836,-64.44286635810849],[-73.22706468093878,-64.47256294917344],[-72.68820010169345,-64.58598585194758],[-72.79126397983428,-64.63145686869485],[-72.27451569666775,-64.71405615418439],[-71.5463803049825,-64.67713726919041],[-70.83300380756125,-64.71323495924321],[-69.74540838554896,-64.73115986538438],[-69.2936676566202,-64.65896097475598],[-68.14117142503254,-64.668059666998],[-66.5639076585821,-64.70286887702599],[-65.86828937027094,-64.7042435134188],[-65.39599243657278,-64.71568028796396],[-65.41432051279357,-64.65985129109026],[-65.71452440432837,-64.62945663684289],[-66.41736550447641,-64.61635798088788],[-66.15103831889266,-64.5856304542489],[-66.30969289939385,-64.54132888728525],[-66.52116246169253,-64.51452020363303],[-66.88239630088138,-64.52794499901823],[-67.07137304431157,-64.53241042902005],[-67.73969554012851,-64.4239214723677],[-68.53461331146426,-64.38593439529276],[-68.81950715055929,-64.36401274432977],[-69.15667545565839,-64.28768256501478],[-67.74174671365043,-64.34075752721617],[-66.6776357629815,-64.31269495997428],[-67.24701287275022,-64.25605702624662],[-69.13786385138641,-64.23702511318984],[-69.40646060006841,-64.22748165811014],[-69.81057823028753,-64.16981608039167],[-70.15375784444808,-64.07219103827315],[-69.40891551854021,-64.08486220285951],[-68.87530265455239,-64.16498024958051],[-67.3500232920287,-64.14072784716544],[-64.85742475553577,-64.22771997944551],[-64.19749140687422,-64.20756405829304],[-63.27581856882481,-64.18732593911609],[-61.858665308585884,-64.20756405829304],[-60.807683598566086,-64.22771997944551],[-60.372903977230756,-64.16699961037156],[-60.41368825051336,-64.08486220285951],[-60.04760501098981,-64.08486220285951],[-59.57180856202678,-64.20756405829304],[-58.66950697182754,-64.24779170296495],[-58.064563936071686,-64.20756405829304],[-57.62364250061703,-64.2677792310304],[-56.34939476093743,-64.34688546793693],[-55.09732052458614,-64.38593439529276],[-54.42155411814898,-64.40533255619401],[-54.2856698616246,-64.34688546793693],[-54.4783604975217,-64.20756405829304],[-53.70264606113836,-64.18732593911609],[-53.22363617254544,-64.24779170296495],[-52.48376803971888,-64.32723665217365],[-51.60852588639378,-64.30750170548033],[-50.49446468288815,-64.33707255255233],[-49.35961262113643,-64.29760265943408],[-48.01032275028171,-64.23776636575435],[-46.59137521722965,-64.13635725107252],[-45.793826694968836,-64.07450002075547],[-45.61379656845699,-63.990844314780254],[-45.983652579451,-63.81948877822519],[-46.73109671538435,-63.665122477450524],[-47.412404407034806,-63.460563295183725],[-47.97336007278594,-63.36744447387201],[-48.35682018423177,-63.22522156282951],[-48.24788855378978,-63.079933531157224],[-47.7905700759392,-63.03082465764603],[-47.824903733490856,-62.856243768469746],[-48.15397306422763,-62.72897657820875],[-48.47054001876366,-62.5734180892225],[-48.99093865030015,-62.49447872971969],[-49.26842206034115,-62.25298821908026],[-48.69230949639349,-62.22572233222418],[-48.23644186087832,-62.00446603032273],[-47.848780774971566,-61.9200545554661],[-47.76643004454041,-61.77762047034619],[-47.583422255958354,-61.66209042481706],[-46.88145108627123,-61.456518876762416],[-45.78478629625743,-61.36709271466411],[-45.23298821064447,-61.155316180688054],[-44.4560433169613,-61.12470568645701],[-43.91084212231487,-60.93916552057214],[-43.45427710880074,-60.87660234212402],[-43.13085906482582,-61.0632181247443],[-43.49144202630401,-61.155316180688054],[-43.76899673601381,-61.21626793908348],[-44.06724741901137,-61.30702960001753],[-44.3563293723035,-61.30702960001753],[-44.76104924472638,-61.30702960001753],[-45.482013118261456,-61.51569829183252],[-45.67508232405069,-61.63298785676355],[-45.93820212193052,-61.86334276738516],[-45.721124297650626,-62.060300838276376],[-45.78899177867696,-62.17092990546298],[-46.32010522385221,-62.115789561639666],[-46.65895394215066,-62.115789561639666],[-46.93216544244462,-62.19836957987802],[-47.161577637895306,-62.307256949434176],[-47.33147643569277,-62.41475983375958],[-47.25979379703926,-62.599559660071414],[-46.92367449331677,-62.703265159400615],[-46.53275324972511,-62.805593179441985],[-46.007062621730064,-62.856243768469746],[-45.511288761984254,-62.856243768469746],[-45.11131147712904,-62.931577282184634],[-44.60063090178683,-63.104361222542046],[-43.73589076870646,-63.3203782384406],[-43.31119707789729,-63.437410803878045],[-42.821823433330586,-63.52951231366238],[-42.27406016787811,-63.70965010073479],[-41.673691127498955,-63.88438041118861],[-41.18925301339321,-64.07450002075547],[-41.0811655735768,-64.17717229926522],[-40.90948777828265,-64.3762056620737],[-41.29388773047262,-64.58541243726387],[-41.60486117434582,-64.60392604489782],[-41.68068068732554,-64.69522919466363],[-41.906147725338926,-64.80200618802247],[-42.76464645010601,-64.83692323138125],[-43.969085224266884,-64.92273545345182],[-44.565221360642994,-64.95646592893341],[-45.20272384352327,-65.02291266872156],[-47.374105853966455,-65.00939513612954],[-48.79178584331285,-64.97882819714813],[-49.14645102637245,-64.93964389005517],[-49.75726642889496,-64.90574230770811],[-50.370084508782114,-64.87150201040721],[-50.770169396203414,-64.87150201040721],[-50.847160015222805,-64.92273545345182],[-50.40871606758037,-65.00642826476718],[-49.584429814953964,-65.07185624129978],[-48.005852229959444,-65.18307827562462],[-46.569637944750454,-65.1867380904147],[-45.985345735001005,-65.25475810508901],[-46.727004750794414,-65.30506776759876],[-48.4422701024199,-65.275083489977],[-50.029602797181546,-65.22946633980506],[-51.00917919212364,-65.20390011900179],[-51.531134457910305,-65.22661992605705],[-51.05011983254564,-65.2881400991048],[-50.53061301219277,-65.33470899121912],[-49.55211088650481,-65.34940081210388],[-48.92436966369413,-65.34940081210388],[-48.420465412113316,-65.37852657020967],[-48.3518863444934,-65.41222088407905],[-48.53153018189092,-65.4215681525311],[-48.97458106146223,-65.4638348097685],[-50.47125287062467,-65.4498322985231],[-50.91679727008103,-65.43574338978046],[-51.98099524287952,-65.33470899121912],[-52.65784219328816,-65.33470899121912],[-52.2814397205593,-65.41222088407905],[-51.12748373084868,-65.50532324954787],[-50.77845605855097,-65.51897945541216],[-50.50815575447815,-65.50532324954787],[-50.00236118837279,-65.53254889963237],[-49.3370506002519,-65.53254889963237],[-48.138153072349944,-65.49158035745833],[-47.04468649559039,-65.54603017854461],[-46.79109312796069,-65.57941763658165],[-46.59614214514404,-65.62509779449525],[-47.101514770470956,-65.63797027953535],[-47.93429125300004,-65.65075526392769],[-48.71466075724939,-65.63703018175606],[-47.3619870250624,-65.70101717072248],[-46.449507873176756,-65.68373334345985],[-45.947085329946475,-65.71336329739651],[-45.0126357691966,-65.7618662612393],[-42.87280906451117,-65.82050275822927],[-40.29736573917075,-65.87691564414918],[-37.053420902081044,-65.96251156937419],[-35.185681518391036,-65.99311969095584],[-34.405234692857434,-66.04231107828001],[-33.93926482737321,-66.0983149198264],[-33.232284254293724,-66.08001566704853],[-32.25047609818659,-65.99311969095584],[-30.701858827546886,-65.95212756023685],[-30.068410848974334,-65.94810175612315],[-28.379334486720687,-65.94165415870933],[-25.857629285523657,-65.92043451869912],[-25.28763458791757,-65.94165415870933],[-24.838297989952263,-65.86581172286857],[-22.769407055865145,-65.79731504774574],[-19.742001344802627,-65.7855874145092],[-17.446434427854307,-65.72562136813688],[-17.230510115517625,-65.66345265868685],[-17.626220068072517,-65.62509779449525],[-17.84002210747318,-65.54287233815694],[-18.21201393439656,-65.51619270704676],[-19.61246972303023,-65.51897945541216],[-20.205828944519904,-65.53254889963237],[-21.59014863261616,-65.50532324954787],[-22.447683295224195,-65.50532324954787],[-22.64206929949898,-65.4073080668885],[-21.96671379871922,-65.27508497870355],[-21.023239893074308,-65.16744483950836],[-20.361378017305565,-65.15172610964886],[-19.319023985814315,-65.05562669536934],[-16.736797333596964,-64.93964389005517],[-15.279767986501462,-64.85425491715404],[-13.377214766342579,-64.85425491715404],[-11.965487677092852,-64.80200618802247],[-11.310484453213215,-64.58541243726387],[-9.612905343507206,-64.41540050810828],[-10.013355569531193,-64.35668120631604],[-10.752490946967397,-64.41500196614676],[-11.393541273121532,-64.3762056620737],[-10.9993463575743,-64.25779599132467],[-10.55485054793418,-64.21765453385912],[-9.819278644077908,-64.18837117840201],[-9.651541751472825,-64.09993597015406],[-8.517430287004297,-64.0099270904903],[-8.055202140224925,-63.958604357754545],[-7.896246101714241,-63.88939953392163],[-8.46739206635428,-63.77801349600045],[-8.525736292566702,-63.70051982933363],[-8.148178448815575,-63.67043796303953],[-7.969926297927842,-63.76615952663696],[-7.659703200292015,-63.75383976229833],[-7.057017121591797,-63.642734091610556],[-6.749928512925654,-63.597699215485825],[-6.476114887571169,-63.62025671990245],[-6.047545618702454,-63.81931047363247],[-5.316955049533575,-63.77580790831519],[-5.269969000482494,-63.658362039420844],[-4.994440648584285,-63.552325925701076],[-4.417735058154423,-63.48363102538186],[-3.9760981016221573,-63.552325925701076],[-4.324468639193544,-63.628062036484636],[-4.352669136207759,-63.70651770153914],[-3.3699800176966463,-63.665122477450524],[-1.8738315352226689,-63.6985498853758],[-0.8628209444179928,-63.676286076429875],[-0.5402848806054541,-63.78676031861498],[-0.06300849671409965,-63.74282402180002],[0.4698868079331219,-63.676286076429875],[2.293599661441178,-63.5637009851717],[4.570078356076385,-63.425802763891646],[5.945574613858571,-63.30855802166686],[6.595278584073231,-63.30855802166686],[7.189478249289204,-63.49513311383064],[7.711745651572173,-63.54092970294032],[8.317748872106097,-63.49513311383064],[8.843836126183364,-63.379160867464755],[11.24075611590637,-63.33217721959894],[12.334326645715874,-63.30855802166686],[13.674823724094948,-63.33217721959894],[15.701150789680169,-63.46056557698682],[16.50823085244381,-63.46056557698682],[17.90503755135951,-63.39085372973806],[19.8695189965885,-63.29671656523918],[21.576209214763534,-63.20122216273988],[22.400580430010574,-63.12870605616338],[23.152729337539036,-63.07993594726388],[23.469726321793615,-62.94189314761088],[23.943538815858123,-62.81957029412055],[24.49272503387643,-62.80559568842821],[24.66674429459042,-62.94694591418842],[25.025286076283408,-63.0061409732035],[25.432120845974108,-63.15600376191175],[25.73254330044039,-63.17559128465487],[26.146583990784645,-63.082049721917755],[26.592281979624083,-63.05722416532473],[26.583101623168748,-63.13143828618019],[26.272909405407795,-63.17559128465487],[26.447038075723267,-63.20973489119363],[26.65941621223338,-63.24854892382852],[26.83687774747088,-63.19512288233046],[26.99261331567224,-63.14127401254343],[27.06105000306526,-63.170699647691656],[26.954332212643024,-63.219458763699606],[26.8767403463468,-63.29194499210586],[27.089425629041223,-63.267870962636955],[27.778840553217915,-63.19024522484376],[28.170846175044044,-62.94694591418842],[29.98353184988054,-62.78014179692398],[30.535937604946817,-62.677467805636695],[31.728725926099944,-62.65158702960371],[32.2777789110403,-62.55339509851243],[33.19405829185387,-62.53404673495884],[33.30850959242357,-62.49266654864191],[33.30599199874312,-62.44681792716826],[33.57125986846716,-62.41098084376741],[33.939964618247295,-62.43659545562958],[33.90009430065608,-62.52814679047917],[34.07321007214272,-62.56347112208582],[34.871740665020646,-62.48124623938498],[35.323516949143745,-62.44681792716826],[35.141097788495316,-62.40071372488965],[35.00574879154502,-62.35951494332331],[35.10308062681794,-62.30253113693003],[35.595459704916294,-62.286921737069505],[36.06686753774668,-62.320773266501085],[36.22654914126131,-62.36467563440668],[36.477163939657956,-62.34401104805401],[36.51708398133309,-62.29212717807863],[36.405523815802525,-62.23992607488216],[36.508928607646816,-62.15044539275314],[36.64901830908931,-62.1133287941697],[36.97205581115583,-62.0742084489585],[38.550446678294755,-61.93417778653628],[39.54952890699382,-61.90590944574983],[40.53873476396001,-61.92485678830233],[41.077184835006946,-62.100240475368835],[41.50508051193309,-62.10409956178361],[41.71892368788634,-62.127215849395085],[41.6463117489475,-62.18855839975493],[41.32804536037666,-62.203826537342],[41.1780203282948,-62.27598391870004],[41.69578345794852,-62.3099512678565],[43.15159710851991,-62.411038873448554],[44.86197433110373,-62.48124623938498],[45.32395158236965,-62.50768963817573],[45.9223866547373,-62.48124623938498],[48.20576163131919,-62.586502224705576],[49.92974547083034,-62.586502224705576],[49.97203785489029,-62.69037977445566],[49.752517733971416,-62.85018309848341],[49.191121675056884,-63.02934526577833],[48.860334347722294,-63.09216044823613],[48.42896023561635,-63.24869979903824],[48.112897999559074,-63.292996532159755],[47.93373080958232,-63.237190544189595],[47.56543196423608,-63.292996532159755],[47.08249540276544,-63.424123070750376],[47.43338694607948,-63.485633601859064],[47.60693215056141,-63.49175100981366],[48.067222463976854,-63.41174809541741],[48.09748174786692,-63.46110177780275],[47.541858690408766,-63.60085392648277],[47.14702366437651,-63.60898965322901],[46.24511113506379,-63.78676031861498],[46.01380281174879,-63.895123988363636],[46.406001836086695,-63.980294637435605],[47.29962694407639,-63.980294637435605],[48.067809192299,-63.87361999400878],[49.0871626794193,-63.676288278845185],[50.106902673234885,-63.44899993243071],[50.73225691171601,-63.355711491026106],[52.3269195437633,-63.21323368229132],[53.233406556366944,-63.11654549797343],[54.37147282957197,-63.06769012254346],[55.33421035827188,-62.919077657955654],[55.970445271276276,-62.76738520192108],[57.385951436914276,-62.612600717440976],[58.37219501762853,-62.50768963817573],[59.25106051390943,-62.401400357016],[59.97544339155996,-62.374611241391776],[62.20966632301391,-62.26658860549437],[63.39074652877346,-62.29372429911106],[63.960667089218255,-62.20769137079035],[64.22948093252742,-62.10195279468696],[64.65149140172912,-61.97882642820426],[64.84607963404217,-61.96236142162226],[64.75039508049514,-62.08854897898816],[64.59707649133219,-62.21306682254705],[66.31821777972432,-62.15718017253927],[68.23588598303495,-62.15718017253927],[69.9320251533856,-62.12961001644764],[70.82533735301107,-62.184663320772515],[71.59571871697895,-62.15044539275314],[72.00140430623419,-62.16404010422059],[72.11841960511478,-62.25860664854792],[72.7877027201962,-62.13682945526149],[74.06630397022963,-61.96715524310846],[74.76663782900265,-61.930044042086635],[74.99688196445338,-61.92539238335025],[75.20379827175866,-61.92074114213159],[75.48213848593048,-61.91143154698892],[75.86553046511771,-61.9625253311264],[76.3163470287296,-61.93418057332383],[77.24423085745315,-62.046376920478416],[78.3543627891742,-62.10195279468696],[78.69336330089516,-62.10195279468696],[78.81519583712111,-62.19405673898383],[79.0246916853197,-62.20804533534161],[79.76473995968136,-62.19405673898383],[80.28857791309814,-62.151957568655625],[80.89896672706044,-62.08133364506122],[80.92303040327911,-62.046376920478416],[81.22959800807241,-61.959971895442834],[81.7612176985296,-61.93838486410587],[82.10145061984258,-61.923964060005986],[82.33617908186018,-61.93418057332383],[83.26827138303587,-61.851517448432666],[83.75594719532634,-61.93418057332383],[83.69627662652275,-62.046376920478416],[83.6366573251938,-62.11671797400685],[84.29809143983218,-62.095503878779695],[84.61977962953678,-62.08842297357836],[84.83502911034981,-62.12961001644764],[85.15979966245033,-62.239368822450494],[85.8905346611455,-62.320773266501085],[86.99653344529702,-62.26658860549437],[88.46111992439056,-62.22572502864063],[89.34788677392731,-62.17093261904415],[90.1371740844732,-62.17093261904415],[91.1481700494272,-62.221250509025566],[91.72701318488261,-62.1002185905398],[92.51224951645783,-62.074063033058486],[92.26735933052623,-62.25552247865703],[93.72037249579282,-62.306672043182786],[94.56157207944702,-62.12629672994857],[95.46610599417386,-62.03030010132251],[97.43453466594887,-62.03242844420459],[97.82159531753656,-61.98632177012425],[98.42783329799886,-62.003940624626125],[98.96935394235562,-61.77221940733287],[99.37879850740336,-61.635871008219496],[99.96410614363042,-61.57452108774013],[99.633819451991,-61.79025049571234],[98.89016920095096,-61.968671184133235],[99.04816226402328,-62.004468795534564],[99.734484936164,-62.08279198460195],[101.27484661413543,-62.143405974077446],[102.90189267200716,-62.19837228487404],[103.34264295570765,-62.2909284705766],[103.6886691494532,-62.312919629048864],[104.23366216563764,-62.2865228335827],[104.71566265706363,-62.3567356038342],[105.44552087045338,-62.330580015153096],[105.52959263930508,-62.374195286582705],[105.15449864122498,-62.44127467273653],[104.9150444847002,-62.495402942628985],[104.94366642455512,-62.51425314225331],[105.43767410928467,-62.56494648924135],[105.51948424314939,-62.638613107706455],[106.4691018605854,-62.6182841443455],[106.25867996485741,-62.70802397948808],[106.46631326913386,-62.741802606764104],[107.72049037325677,-62.81829297923176],[107.3734985314919,-62.89704343784304],[107.4190167420634,-62.93152794788534],[108.33637580585236,-62.91775559155683],[109.25880104305944,-62.94406045596873],[109.72949460946298,-62.799626956418784],[110.01273551222516,-62.785605220274824],[110.02201220687829,-62.848494406735064],[109.71069313334597,-62.95214029715317],[109.90536555477888,-62.993189917607026],[110.44738086308806,-63.06769254286061],[111.4745437154711,-63.018495926671946],[112.14382495795458,-63.160702895313975],[112.35356242341066,-63.230029200716125],[112.33869146821793,-63.3504603605249],[112.8354972874651,-63.35368625880382],[112.87655171771814,-63.379160867464755],[113.05765437165469,-63.37621352757746],[113.3244950215714,-63.369784821796],[113.53912160882183,-63.37621352757746],[113.44547842370572,-63.45602772032853],[113.53995883858981,-63.47187087677496],[113.66435989356377,-63.48135717643079],[113.8746199605514,-63.44650314127589],[114.02234317669769,-63.44650314127589],[114.51795413941267,-63.44014468231706],[114.8086979532357,-63.47211003127695],[116.32051646492745,-63.54351506203043],[116.20697507138713,-63.61157295335482],[116.53048129065621,-63.653939955895225],[116.818504423498,-63.775747291289335],[117.1785403319652,-63.73282767624092],[117.21907232275824,-63.75739404775226],[116.90337568363353,-63.84254523911476],[116.52808903408449,-63.86964247268608],[116.06814065381401,-63.89062549544061],[115.75735798711322,-63.93532184229999],[115.62889132783232,-63.96786563231376],[115.83017748116885,-63.96196254036506],[115.36313378497641,-64.04399803880801],[115.26461482518596,-64.03817998755716],[115.03808256675445,-64.07298608520613],[114.89397692380669,-64.08164980596058],[114.28377107205523,-64.15612674717251],[114.04167267783686,-64.17032050260696],[113.67706393612812,-64.20422449119562],[113.16362349127553,-64.28241622385579],[112.61444466928886,-64.29348163769973],[112.37515857488769,-64.26576811157771],[111.58841984176014,-64.3072771384391],[110.65022765941855,-64.355981795011],[109.34196340389929,-64.44213295055688],[108.96547171700878,-64.56363670304148],[108.2536846781283,-64.58660314452777],[108.06304423425291,-64.5590276302392],[107.69185770584401,-64.58201976727554],[107.24437685383909,-64.65022881766808],[106.42760534096347,-64.66822297746118],[106.11681482029897,-64.72221062087779],[105.95470093585541,-64.78752632107985],[105.3905192373179,-64.86497618998048],[105.22067397171071,-64.8734787790553],[104.7620768308831,-64.91987229291689],[104.59781210341616,-64.96564251682045],[104.08938730248789,-65.03918779847298],[103.57297157583352,-65.07932057713323],[103.57687601565773,-65.10315231139545],[103.7956443517573,-65.10315231139545],[103.83464165128363,-65.12679563458877],[103.57091223312375,-65.17352280555805],[103.1058007461379,-65.23843768071892],[103.60374870807368,-65.22178990888146],[103.18835398127675,-65.30184546296537],[103.54731267466184,-65.32751617010865],[103.39570793411862,-65.35653855262579],[103.74069958215313,-65.4029864912343],[102.58925938620571,-65.4029864912343],[101.70602753960826,-65.41445099818195],[100.66400135508778,-65.45893105515515],[100.21696032699577,-65.45201272565001],[99.84033214641019,-65.46927109102268],[99.14920333799999,-65.4966123667688],[99.00907195997917,-65.47080501844059],[98.55453413458315,-65.50498506255855],[98.48441913991662,-65.54687924161615],[98.02517368302743,-65.58151433889279],[97.70044128423207,-65.59648317958133],[96.85250284212442,-65.65315903309526],[95.67545710380034,-65.70010798251656],[95.52362180074479,-65.72808336037127],[96.20291530803937,-65.7201374331959],[96.34696348295287,-65.7201374331959],[96.34346294848712,-65.74190117142955],[96.12415233000613,-65.76725838668902],[96.12727462385014,-65.7796915089949],[96.10705911725425,-65.79222058729938],[95.47936682833992,-65.85197615156281],[95.16347097750025,-65.88452804853141],[95.80652321535008,-65.90228238001073],[95.85206795304069,-65.9608659010488],[96.20306167993076,-66.00811795115844],[96.60984200102992,-66.0753840511574],[96.93825569345607,-66.0787838589523],[97.06679509022443,-66.08789248595662],[96.84208277519313,-66.10031759966171],[96.2001482120218,-66.1140888765569],[95.86945270257644,-66.1276419079934],[96.10150152625471,-66.13210992695964],[96.90275107968736,-66.11711932804208],[97.28225997673654,-66.12565906577967]]]]}},{"type":"Feature","properties":{"NAME":"Unknown","ABBREVN":"Unknown","type":"Unknown","weblinks":"Unknown","SUBJECTO":"Unknown","BORDERPRECISION":1,"PARTOF":"Unknown","CONTINENT":"Asia","INDEX":9},"geometry":{"type":"MultiPolygon","coordinates":[[[[31.908542125300063,38.87722078035963],[33.768154195132645,37.674633134953766],[36.058662728718666,36.28080942151691],[43.10754807664664,35.592088768561815],[46.998639064650234,35.00029782451637],[47.01432737155242,34.985774559017074],[47.11373275682626,34.849878017424565],[47.219680127556586,34.81717323737335],[47.339977274793895,34.686704497962324],[47.7334866545535,34.60560277461099],[47.9475654257039,34.393675955825394],[47.93779066011662,34.257306253489986],[48.17333128104795,34.208111262400024],[48.56174990467155,33.88029388568859],[49.10543456483332,33.664267687427945],[49.24636916614417,33.623238211995215],[49.299158006472,33.467994787760695],[49.418313153259575,33.4219194070008],[49.97428239477547,33.18148455558845],[50.59620645806744,33.00494573211967],[51.51357808474643,32.79212968515764],[52.737744013027424,32.18935644089513],[52.78502198792957,32.24745760983982],[54.18121439531345,30.475876636601946],[55.23498088085895,26.88907662172792],[53.91464975948149,25.113376490472472],[49.78063016865554,22.466168390879417],[44.601828672621814,21.636894170693754],[43.083986066341666,24.096307830139295],[40.461406533195685,24.976910356196065],[40.308780908491194,25.338522107022712],[40.106998717646796,25.81341511020645],[39.85995785762948,26.299419333599904],[39.719012183303555,26.522143911294187],[39.347804711916126,26.79730809333284],[38.75925574249975,27.170139131156297],[38.49993755644447,27.511787523803743],[38.09668688084257,28.138314642189652],[38.01738645717035,28.64853163267086],[37.95489788923028,29.05875341313358],[37.9116217626747,29.52595615692767],[37.84817714769247,29.72515907628589],[37.68000573427758,30.07048492483996],[37.187923820970695,30.922698480256365],[37.008155445131464,31.175531335303216],[36.64809785330563,31.49172525198791],[36.43759855045823,31.606142357389935],[36.214701334177164,31.6701459544279],[36.067227944029284,31.81303407723743],[35.82892701384966,32.10515831946215],[35.858588231524394,32.45333109734706],[35.78792986188492,32.672411214831115],[35.54120556933655,33.0800129077568],[35.163237240151915,33.60996960219579],[34.79305689085636,34.03087887965602],[34.773941039276885,34.05254021367516],[34.23493362875379,34.7786678331162],[33.95980246342202,35.226396911846656],[33.78314030645451,35.45558351184303],[33.432689539271095,35.81754061704153],[33.20503857819776,35.84378346802377],[33.09868124265757,35.843546431824],[33.11614632403512,35.98396283019942],[33.18340686213417,36.11746423992092],[33.24466499380431,36.733454049864],[33.25621280262373,37.00496199436885],[33.26199820176357,37.14014565577329],[33.23154815449199,37.218420335779875],[33.14144488590578,37.26803313806675],[33.11642467184255,37.23683444889989],[33.10102857002527,37.21762536372009],[32.96002213672012,37.04136237260873],[32.81841461928141,36.50814620769969],[32.75121640439086,35.84274291173454],[32.709164163140834,35.560819595030615],[32.64023826387277,35.48661057759215],[32.462006752041106,35.51987543691137],[32.24260654474077,35.76788413948657],[31.872542863415507,36.08780176979372],[31.682127843366032,36.32008932885042],[31.485907482447608,36.78210222752065],[31.239596863613546,36.9916227096067],[31.08352811239229,37.278781240388405],[30.985854582919607,37.49963760944277],[30.882601447562614,37.66137176946495],[31.604911250261384,38.784135939517014],[31.744526065031618,38.81198685158341],[31.908542125300063,38.87722078035963]]]]}},{"type":"Feature","properties":{"NAME":"Unknown","ABBREVN":"Unknown","type":"Unknown","weblinks":"Unknown","SUBJECTO":"Unknown","BORDERPRECISION":1,"PARTOF":"Unknown","CONTINENT":"Europe","INDEX":10},"geometry":{"type":"MultiPolygon","coordinates":[[[[8.086517159336797,65.61545386104525],[8.146857355162613,65.56204362051454],[8.223756028343903,65.55281150414345],[8.701459363033997,65.54066099039456],[8.738322578765315,65.57006340382316],[8.747279238707176,65.60216824917683],[8.89574880806483,65.61285277686719],[9.03670624928868,65.61595110526687],[9.329946281088214,65.5795871980885],[9.713165550437251,65.5193596570371],[9.951187198341591,65.50062028641908],[10.092910098233045,65.51800194695373],[10.00996752355915,65.54137260949449],[9.856990149390493,65.56912285243938],[9.732781115854504,65.60572038811743],[9.705785743970079,65.62233720204857],[9.925599502577095,65.65278446244106],[10.207239834918985,65.64509676549962],[10.354042617239998,65.63169861999683],[10.705893012037563,65.63038280539662],[10.880801217145734,65.61691831356156],[10.89244778503695,65.58501251173713],[10.869650208312832,65.56196725273493],[10.910988284554518,65.5496176175287],[11.072143572076548,65.54039224125368],[11.249934838040932,65.56679255333682],[11.363104789851356,65.57453978544737],[11.578895909626532,65.54377436042398],[11.79502824528572,65.51736177654035],[12.026226196316518,65.5049159259715],[12.299837561280702,65.49560294541743],[12.803631448294816,65.46091218477225],[12.96399167428881,65.44175076963008],[12.624974616729611,65.4189455193406],[12.089575214288514,65.40075675690215],[11.91939682346214,65.37611241757101],[11.808704407451463,65.27766799513431],[11.629481176231836,65.19891401492308],[11.28492770493501,65.18832561546029],[11.10747197488311,65.1393980937668],[11.021304738487324,65.084593233363],[11.04122605095656,65.04890192620279],[10.830042128215807,65.02900259015512],[10.668652034644518,65.03070183660634],[10.185297609832308,65.06447134256437],[9.611041628351375,65.11207045930034],[9.18434892871601,65.16445433247848],[9.346957415556284,65.19753903139807],[9.789539878361007,65.2012536171021],[10.288646072506467,65.21362908118388],[10.528852060378746,65.24803524004666],[10.326065778309824,65.27001683811169],[9.819780532894548,65.25782986026594],[9.383867266667716,65.24735242313085],[8.906079660109588,65.24365410766181],[8.73210924302605,65.28936180309503],[8.99928042953251,65.29457458196879],[9.372406432228962,65.31325698459172],[9.956814513898545,65.34028350423407],[10.359248454096146,65.37849640497731],[9.622918348148815,65.41238422940827],[9.356997617894612,65.43650219025336],[9.201758604839945,65.42511009421445],[8.953247485917476,65.37111236325352],[8.671094578407875,65.34617461675725],[8.516294121848981,65.3411108046968],[8.158470914761384,65.35581718298646],[8.053625220769462,65.37059903272328],[7.738561400063978,65.40154690642134],[7.500322995775251,65.42090950051241],[7.283739541397637,65.4546282811768],[7.735154495525111,65.48675492215568],[7.477017631064743,65.53220817906498],[7.11715359113674,65.50694837528114],[6.983786372949956,65.51316095754862],[6.690919846705528,65.57204277533033],[6.896274434406475,65.59966692665041],[7.037098895906798,65.60125693388464],[7.326126892021653,65.61051420427482],[7.607487365890743,65.60762980933174],[7.7625788756644045,65.61225588092614],[8.086517159336797,65.61545386104525]]],[[[13.410520453413962,65.61244844811725],[12.970866499556951,65.61348797993575],[12.4149625620077,65.61470647212963],[11.942991938827742,65.60991658749481],[11.738510474861126,65.60526174546933],[11.170366394796437,65.62911952776378],[11.35447671136856,65.66301269993457],[11.565405686871989,65.67567510392615],[11.72646172872858,65.7084976496933],[11.985456303054857,65.75025430303292],[12.416500507450168,65.70110512339177],[12.698289661113872,65.69347597913126],[12.993740821861278,65.69986671312775],[13.247331994315992,65.69377205315644],[13.473251899593416,65.6688816709245],[13.676757010544485,65.69245100687351],[13.774169411326199,65.72507605951557],[13.977371021106428,65.7467261331117],[13.979580759533595,65.68793109122421],[14.036532554598232,65.66447547286384],[14.268831056027683,65.66460283225875],[14.48598699217646,65.70067447159917],[14.745723565758983,65.71941970680336],[14.978367289922556,65.71025568697254],[15.183655706035978,65.67607961483252],[15.380850116858973,65.6730584799846],[15.915582593862402,65.68117781478134],[16.35949453455329,65.66731522036227],[16.55639061854437,65.63943130815721],[16.44194393660228,65.624359122827],[15.965087756427913,65.57700495464927],[15.560990258345683,65.54748252412863],[15.272091840299389,65.54266753279134],[15.017790369576328,65.53163106677081],[14.69023790931909,65.50259175659855],[12.940678396703827,65.51032210129557],[12.89608012006864,65.54015007134065],[13.283551760300844,65.56049200501748],[13.410520453413962,65.61244844811725]]]]}},{"type":"Feature","properties":{"NAME":"Unknown","ABBREVN":"Unknown","type":"Unknown","weblinks":"Unknown","SUBJECTO":"Unknown","BORDERPRECISION":1,"PARTOF":"Unknown","CONTINENT":"North America","INDEX":11},"geometry":{"type":"MultiPolygon","coordinates":[[[[-49.80337412580301,53.212269762121345],[-50.23087298301882,53.279290724847094],[-49.86800854613304,53.494281635118746],[-49.70539322890431,53.540537380743224],[-49.6073241173416,53.52395425388997],[-49.49486522967094,53.52411526616688],[-49.31759386402112,53.599547672248576],[-49.482408712687516,53.78623485376132],[-49.41783131725869,53.84831701125974],[-49.08228668512537,54.09521861546791],[-48.441139923552186,54.47046595224738],[-47.68179178855032,54.828311375692124],[-47.33758867062952,54.94785936253484],[-47.11984955290624,54.999576579194134],[-46.59295698741664,55.05161026412552],[-46.52967679603741,55.03197709702447],[-46.522542433690134,54.972728639020524],[-46.6700121421269,54.91312457992774],[-46.89485766635963,54.90488874055385],[-47.00725176280659,54.869005978080025],[-46.943997590239235,54.74962729757531],[-47.35180759486537,54.536517886889776],[-48.04201742393656,54.13765785574862],[-48.22715584533429,53.98995803248547],[-48.22886474585663,53.90773654634069],[-48.18670088745255,53.90780129349107],[-47.99591326193913,53.95744465821734],[-47.72592309347089,54.11354699322311],[-47.521834386904914,54.16703661963557],[-47.14300568319198,54.08161921214382],[-47.58973382305014,53.888070998751196],[-47.520632522320575,53.83040102197527],[-47.44373277516231,53.80984764442582],[-46.9830457118169,53.64875474744466],[-46.6876728883524,53.657506492559804],[-46.50265234878109,53.7739775506896],[-46.37581420540927,53.790709666643245],[-46.109068846679904,53.774539672363666],[-45.82200954869934,53.71692450846694],[-45.619432648925084,53.65073680236765],[-45.77564961057291,53.567147382910186],[-45.95262845942224,53.49999947229153],[-46.29254365216947,53.36517896603982],[-46.20996492869674,53.2683149962133],[-46.07831078973056,53.16267427962287],[-45.97994764282544,53.1585697866227],[-45.796332539325896,53.20547779763878],[-45.59880456070097,53.24385609260794],[-45.508015813295565,53.21014037677031],[-45.52290376337053,53.163494595474454],[-45.657832801506856,53.08681755276159],[-45.84893166582707,53.01410066510089],[-46.20802570195673,52.983681911664256],[-46.2860494072906,52.9450926890833],[-46.23166069384138,52.83799033758854],[-46.24076842248973,52.71741623775466],[-46.16458579931648,52.648392169952416],[-46.06511861596555,52.709049862417885],[-45.90910655180549,52.78687113194606],[-45.72707872455992,52.739760203439864],[-45.82776625533496,52.6056059256528],[-45.80803974721544,52.52315833535658],[-45.5339058666351,52.51487949180123],[-45.49867548364848,52.519282834222196],[-45.52077171522955,52.45831372268318],[-45.62772361737808,52.36647772477521],[-45.81373442567614,52.16871158361609],[-46.03486831488365,51.96945468566395],[-46.111901936118926,51.99150077509758],[-46.37152384206803,52.03097381747439],[-46.46930756519242,52.0750472430974],[-46.39579939193017,52.2733283187989],[-46.68615061274448,52.149743280512084],[-46.833923666153076,52.14511787834197],[-46.83257064154597,52.228748251145376],[-46.548030623733666,52.426225170933726],[-46.49713689380397,52.52646551611102],[-46.59316522159576,52.669368285540564],[-46.691238283189506,52.690831760754904],[-46.897168951735004,52.57362823564259],[-47.10257215010541,52.486392519349394],[-47.265064156542266,52.44258001140737],[-47.463003606546074,52.38116963863778],[-47.75405772228395,52.21854387582292],[-47.99487968238305,52.11686067924703],[-48.332266791350115,52.12958065873725],[-48.387427378604485,52.195575695189056],[-48.30229281795717,52.2396696522536],[-47.765706346722624,52.36321535749445],[-47.509872688044524,52.520584073628896],[-47.212659483469146,52.629501786192016],[-47.46512392927408,52.66805481015876],[-47.689844118247535,52.68501310016879],[-47.88212885027544,52.546095616333076],[-48.04395641134764,52.54150888252568],[-48.071242438523925,52.58920088635472],[-47.98427019335678,52.73637120333114],[-48.27967838702283,52.73161367892623],[-48.379667315196706,52.645045942596575],[-48.570688973236564,52.579776201744025],[-48.98581156707136,52.56612406994395],[-49.25273809182777,52.583083260842734],[-49.66660224829823,52.63878793021612],[-50.04586627437186,52.66417217135401],[-50.580610244739276,52.6460617656733],[-50.99632112667445,52.602124310757326],[-51.023391113987294,52.658377416959524],[-51.034824068293155,52.79639340783308],[-50.935388495146015,52.84813014736379],[-50.666284961500345,52.94710882374167],[-50.319442576680686,53.06713411006323],[-50.100571310973756,53.11424417218998],[-49.80337412580301,53.212269762121345]]],[[[-53.12389664245538,51.216529800592184],[-53.299491314866266,51.23447110688193],[-53.45283138953256,51.32059662583138],[-53.50608474943334,51.49699381947987],[-53.38303833287952,51.694998119943804],[-52.977999315647644,51.92318604538276],[-52.45171276422051,52.24211142690249],[-52.200930336365836,52.11038561035581],[-52.414339185314134,51.97733572219846],[-52.5294085127016,51.83486728858092],[-52.67189157237024,51.731927675708555],[-52.79211471251752,51.69592470944673],[-53.068186577562116,51.596760386434056],[-53.23241817400986,51.456799252482845],[-53.06486611750795,51.38016136003575],[-52.994361542760274,51.389326602761],[-52.84524877306065,51.47095943592598],[-52.62522162192982,51.58396734191294],[-52.33510198415442,51.68319432086255],[-52.222841918647944,51.66543226139236],[-52.09866874615249,51.521761689088216],[-52.22007740090105,51.41317837220502],[-52.34051042434327,51.363170475634426],[-52.84926442304492,51.230633508144656],[-53.12389664245538,51.216529800592184]]]]}},{"type":"Feature","properties":{"NAME":"Unknown","ABBREVN":"Unknown","type":"Unknown","weblinks":"Unknown","SUBJECTO":"Unknown","BORDERPRECISION":1,"PARTOF":"Unknown","CONTINENT":"South America","INDEX":12},"geometry":{"type":"MultiPolygon","coordinates":[[[[-56.168306177023965,-56.93978650453173],[-56.52682064553973,-56.9642361970138],[-56.723103279667896,-56.93559723819159],[-56.975150843725075,-56.87802043796571],[-57.12976039432973,-56.878216292215704],[-57.284766181317856,-56.90376359405894],[-57.580830884010766,-56.95834556335012],[-57.75664377106414,-56.96578700197804],[-57.78335131901031,-56.88266674432425],[-57.775132348579604,-56.80642999468111],[-57.87943324551442,-56.73004961759177],[-57.57679087509229,-56.69312579198334],[-57.035913825501424,-56.7070585470305],[-56.80919440930812,-56.78628883966605],[-56.55040917504585,-56.78475307136761],[-56.92233087857931,-56.615347426762334],[-57.069432665694876,-56.57511625986153],[-57.300967882352666,-56.545971619984336],[-57.385040180487835,-56.52396792834402],[-57.44834942108623,-56.531422521602295],[-57.644219476752966,-56.4467299337937],[-57.81195161842229,-56.34678186107779],[-57.333131403617884,-56.20063155905978],[-57.40997785408057,-56.12571735128159],[-57.50112202529959,-56.08822961664081],[-58.119755961158496,-56.160437199722836],[-58.27402244887597,-56.104290882665],[-58.27348700197933,-55.98359570895633],[-58.25228431571421,-55.94192622351046],[-57.956931455489155,-55.80849860962036],[-57.76019740407157,-55.643682398120596],[-57.549419698768396,-55.716260876366306],[-57.105531214373535,-55.732263115664125],[-56.74158162957384,-55.80688303855437],[-56.67842665282424,-55.86011385125608],[-56.74886226093802,-55.93993335883126],[-56.88071351736862,-56.02602680476064],[-56.77743492906887,-56.07221703209367],[-56.707260522039505,-56.09095196271779],[-56.496405894544964,-56.07184623774408],[-56.34199964272955,-56.105517515144996],[-55.956662815818284,-56.28851408546841],[-55.48729126237547,-56.45503995401823],[-54.96927923370438,-56.64219799892132],[-54.73102465368879,-56.69681102026216],[-54.38787486821738,-56.78757786948807],[-54.28270503017083,-56.80563713045972],[-54.128110991166,-56.80544046146294],[-53.91784587921522,-56.845139371340096],[-53.440098275265086,-56.85179321986429],[-53.390864193786136,-56.848099015342875],[-53.349481078388436,-56.902408990058625],[-53.378346382702155,-56.95305644159651],[-53.5472333184099,-56.9677027514899],[-53.969230059924946,-56.98986814730667],[-54.21557821623146,-57.037061598112274],[-54.34908995459916,-57.0372311472777],[-54.85408093421792,-56.9513033065383],[-55.14888685189163,-56.92999901206713],[-55.5774448192593,-56.923315356587395],[-55.87956223548768,-56.92007436811212],[-56.168306177023965,-56.93978650453173]]],[[[-65.29590799639878,-49.67207820642491],[-65.4726140672876,-49.63404832986584],[-65.64874711212327,-49.62475888353679],[-65.76253609495542,-49.567362177833076],[-65.85566732537228,-49.49056418563629],[-65.85204072676738,-49.33608120887443],[-65.90641752562202,-49.112770753569606],[-66.03026328303376,-48.93704224027429],[-66.097115443139,-48.79471553240987],[-66.0753949348162,-48.542639153631875],[-65.76672259897413,-48.50239490106616],[-65.56667562232856,-48.61609374975553],[-65.49342320577482,-48.729615601808156],[-65.69374422478394,-48.882508542527844],[-65.71296362861911,-48.960987963153435],[-65.38305170591364,-49.22378640345519],[-65.27669453734265,-49.58095305051641],[-65.29590799639878,-49.67207820642491]]],[[[-60.59864344446785,-55.91090229949504],[-60.80223308165392,-55.86558524763074],[-60.94954770656627,-55.647961612979834],[-61.25162059056776,-55.667557619410566],[-61.35707258215387,-55.57157210749876],[-61.35022744931771,-55.4788981141631],[-61.02000034060767,-55.505514527344886],[-60.872622648499,-55.451143306617226],[-60.77419712954355,-55.47811538495812],[-60.58424261877796,-55.68967232322797],[-60.61239977214779,-55.77769617935119],[-60.59864344446785,-55.91090229949504]]]]}},{"type":"Feature","properties":{"NAME":"Unknown","ABBREVN":"Unknown","type":"Unknown","weblinks":"Unknown","SUBJECTO":"Unknown","BORDERPRECISION":1,"PARTOF":"Unknown","CONTINENT":"Europe","INDEX":13},"geometry":{"type":"MultiPolygon","coordinates":[[[[38.25881740089465,64.23503048781507],[38.04809060342252,64.25139143580861],[37.71098442009719,64.27582871105099],[37.338968254860994,64.29195740054645],[37.128636708957586,64.28566207336681],[36.84812323948229,64.28136361387797],[36.65898851039498,64.26480242411421],[36.51147318550223,64.27702190837627],[36.09683204746993,64.33188509990079],[36.25067209611703,64.36646918183366],[36.51660623422394,64.41496935000521],[36.69183767425072,64.42510487067786],[37.15478219955726,64.42542640356405],[37.11224803091334,64.46528065297684],[36.81726229743784,64.50270109845043],[36.85907081548445,64.53225435199016],[36.950099370666166,64.5479953557975],[37.146483685386634,64.55008585503177],[37.35676277377159,64.56975984894711],[37.24437963420074,64.58719268454192],[37.03377539380196,64.6122411244872],[37.27522538010049,64.70713148611713],[37.3951926842518,64.7206581287159],[37.47896803105627,64.71303077988007],[37.7454271237459,64.71129371357627],[37.90286082391808,64.76684183864377],[38.073386125595476,64.80107919916927],[38.3066783047777,64.82762014148787],[38.55332778573101,64.84279873731988],[38.905014710486256,64.85425474055863],[39.29048756604646,64.84889554553952],[39.467047979257906,64.86396493920445],[39.5352968032411,64.9252030259167],[39.61935547946486,64.92341137031502],[39.838052542605446,64.93643816789077],[40.41105061839282,64.90915661213515],[40.53768632787161,64.91293361461666],[41.01075618051405,64.94453610435758],[41.27780601671142,64.94837677341464],[41.841662677319604,64.9725089265682],[42.34813924601157,64.98376477962378],[42.410387968208276,65.03804878470126],[42.475281880383186,65.0524421497637],[43.15779719975995,65.06539239664144],[43.699297967323155,65.07285961113975],[43.873215719115315,65.06047159481652],[44.067098128948786,65.03908587886352],[44.217417438355184,65.00490690089538],[44.12115247870599,64.95934920925778],[44.01415146630687,64.94278964320853],[43.716291942976426,64.91128998139075],[43.080874850362214,64.86818263187094],[41.95432071930768,64.81873101331652],[41.39098991905287,64.7900381467707],[40.848786408707106,64.75928820394998],[40.39081451009358,64.7265012133802],[39.835249775252855,64.70115726867495],[39.60967377963232,64.6797843236169],[39.59425617355175,64.65070093910711],[39.83928632000405,64.62765103255524],[39.769320969441075,64.60441642899971],[39.58024281924146,64.56541721147384],[39.432999017448466,64.56141831197073],[38.80867737434522,64.56879603145222],[38.724674709337656,64.54921355517715],[38.74595433724509,64.52372939559352],[38.99171786895486,64.49630298118825],[38.94991066454078,64.47052967278962],[38.69797704461125,64.42050381395063],[38.543479012949646,64.43639960512203],[38.29787485832854,64.44620000451667],[38.193065159304105,64.41213655105658],[38.52316140008985,64.3801817403502],[38.61484468354784,64.34382716710014],[38.44065879997702,64.26813546361831],[38.25881740089465,64.23503048781507]]],[[[35.63113952372736,64.07195925585198],[35.86881893488137,64.11649260355532],[35.9593669260062,64.15224750989152],[36.04310554277795,64.17737476886299],[36.47097959490763,64.1797781625479],[36.81421953795203,64.20913309256127],[37.10880066776048,64.21142721630888],[37.51547150712415,64.22208229665587],[37.69798010330739,64.21393336405609],[38.049213040318236,64.18717353285892],[38.07062607238806,64.16632771478707],[38.05078005788196,64.10334638983535],[37.99505325774696,64.08429572610628],[37.798793882937744,64.0756876985932],[37.71517411150481,64.04803486266319],[37.730220538323834,64.00109640879053],[37.91490890330852,63.89986416284528],[38.28304264915722,63.76863307949582],[38.76313148418417,63.66212935712655],[38.98883420856381,63.62185037421836],[39.298809580945225,63.581424092004866],[39.74952450760401,63.52953464725785],[39.803920197898016,63.49192787016605],[38.9643787612884,63.50379766674793],[38.7119569431582,63.49673249736378],[38.49577572142434,63.452966925130795],[38.32772857691938,63.441320978462635],[38.00983195505888,63.50759901593788],[37.88339128712359,63.51207473767643],[37.56091845811206,63.500383987246664],[37.328916714639355,63.513916610774096],[37.24330757830255,63.561662706063814],[37.58577200714536,63.60947053519485],[37.556813235894005,63.64097715938257],[37.521652114248994,63.64319455124639],[37.16981351793409,63.6787960671922],[36.635110736872875,63.731898199134086],[36.129376482180156,63.75368958336705],[36.05970592475309,63.73366713851315],[35.891719351719374,63.717969921299456],[35.67409413163253,63.72224785034261],[35.39918447058883,63.773042458477185],[35.27862934261834,63.82580718698868],[35.28471901177807,63.865203790278116],[35.36132222892261,63.891405675931665],[35.45944591449211,63.895831488799004],[35.57901656919287,63.88286187688976],[35.782507317006946,63.880843885415324],[35.901221047405535,63.90485216279931],[36.08157831106925,63.999864276760086],[36.08069729049631,64.04256762857469],[35.98250133426663,64.04248930664839],[35.63113952372736,64.07195925585198]]],[[[6.579493520880287,57.93805536527662],[6.707489335346484,58.05133803268772],[6.841042843418426,58.11053795002528],[6.945263068965158,58.09223408730491],[7.182916545427417,58.106316047866684],[7.455356013812568,58.12319866162791],[7.568505966983626,58.15411469469327],[7.864935622182674,58.33018122264168],[8.209980386088908,58.37463489319434],[8.291084906533296,58.369082521828524],[8.35508984506347,58.41758188047743],[8.418800941295958,58.41066137374665],[8.311207152341664,58.292616208675966],[8.354305239936155,58.26888988863772],[8.379826799579146,58.16113581151295],[8.281133722950905,58.12601350615919],[8.231462414924387,58.04286658745193],[7.628735365607355,58.02732331975053],[7.48977775268252,58.05133803268772],[7.336183883921387,58.04427657382294],[7.284098450809671,58.058394372292675],[7.199988232964751,58.04003854647675],[7.101444413435297,58.03297773315543],[7.057545685023104,57.93805536527662],[6.973297504731978,57.888282428183054],[6.848594856586491,57.861207335951285],[6.822405268773107,57.835522576928796],[6.735647697257175,57.87118529590002],[6.579493520880287,57.93805536527662]]],[[[9.780831363093116,57.37288357846366],[9.78782210957293,57.51084624407832],[9.907332309664051,57.52156501369337],[10.0760638759946,57.51119775752216],[10.118269556388892,57.37684826925541],[10.08314026874434,57.29144746580258],[10.033934570194779,57.27000182828137],[9.893372197467421,57.20193008558352],[10.125380853883168,57.13050162095167],[10.026974496430446,57.09082426024809],[9.85831671899062,56.99683285451632],[9.77392758018295,56.97507823617764],[9.717715396885698,57.01110656958267],[9.591144138263518,57.09387650895672],[9.443514109336542,57.086500496252],[9.197468389244055,57.10058383886003],[9.141185530217621,57.17948904126417],[9.01456047942481,57.33640624871895],[9.169221755832684,57.357923391693795],[9.373043686981859,57.4679967535823],[9.52071948165322,57.35124337127905],[9.71757377392758,57.30881142901006],[9.780831363093116,57.37288357846366]]],[[[11.585705376099284,56.409055385103095],[11.672549924168793,56.40294555902009],[11.706995246492133,56.35094176994643],[11.656335345759082,56.35831508515544],[11.591252338449497,56.36778371332973],[11.556571639853882,56.3800185849811],[11.394279744368465,56.360131949035186],[11.34202150037304,56.4261671930859],[11.334169528224457,56.47918763567015],[11.585705376099284,56.409055385103095]]],[[[11.741753814632094,56.3524769728915],[11.715999739797647,56.40447214958395],[11.779731790980486,56.40752917967756],[11.878196766008076,56.40752917967756],[11.921437831018963,56.38629507060401],[11.915523316469313,56.3540078004743],[11.811304465579136,56.360131949035186],[11.741753814632094,56.3524769728915]]]]}},{"type":"Feature","properties":{"NAME":"Unknown","ABBREVN":"Unknown","type":"Unknown","weblinks":"Unknown","SUBJECTO":"Unknown","BORDERPRECISION":1,"PARTOF":"Unknown","CONTINENT":"Africa","INDEX":14},"geometry":{"type":"MultiPolygon","coordinates":[[[[8.571397687067769,4.2947777912014145],[8.3532915423944,4.325256943825293],[8.331176262487523,4.462391633504714],[8.352547240041394,4.645184300038591],[8.461405915797025,4.706102655081406],[8.47207799730949,4.797465758456158],[8.471607638141776,4.980144375308577],[8.5477437320772,5.041022290257587],[8.623833226114346,5.117109597699727],[8.722010993398337,5.086676084731923],[8.820190144756296,5.056241022521849],[8.864123378488664,4.934480514350523],[8.77720797368199,4.827916367084607],[8.712198172054112,4.675644010454306],[8.636415602637852,4.462391633504714],[8.571397687067769,4.2947777912014145]]]]}},{"type":"Feature","properties":{"NAME":"Unknown","ABBREVN":"Unknown","type":"Unknown","weblinks":"Unknown","SUBJECTO":"Unknown","BORDERPRECISION":1,"PARTOF":"Unknown","CONTINENT":"Europe","INDEX":15},"geometry":{"type":"MultiPolygon","coordinates":[[[[23.44050804447702,43.909983692968424],[23.450843149436263,43.82873287864144],[23.354307781022285,43.81787927197738],[23.282470889791593,43.888342888560636],[23.28960087463626,43.94240937237614],[23.32042552637544,43.97479245177433],[23.44050804447702,43.909983692968424]]]]}},{"type":"Feature","properties":{"NAME":"Unknown","ABBREVN":"Unknown","type":"Unknown","weblinks":"Unknown","SUBJECTO":"Unknown","BORDERPRECISION":1,"PARTOF":"Unknown","CONTINENT":"Europe","INDEX":16},"geometry":{"type":"MultiPolygon","coordinates":[[[[23.93052762140108,44.3282052800378],[23.81832601022903,44.280314082848506],[23.71373644901317,44.22699024545788],[23.63697754413459,44.22699024545788],[23.633476335850798,44.25366683160468],[23.728341381186002,44.2749869783564],[23.803579525620773,44.33883488311998],[23.86764449278298,44.3813064841058],[23.93052762140108,44.3282052800378]]]]}},{"type":"Feature","properties":{"NAME":"Unknown","ABBREVN":"Unknown","type":"Unknown","weblinks":"Unknown","SUBJECTO":"Unknown","BORDERPRECISION":1,"PARTOF":"Unknown","CONTINENT":"Europe","INDEX":17},"geometry":{"type":"MultiPolygon","coordinates":[[[[22.307466189299028,44.20028430285165],[22.42146285964446,44.237664401485155],[22.5599667463084,44.30161077721567],[22.65575127428158,44.2056278409235],[22.472301211635138,44.109264221993655],[22.307466189299028,44.20028430285165]]]]}},{"type":"Feature","properties":{"NAME":"Unknown","ABBREVN":"Unknown","type":"Unknown","weblinks":"Unknown","SUBJECTO":"Unknown","BORDERPRECISION":1,"PARTOF":"Unknown","CONTINENT":"Europe","INDEX":18},"geometry":{"type":"MultiPolygon","coordinates":[[[[22.801831629325203,44.098533610728396],[22.799137295959596,44.119990121098624],[22.84598707897067,44.13607013745652],[22.94149237746689,44.098533610728396],[22.921001043980887,44.039430957667875],[22.801831629325203,44.098533610728396]]]]}},{"type":"Feature","properties":{"NAME":"Unknown","ABBREVN":"Unknown","type":"Unknown","weblinks":"Unknown","SUBJECTO":"Unknown","BORDERPRECISION":1,"PARTOF":"Unknown","CONTINENT":"Europe","INDEX":19},"geometry":{"type":"MultiPolygon","coordinates":[[[[43.957637720704454,-22.019541991510234],[44.20172828456605,-21.97855109435227],[44.49152075534519,-21.76790217203386],[44.56999828545696,-21.783845641727282],[44.71941654586288,-21.839954974828004],[44.84195108302119,-21.79116550348214],[45.03155354735574,-21.58042797846479],[45.44100351403142,-21.498341764908627],[45.567220270913175,-21.65985198865641],[45.70353311707391,-21.64329765869169],[45.75541026573583,-21.53795943709506],[45.69442873585167,-21.327419687775354],[46.057509988274404,-21.017714536095625],[46.25274414254187,-20.90323107258668],[46.38670288448005,-21.03307355392643],[46.56773901826755,-20.910484284783085],[46.45058007068821,-20.62546835484438],[46.553457662881236,-20.4618043306557],[46.793735455196526,-20.21560729636491],[46.88416129532065,-20.387271942298955],[46.98392454300478,-20.419714589143943],[47.254438634748894,-20.074973250614953],[47.19176529733579,-19.960256785779563],[47.095137112724196,-19.72219398520912],[47.14793298833114,-19.549162464033188],[47.25529316697843,-19.557099075541505],[47.37773300434618,-19.515551897231806],[47.46674549214776,-19.31737109627474],[47.366822029834886,-18.804822907614785],[47.40555466974348,-18.605639691862127],[47.52060583312012,-18.580395400590195],[47.570190991151186,-18.621770499730975],[47.66679142732214,-18.878548369128794],[47.78776658916215,-18.936175462600858],[47.89166759237919,-18.69554031272969],[48.21871436401641,-18.387309341370933],[48.33654074281202,-18.17058777537421],[48.41201260109107,-17.90357013859837],[48.510940088416724,-17.493694374935767],[48.46359179705939,-17.28437966501274],[48.47255935078007,-17.150136242500178],[48.72730227880433,-16.872189469556442],[48.8753316980342,-17.065031731512445],[49.05652325026147,-17.450263022614056],[49.31949601768682,-17.616892499413687],[49.37522080252039,-17.733790815724255],[49.43966479109507,-18.23406810602411],[49.50217552272736,-19.303361679411204],[49.51748783100348,-19.690694196734082],[49.58872625966752,-20.15041758903118],[49.731943624094065,-20.575470834961706],[49.784586920883065,-20.844500041733625],[49.75220015286598,-21.056233200572944],[49.71479829372201,-21.145750385631295],[49.68516325386153,-21.202692998103547],[49.411872350244536,-21.665381668883555],[49.32011585020276,-21.59283360452398],[49.252298606910564,-21.382413684774125],[49.037863785252576,-20.95245568672347],[48.90037561409407,-21.034208823559638],[48.860299136322894,-21.278052231696268],[48.90860333220814,-21.779922435330338],[49.060629960485784,-22.077971215650898],[49.077912979244346,-22.30323695003911],[48.91357832969425,-22.664765992334733],[48.537649265214775,-23.232879908063218],[48.4968419525294,-23.487520437156622],[48.47244500827373,-23.98676837017515],[48.347058527237785,-24.5151408110953],[47.92853176120938,-25.687455191574323],[47.430376739919396,-27.089022398165067],[46.66947922973546,-29.109780212491756],[45.82343508942841,-31.430912082553846],[45.499667830683045,-32.225558269293],[45.40186967127801,-32.35362531447346],[45.14125802471211,-32.6727278379459],[45.04701788249855,-32.72940324889439],[44.44834263444904,-32.78020859213162],[43.99543622259787,-32.943195135187736],[43.76081741198741,-33.17530337890156],[43.40423288544364,-33.21817221420389],[43.2763323895032,-32.98710270108945],[43.200296473103826,-32.916999676026215],[42.97567300697319,-32.82605417137518],[42.81110136038775,-32.86165623981533],[42.69823048435345,-32.83376972643916],[42.36822256188478,-32.474437092285356],[42.33736668132019,-32.35402143300706],[42.36251722568816,-32.069554347278846],[42.33155254690876,-31.948384845784666],[42.15349949438669,-31.762941282581288],[42.11607634237073,-31.61969534438556],[42.1577039671955,-31.252698085856984],[42.369295538634915,-30.69443267780054],[42.34647340120487,-30.527019217340257],[42.24783997515394,-30.27896253315945],[42.028194827995435,-29.795019571605486],[41.972035363607795,-29.536894692912224],[42.03954471316077,-29.188491955648438],[42.28151202943658,-28.46398070595325],[42.39168208782243,-28.351137375038853],[42.608447626034014,-28.252891201817167],[43.01359463248842,-27.51906957276838],[43.37249795376959,-26.885767713667143],[43.43398578291862,-26.709499204766548],[43.553673203490945,-26.109201182285027],[43.52186451993069,-25.916074669428784],[43.41003377699106,-25.792508860746956],[43.27112816669879,-25.591196472299135],[43.30885385040519,-25.490085804051986],[43.442983110185494,-25.20941757903331],[43.25191383674988,-24.732914165749953],[43.23029664050738,-24.355893114427342],[43.2210305093161,-24.079979328617373],[43.14955679040701,-23.676673135592125],[43.16498034360208,-23.613182890490595],[43.42217755951616,-23.222941200829254],[43.606822127456574,-22.887341067549],[43.69687181246917,-22.639010468324635],[43.74275409325178,-22.0281906324224],[43.957637720704454,-22.019541991510234]]],[[[8.006504295582518,46.10172260546265],[7.893648060390608,46.11745381446232],[7.787574025567879,46.175626381168485],[7.631813774091453,46.29707607784652],[7.58905100895651,46.3761683686929],[7.657874486975317,46.64937981870628],[7.684576026030215,46.8996194518902],[7.6552209050897595,47.112281852914485],[7.590729913278183,47.318551008888605],[7.378607665670674,47.4772763924356],[7.33585301571857,47.574363551891665],[7.405988467805179,47.63061227530435],[7.55385509466508,47.635975716559514],[7.877813457115176,47.63654598448307],[8.011306273611149,47.697893596281254],[8.348301312536655,47.891289885857454],[8.617108769170056,47.66842541199535],[8.815831481220803,47.397815117807],[8.816387996612681,47.30015688865709],[8.739505160186306,47.1969359195712],[8.691226931787082,47.02088801199991],[8.770781852972185,46.693236470382296],[8.736814504662599,46.499325176079324],[8.59756194019923,46.24069305273742],[8.427964325481641,46.31439153581875],[8.216633980394857,46.30343935549656],[8.16050277748612,46.26633890803918],[8.104756856875698,46.165600107490896],[8.006504295582518,46.10172260546265]]]]}},{"type":"Feature","properties":{"NAME":"Unknown","ABBREVN":"Unknown","type":"Unknown","weblinks":"Unknown","SUBJECTO":"Unknown","BORDERPRECISION":1,"PARTOF":"Unknown","CONTINENT":"Europe","INDEX":20},"geometry":{"type":"MultiPolygon","coordinates":[[[[-6.059565252214212,57.033890502043036],[-5.892790653036852,57.05550769898269],[-5.703108481930427,57.091754856809],[-5.4149603237961,57.110110028465044],[-5.260275428229839,57.09950717944052],[-5.119590929789742,57.07448883204134],[-4.986059569331536,57.085455541375595],[-4.908618636721293,57.04952164283534],[-4.732098078204938,56.858188176016434],[-4.717844029380464,56.814619018921576],[-4.752684027990771,56.74172777955831],[-4.646796037981036,56.632106949626355],[-4.70973102779327,56.55115498525318],[-4.86402169581558,56.469772758696976],[-4.997437817627878,56.44000266129899],[-5.108980183960362,56.43067095710092],[-5.222266118046049,56.4211884922593],[-5.306504827770456,56.398847903108425],[-5.221930304886037,56.335782409611355],[-5.1017398500712785,56.14155902834895],[-5.016356094680478,55.83153849570008],[-5.044224794164556,55.75900502384525],[-5.184487982105801,55.67074123512789],[-5.282537920532589,55.562927593554626],[-5.345427819818034,55.43912800850907],[-5.415664279995532,55.427395659209004],[-5.5211087745285665,55.442763973131484],[-5.7529163850277385,55.43457765016694],[-5.8136999195515395,55.37873578516156],[-6.1575919946689215,55.36754887950475],[-6.47642532007664,55.33269348517567],[-6.572392817531313,55.29471329778012],[-6.827446078389578,55.218994544841465],[-7.1796349994312765,55.086145994316304],[-7.4173254747464865,55.076852224520465],[-7.75630355233427,55.00105697223231],[-8.24181375727187,54.97831309761247],[-8.211334593144722,55.07971317338789],[-8.232718721589439,55.19749630560596],[-8.554934033275874,55.170923599597096],[-8.60525963000169,55.3003213884148],[-8.321956680426226,55.36754887950475],[-8.76695720310492,55.37314088787272],[-8.736516742904959,55.43457765016694],[-8.254448933724088,55.42743801879219],[-8.177236460733901,55.45468530855007],[-8.156345398309863,55.512740782157145],[-8.107421998474807,55.59379171092549],[-7.910786128747015,55.62868509973005],[-7.650808195190501,55.63672868046636],[-7.594848745264615,55.70969802679611],[-7.997846653892175,55.68418517265374],[-7.84109516878909,55.79727378355292],[-7.906644353880588,55.838100749035306],[-7.714357072380776,55.958284061248754],[-7.4552204281961485,55.961227004119735],[-7.392067954661272,55.984026283993565],[-7.448595222323191,56.063235689319534],[-7.582817873837281,56.01813241486223],[-7.694509581956741,56.05160047207194],[-7.813942473493886,56.0439072896886],[-7.954673606862797,56.08894425607933],[-8.108739406507429,56.08864702524934],[-8.179559389782037,56.06155115598179],[-8.402063685890974,56.10488439586732],[-8.27833257939506,56.18242222667773],[-8.381792245041588,56.21822107191942],[-8.095918476496523,56.25002655846813],[-8.139001371144328,56.325603967826495],[-7.987260694978202,56.384429944617175],[-8.159227611097565,56.43776898530114],[-8.381772008142418,56.40578267077482],[-8.351448776660662,56.52812940905177],[-8.203018498568985,56.594509488969344],[-8.11881058218798,56.63393614153269],[-7.781281278875628,56.58769517654422],[-7.654864711476378,56.606233577798164],[-7.461232783911378,56.59696678157345],[-7.057259208221552,56.56655261828724],[-7.127394411160842,56.655036645307504],[-6.803666093348571,56.72345097460773],[-6.722740549108614,56.80209839332888],[-7.228598208954077,56.80209839332888],[-7.167909454612966,56.83870365501314],[-6.95545490750264,56.86480198103336],[-6.92560049830357,56.93508310109282],[-6.806620586675371,57.050742290243875],[-6.616986474378901,57.094214482960375],[-6.317883520702577,57.134779720720495],[-6.244288046919184,57.06226679729709],[-6.117638067955997,57.02635576315327],[-6.059565252214212,57.033890502043036]]],[[[-4.638485546683364,57.17625961993754],[-4.679603772763064,57.25391676789244],[-4.619300040312875,57.333485819501135],[-4.479096563878038,57.354469441483324],[-4.458695193626571,57.235629805647925],[-4.5751772989547606,57.175619335377505],[-4.638485546683364,57.17625961993754]]]]}},{"type":"Feature","properties":{"NAME":"Unknown","ABBREVN":"Unknown","type":"Unknown","weblinks":"Unknown","SUBJECTO":"Unknown","BORDERPRECISION":1,"PARTOF":"Unknown","CONTINENT":"Europe","INDEX":21},"geometry":{"type":"MultiPolygon","coordinates":[[[[20.776677284619776,45.985169814025966],[20.894394446647297,46.088811150925906],[21.092349665416304,46.15763346196378],[21.255259497811362,46.07403523973961],[21.625629043361368,45.88600736093042],[21.944007138163556,45.83127766762406],[22.024595829552286,45.7464290185036],[22.14114743252625,45.44436526073164],[22.41615531818518,45.40885956822421],[22.381738879447894,45.250951190047765],[22.185480852046094,45.26628043036765],[22.05575773454574,45.40885956822421],[21.877298532657672,45.605970994388414],[21.877298532657672,45.605970994388414],[21.54304706591668,45.62106226553151],[21.48177048423203,45.666275262782655],[21.509140320390692,45.721411861097195],[21.33893237403471,45.80635579108457],[21.001360406585164,46.009890790299416],[20.776677284619776,45.985169814025966]]]]}},{"type":"Feature","properties":{"NAME":"Unknown","ABBREVN":"Unknown","type":"Unknown","weblinks":"Unknown","SUBJECTO":"Unknown","BORDERPRECISION":1,"PARTOF":"Unknown","CONTINENT":"Asia","INDEX":22},"geometry":{"type":"MultiPolygon","coordinates":[[[[31.23961092521998,42.820790213791255],[31.24373633243357,42.74907092044314],[31.40976458108455,42.58848702049236],[31.286292109218277,42.592272960300015],[31.238287771035292,42.54770153662535],[31.19124102789257,42.5717040589482],[31.053520347064527,42.58019577725219],[31.024012917681176,42.44435184139826],[30.71349810121754,42.33832975269129],[30.55624374209086,42.31902000543525],[30.518653320179386,42.297292825780964],[30.53167839803573,42.21025642258524],[30.44126494349366,42.20783927641628],[30.3991833583927,42.28762953332386],[30.233025501035492,42.27796750789268],[29.995787392055288,42.33832975269129],[29.910630430918783,42.37450431285148],[29.897664627797358,42.46119030071579],[29.82408493398698,42.50446863640789],[29.748642292151153,42.67003388147475],[29.780499266974406,42.684415010574675],[29.836580025005407,42.64365532942132],[29.89779858032363,42.64605408277139],[30.047470408567747,42.77060242439659],[30.15243493114995,42.77299719551053],[30.295074126336317,42.73540386107298],[30.321654668000168,42.77060242439659],[30.340166742012254,42.8876246823239],[30.30692796311843,42.95910973565502],[30.573831407290722,42.921055906546854],[30.849375177903752,42.910058203807615],[30.998577003667048,42.932914852893425],[31.32364301398144,43.028092162509495],[31.589879460629316,43.151505442825545],[31.80168471100969,43.2154416210051],[31.62421752382204,43.095837462437814],[31.458233201662903,43.00194211359342],[31.23961092521998,42.820790213791255]]]]}},{"type":"Feature","properties":{"NAME":"Unknown","ABBREVN":"Unknown","type":"Unknown","weblinks":"Unknown","SUBJECTO":"Unknown","BORDERPRECISION":1,"PARTOF":"Unknown","CONTINENT":"Europe","INDEX":23},"geometry":{"type":"MultiPolygon","coordinates":[[[[23.020345096906247,44.082428855530914],[23.00162145179747,44.119990121098624],[23.104452989544697,44.18959370117676],[23.139897955260682,44.13071130941509],[23.060204013387324,44.098533610728396],[23.020345096906247,44.082428855530914]]]]}},{"type":"Feature","properties":{"NAME":"Unknown","ABBREVN":"Unknown","type":"Unknown","weblinks":"Unknown","SUBJECTO":"Unknown","BORDERPRECISION":1,"PARTOF":"Unknown","CONTINENT":"Europe","INDEX":24},"geometry":{"type":"MultiPolygon","coordinates":[[[[8.383862728506232,49.135705293374954],[8.370574023152574,48.97352824097966],[8.418993738829943,48.9548341301595],[8.451384929133294,48.840559175586705],[8.438275095372164,48.56540874527419],[8.360438547611993,48.45165394962423],[8.328533017608125,48.19808061481847],[8.22122349836396,48.02153987645148],[8.10016199747003,48.036927420971004],[8.07315967800661,48.10609008261957],[7.9063639868811215,48.13294978291511],[7.812152511350718,48.1865969960787],[7.9223253195338215,48.259271942066604],[7.892705295119243,48.285999892442184],[7.715155148215982,48.32034285500858],[7.811832104918297,48.43645569392241],[7.76608398705594,48.46114571863429],[7.650470980550847,48.43645569392241],[7.626208688256671,48.48771415120419],[7.671918971019947,48.495305965764615],[7.739089204672776,48.55026093947873],[7.6986927066869955,48.603238045288876],[7.593784772307204,48.631581437477664],[7.596417334683842,48.68820081337446],[7.693185099643681,48.729653069324236],[7.574794459336364,48.80489201475163],[7.666135800964811,48.90242954100858],[7.899984221290024,49.00714700855785],[8.00753199957427,49.014618181441364],[8.020939240594933,49.05751718425465],[8.136547606704568,49.07242081014091],[8.217245292390766,49.03700596856062],[8.252155897760657,49.08546186287183],[8.235923270540127,49.20256505328431],[8.260061572119888,49.27855072064822],[8.316522724273499,49.28225098811945],[8.362277621231202,49.22297345265243],[8.383862728506232,49.135705293374954]]]]}},{"type":"Feature","properties":{"NAME":"Unknown","ABBREVN":"Unknown","type":"Unknown","weblinks":"Unknown","SUBJECTO":"Unknown","BORDERPRECISION":1,"PARTOF":"Unknown","CONTINENT":"Asia","INDEX":25},"geometry":{"type":"MultiPolygon","coordinates":[[[[129.41142296468956,42.63787970396238],[129.60319995913906,42.51898514352634],[129.53363142912912,42.48119583777018],[129.41959840089197,42.597275024387514],[129.41142296468956,42.63787970396238]]]]}},{"type":"Feature","properties":{"NAME":"Unknown","ABBREVN":"Unknown","type":"Unknown","weblinks":"Unknown","SUBJECTO":"Unknown","BORDERPRECISION":1,"PARTOF":"Unknown","CONTINENT":"Europe","INDEX":26},"geometry":{"type":"MultiPolygon","coordinates":[[[[23.17287650353386,44.20028430285165],[23.17916943713647,44.2056278409235],[23.215541374540233,44.24833386185774],[23.353571948488835,44.152139559173065],[23.318576397449448,44.098533610728396],[23.19930446234152,44.15749367951502],[23.17287650353386,44.20028430285165]]]]}},{"type":"Feature","properties":{"NAME":"Unknown","ABBREVN":"Unknown","type":"Unknown","weblinks":"Unknown","SUBJECTO":"Unknown","BORDERPRECISION":1,"PARTOF":"Unknown","CONTINENT":"North America","INDEX":27},"geometry":{"type":"MultiPolygon","coordinates":[[[[-79.6828261888405,29.48576430529827],[-79.5460044864434,29.50829585625127],[-79.1524731308665,29.649642820777633],[-79.20133642406803,29.782244527333127],[-79.32600000426044,29.84082288932243],[-79.48098708585036,29.869880014995466],[-79.76655223315113,29.86178902562391],[-79.97898933699214,29.88333647967378],[-80.27632181689026,29.801616008004622],[-80.8906090734172,29.31978301200813],[-81.05553552676164,29.30452167361001],[-81.3407629452643,29.30379825649416],[-81.44421364775744,29.24419334050448],[-81.57266408187967,29.00602106532597],[-81.77409963537296,28.85647847292906],[-81.91810643255454,28.83372175367965],[-82.27049548928825,28.788295332760384],[-82.12455300170045,28.959922487370818],[-81.88645152288686,29.124243967413044],[-81.88159300144208,29.435772357917532],[-81.71936504967873,29.635752882321572],[-81.65907610952942,29.687550256508967],[-81.04725066785633,30.00557929242071],[-80.29045802824344,30.249413469549552],[-79.77456268407843,30.294598352435017],[-79.39172881212917,30.37597377854547],[-79.0368952619097,30.35493891672401],[-78.78611882674818,30.377500151948606],[-78.48538630451228,30.290529754196164],[-78.124778289773,30.247539386343785],[-77.88183131889437,30.145620672802504],[-77.65031388815625,30.087550465144886],[-77.44409584844192,30.080737070956406],[-77.25313277082446,29.94169159470249],[-77.05613999701013,29.662345064154266],[-76.91428157715897,29.529764204459934],[-76.67706583372929,29.441606912606105],[-76.3524985043072,29.383204955917023],[-75.8496421151339,29.199082033371134],[-75.45043533115354,28.93977383692062],[-75.28103010657401,28.77609721087064],[-75.16813659836117,28.484603765573254],[-75.03647501639239,28.409944978337865],[-74.83072390499402,28.387971664063507],[-74.13126771079303,28.11158161689173],[-73.70039965495911,28.022262092014603],[-73.57822377163076,27.894277568692285],[-73.77877986480685,27.583467160628654],[-73.68991097508413,27.500242564622223],[-73.44823475465208,27.47809356517129],[-73.11086439899357,27.51693403124081],[-72.90805354488418,27.42634475457123],[-72.71752952487634,27.221436721945125],[-72.48157236447815,27.069577614918334],[-72.33868539917972,26.90954390970638],[-72.44783417545513,26.86337675888619],[-72.88557230170588,26.816306099914534],[-73.42319766597186,26.60029349983696],[-73.70297604176956,26.568852951864773],[-74.14851413569585,26.682763945807476],[-74.5404009801952,26.704724075773598],[-74.96597128675691,26.603901093250357],[-75.38985433979046,26.54137056080205],[-75.60478312478439,26.525441274562976],[-75.79617390919034,26.56333783287791],[-75.60881169076463,26.77087555125399],[-75.23624665050497,27.108146988366073],[-75.12625017002794,27.321715264347294],[-75.21254545387659,27.458314064876316],[-75.28066569460411,27.526458414509577],[-75.54114274458748,27.601620558543992],[-75.84813641248236,27.60082404398832],[-76.10217187321845,27.660783938787656],[-76.3572239511935,27.84172725809588],[-76.3509865568642,28.241306439714233],[-76.41438223227168,28.52636140170528],[-76.49556483270597,28.60852562878398],[-76.66597460303784,28.623041797531204],[-77.10953104308123,28.599455553358993],[-77.46215713324169,28.67335749663905],[-77.71234638367369,28.792257842573292],[-78.08277875866801,29.052156083770335],[-78.3821484378468,29.177773661138538],[-78.64384194904636,29.21422692594556],[-79.14084761838762,29.250069785391567],[-79.34456578768982,29.301474370253406],[-79.6828261888405,29.48576430529827]]]]}},{"type":"Feature","properties":{"NAME":"Unknown","ABBREVN":"Unknown","type":"Unknown","weblinks":"Unknown","SUBJECTO":"Unknown","BORDERPRECISION":1,"PARTOF":"Unknown","CONTINENT":"North America","INDEX":28},"geometry":{"type":"MultiPolygon","coordinates":[[[[-70.26740119065353,24.236306958926146],[-70.52148749585382,24.557951397631594],[-70.71355392734478,24.588857372484807],[-71.05937210688202,24.509367381275773],[-71.44528848538367,24.516184830097238],[-71.72877142227244,24.593979081057995],[-71.97802334884746,24.624705725053264],[-72.1943826264438,24.56915512276972],[-72.38680710751737,24.372093523767184],[-72.44324973267845,24.39554830377973],[-72.84065267207667,24.700836043169385],[-72.89175932059825,24.88090435109301],[-72.85940797334143,24.990505878308813],[-72.72723187699874,25.092427382510966],[-72.27154688507348,25.03897608093075],[-72.00197419636197,24.977166155071316],[-71.51892355034995,24.884588371453027],[-71.23369752034723,24.861866305867732],[-70.95147012308423,24.96435028663931],[-70.76986080601087,25.05081519122287],[-70.84562174113854,25.13650859586309],[-71.11573592878143,25.39298659738663],[-71.15302500553979,25.55617254486379],[-71.01802306189587,25.944081032651866],[-71.08374736056018,26.10617400301772],[-71.24507737017679,26.190606227971383],[-71.63528351607563,26.266659308757642],[-71.75256845639986,26.381845082605768],[-71.72033783597107,26.48190798495421],[-71.66149323424577,26.528157466951562],[-71.50235553732418,26.58232002735058],[-71.17974839730921,26.613868393741015],[-70.84650833549678,26.545669959495232],[-70.3950786774192,26.385429705682128],[-70.14610307119422,26.355311385461572],[-70.07452812805845,26.403943992605647],[-69.8317790553432,26.55600605880562],[-69.67020576317951,26.479614800304045],[-69.5201745460313,26.48002314861396],[-69.33830320912054,26.572673912546144],[-69.173177937463,26.596128218055007],[-69.1269580998745,26.488743335300374],[-69.05768213046048,26.427424543703857],[-68.64203952585277,26.259167616352922],[-68.34775723609732,26.29846679545965],[-68.28368905104709,26.08269515778823],[-68.16131920886662,25.897516364127558],[-67.95287218896927,25.71990647568977],[-67.81146483827663,25.673741051678814],[-67.54367946758995,25.55801939687687],[-67.17286584741899,25.310070819566022],[-67.02178850589196,25.115520567821562],[-66.94140008667601,24.943812955882564],[-67.03727587594145,24.849640572194037],[-67.12103300846238,24.68485213290186],[-67.28462955702622,24.48024014798996],[-67.38306391261237,24.534988011478713],[-67.5516035804351,24.8639319686615],[-67.71531069443472,24.8869659891435],[-68.0666483329944,24.854714850141356],[-68.18647712170183,24.909183845296784],[-68.35092287367087,24.90873052181636],[-68.50281503589238,24.853537379575954],[-68.87694184293547,24.554532482442553],[-69.0475787100717,24.58547967072948],[-69.15324205158453,24.859619638823848],[-69.22423695060881,24.87509607760567],[-69.2967548197049,24.843583503167043],[-69.6100152443187,24.66245727346771],[-69.81682315641734,24.229383870625384],[-70.04271514300763,23.865467576057355],[-70.1623736664095,23.92843091650104],[-70.26740119065353,24.236306958926146]]]]}},{"type":"Feature","properties":{"NAME":"Unknown","ABBREVN":"Unknown","type":"Unknown","weblinks":"Unknown","SUBJECTO":"Unknown","BORDERPRECISION":1,"PARTOF":"Unknown","CONTINENT":"North America","INDEX":29},"geometry":{"type":"MultiPolygon","coordinates":[[[[-65.59947911696933,24.15403695262199],[-65.83365829917372,24.21648512502322],[-65.85162460202537,24.334623111498026],[-65.79240064841161,24.641352610456714],[-65.8241152230695,24.77457461362092],[-65.76405411145392,24.868716418535186],[-65.65560808265438,24.90815035841879],[-65.42084145460873,24.869644610323117],[-65.24184182270221,24.877957967374083],[-64.58592553639282,24.817075279092833],[-64.42424900934769,24.723471039028123],[-64.3836630838259,24.645135788478417],[-64.4895348406926,24.448462292954993],[-64.52690611365279,24.39328788718363],[-64.66645026073365,24.26693184069384],[-64.81734364552094,24.242886496353684],[-65.13780597124378,24.289285057979157],[-65.43219291251016,24.249105995285845],[-65.59947911696933,24.15403695262199]]]]}},{"type":"Feature","properties":{"NAME":"Unknown","ABBREVN":"Unknown","type":"Unknown","weblinks":"Unknown","SUBJECTO":"Unknown","BORDERPRECISION":1,"PARTOF":"Unknown","CONTINENT":"North America","INDEX":30},"geometry":{"type":"MultiPolygon","coordinates":[[[[-75.80380282402498,23.99219961450636],[-75.93148350718072,24.02345142482799],[-76.22045435328855,24.14897868767752],[-76.30110912314768,24.298539793062503],[-76.47993131509529,24.502622567835978],[-76.67850734505383,24.54923645142676],[-76.72439114837402,24.666868384937114],[-76.46854419593079,24.824319022713205],[-76.15252653714047,24.86432676577931],[-75.57118197250705,24.724859651849208],[-75.17040059645967,24.5297285996104],[-74.90376165627934,24.381032972590063],[-74.80181015140161,24.223783036454012],[-74.83415410181996,24.113281332893397],[-74.98569012952031,24.073408778273702],[-75.2947987196046,24.238230474338238],[-75.53906370327664,24.206034212288916],[-75.65832485863018,24.06368156650315],[-75.80380282402498,23.99219961450636]]]]}},{"type":"Feature","properties":{"NAME":"Unknown","ABBREVN":"Unknown","type":"Unknown","weblinks":"Unknown","SUBJECTO":"Unknown","BORDERPRECISION":1,"PARTOF":"Unknown","CONTINENT":"North America","INDEX":31},"geometry":{"type":"MultiPolygon","coordinates":[[[[-53.68821461981377,60.71998007670633],[-53.717465678536065,60.75836842355015],[-54.06880275433005,60.80163170668476],[-54.215924637275165,60.862325284959276],[-54.20133486719501,60.91139273895814],[-54.06756555875939,60.92304108718194],[-53.74306746626537,61.00655368883586],[-54.07942202631714,61.10026308638471],[-54.430773519821926,61.122615179199855],[-54.598618970161795,61.18465894927976],[-54.72302758016315,61.31365612963826],[-54.601767138317626,61.40282252907473],[-54.960208867464836,61.41356069589257],[-55.30346120264536,61.47679222996927],[-55.52134060663504,61.48209529533587],[-55.629592505411956,61.349033185005176],[-55.707275648931066,61.3322411764032],[-55.840842036153106,61.33489298901618],[-56.324956823322935,61.392833705541165],[-56.437602742734065,61.387170242072266],[-56.62853342540449,61.33413073794298],[-56.8545469987882,61.28361514622105],[-57.31899213774936,61.26916600721953],[-57.72633080536217,61.299549979944665],[-58.126544296926596,61.33267429376713],[-58.32958679139456,61.37701818271881],[-58.25807570905458,61.432523827202886],[-58.080675161124084,61.50166628676951],[-57.85417222721409,61.5622487968805],[-57.45252965625344,61.59009632785995],[-57.33910897524414,61.62034849671899],[-57.237912767553674,61.707723516942735],[-57.16038802922202,61.71322721782389],[-56.739095141678966,61.69459941665375],[-56.31813780711711,61.66502479515919],[-56.18527373409758,61.640587779609284],[-56.03353165983107,61.53383898423026],[-55.912242156800595,61.59979238546737],[-55.91128117047335,61.63264509152371],[-55.83292876856852,61.66549804440826],[-55.62884598529184,61.67114368150793],[-55.27673922904913,61.6878231286038],[-55.015706809467325,61.71526175199094],[-54.76898908821481,61.73449547753179],[-54.61465255733725,61.72378322091535],[-54.36168045207828,61.71859653155119],[-54.23364221027965,61.76479431858441],[-54.3906187372111,61.901829717362226],[-54.55012175965164,61.96038843119211],[-54.52757094019176,61.99761370129512],[-54.428071085689545,62.02420697627613],[-54.216744113723664,62.03498315474273],[-53.91283460174964,62.074861135420896],[-53.290153424404174,62.16992282758549],[-53.026149775723276,62.25607302712122],[-52.65015163122484,62.32878446807239],[-52.38714516821915,62.38811685411504],[-52.262823349192594,62.48006643595405],[-52.32576327546389,62.608735438262734],[-52.3211900408588,62.68371334837204],[-52.39499296374371,62.738266886308715],[-52.52845612609844,62.73814791261919],[-52.841302594691854,62.787272644976],[-53.040074009887896,62.85827924650977],[-52.98593081864499,62.92654567854626],[-53.04491203070428,62.98216287242831],[-53.24378728641256,62.95299106525105],[-53.477758075712956,62.923703989600675],[-53.73744268158395,62.92591373901214],[-53.86514767624935,62.908793594044134],[-54.0690227301302,62.906185114749654],[-54.520368819590416,62.8814452560406],[-54.39350472494687,62.978610142002],[-54.048817907952994,62.9861447475388],[-53.62628374215654,63.0009606621658],[-53.496797223435124,63.03951934029727],[-53.82647945601705,63.127515667640345],[-54.119957766786804,63.221733459473135],[-54.39353755302672,63.22385147185163],[-54.51747598792115,63.24954580788033],[-54.407498619021744,63.3244881484034],[-54.51781520963217,63.370953282191955],[-54.64387139722776,63.37781310961324],[-54.83864905363188,63.41932454983716],[-54.94906762950462,63.46529602273915],[-55.03263597395797,63.48128871292848],[-55.27210113709899,63.46044440423048],[-55.46757579422847,63.48552427580281],[-55.76106892441962,63.51730250931847],[-55.88692867182465,63.52861384466966],[-56.04907692441291,63.5102209986918],[-55.98056745680036,63.46905932365729],[-55.854517994696764,63.46226733588185],[-55.18479711197481,63.36577468612742],[-55.13025755301227,63.3285607886039],[-55.20227507269073,63.28640794549936],[-55.429396496793956,63.25581747361439],[-55.661962329207604,63.24626156170072],[-55.822974142431434,63.25081145162236],[-56.0469365344283,63.25765403896492],[-56.22676468094338,63.29259583441907],[-56.50587399353074,63.329778827106175],[-56.69496736323286,63.33894759316407],[-56.850442485754634,63.31548115956938],[-56.900825336248346,63.28735255207849],[-56.84039149761602,63.254663475911435],[-56.895456779345515,63.19357557092801],[-57.25994744343256,63.2706862009052],[-57.39261360862138,63.27757652172726],[-57.55571923834153,63.261097416208486],[-57.803534760122055,63.23982279370108],[-57.97596228522391,63.27009641138965],[-58.15726592660362,63.286335277881214],[-58.46733813760691,63.2696969226978],[-58.872811451801304,63.295112915208136],[-59.44726893979853,63.31803384938537],[-59.87567032881253,63.313013862420824],[-60.22638434371857,63.31740626891853],[-60.43574334027802,63.342890394694045],[-60.23545700593949,63.424212336363546],[-60.29768471280924,63.444901879118305],[-60.56407671491154,63.45159604461988],[-60.804806159611246,63.40526711137387],[-61.02991944538076,63.393512823009786],[-61.394580405726025,63.40016210105923],[-61.67423924750995,63.42304410826715],[-61.91693119474467,63.487235420805035],[-61.91469474226078,63.53747988094494],[-61.77977176187284,63.57394127476719],[-61.48465070368904,63.583234076988],[-61.155207649699186,63.574429662863636],[-60.81191612677386,63.56109022470581],[-60.53111254431005,63.563584055035456],[-60.3686585740818,63.588642912729185],[-60.49950087891592,63.64939487197535],[-60.6524599810578,63.68511970771113],[-60.89753311430357,63.69833244129009],[-61.198644090556265,63.71370196824168],[-61.44441146538491,63.709054190898016],[-61.60571255160433,63.711162898513905],[-61.913334806482176,63.73982692977162],[-61.72887936050784,63.79305076432668],[-61.438666841641194,63.86346917909188],[-61.28372218167965,63.88103721989545],[-61.06599720577091,63.887735979514176],[-60.959825145268994,63.91603893762243],[-61.147619105772996,63.965577750950395],[-61.09784347397614,63.987097969345385],[-60.6740852435154,64.08329591986738],[-59.9767806634058,64.19288775544929],[-59.70242537364767,64.22628569552116],[-59.30877734165952,64.26370074394718],[-58.950131305670226,64.30698986534502],[-58.80977821559757,64.31117700083828],[-58.634014645821615,64.33167142726099],[-58.42359031838959,64.33182099915169],[-58.233940205148244,64.34617466939156],[-57.98824378266227,64.35648587765367],[-57.51806845864556,64.36895146054421],[-57.12532100312602,64.36519089412506],[-56.93630993711077,64.34304052296972],[-57.35099957847062,64.29791358835755],[-57.76599408172244,64.24214592601884],[-58.41307080176928,64.16692902022166],[-58.73033468797149,64.10373538960117],[-58.80869592000847,64.05923960377159],[-58.61413339603039,63.99325404273714],[-58.85377582944869,63.956530392049125],[-59.01672785130166,63.90666677090052],[-59.046057051958535,63.867480971595675],[-58.97129847033395,63.797383005845795],[-58.700548421725,63.717873702683605],[-58.771292445100016,63.702221379830846],[-59.278153413543784,63.659331531768636],[-59.40606396382757,63.61876225535642],[-59.1185331429897,63.61447760942339],[-58.68399343401133,63.60127077948204],[-58.266741480300986,63.68474804661397],[-58.15949528697255,63.73829958352984],[-58.17227164737393,63.77373118369779],[-58.36123935598834,63.78683355890635],[-58.44482583114919,63.804389973717605],[-58.53374111597987,63.87223679905715],[-58.448905933361466,63.891895489626044],[-58.20939034577906,63.922454469750726],[-57.99817824126856,63.9463951620161],[-57.73205039541857,63.9314773297191],[-57.45113272467138,63.94033380945755],[-57.65988102004785,63.99825978666668],[-57.86321563614835,64.00238433233315],[-58.00958352976693,64.03644257540752],[-57.95981349902817,64.05987233026868],[-57.75466294819609,64.12550604129409],[-57.37491610666713,64.1635152861421],[-57.03845454401758,64.153302245207],[-56.56128981474686,64.15992801885193],[-56.74992287252434,64.193157789441],[-57.00155115532615,64.23443755264726],[-56.65710189015423,64.2697243303475],[-56.2007202825795,64.292603902605],[-55.84269103556583,64.30716757810487],[-55.22474659793275,64.3442553081445],[-54.895104632265536,64.34245723394923],[-54.719834059207216,64.33649024284023],[-54.51670142475814,64.3203559327408],[-54.44055650282884,64.26514726232752],[-54.295641084279765,64.15111589026029],[-54.324078902543064,64.13433123207852],[-54.725971593462916,64.05165521090619],[-55.14899736987405,63.97438216277649],[-55.37618369892593,63.88335245528383],[-55.29233173381755,63.87252193307763],[-55.10301291934508,63.868307255838204],[-54.666842399724885,63.90780429336004],[-54.43369247921816,63.96416785889213],[-54.222933363756326,63.97508371431962],[-53.9915130059383,63.97095241278218],[-53.907926109188274,63.94947781608986],[-53.99304198879782,63.91698666159294],[-54.093014008454496,63.858155409124336],[-53.8832788511306,63.834248797373775],[-53.78457737320075,63.84964745403361],[-53.57799969420112,63.956197260314056],[-53.47233990292381,63.97134730195105],[-53.18317134410408,64.02938050854976],[-52.782485509448286,64.06158728453153],[-52.466622744989024,64.06818912677464],[-52.249270633247434,64.06411040908752],[-52.00424071867671,64.0430395961254],[-51.6889645205648,64.02622632269265],[-51.30985477738488,64.03716682286459],[-51.14190520407044,64.0202392773934],[-51.121661696772236,63.98814357162771],[-51.031542011257905,63.94733126762656],[-50.912908115931714,63.92364560066774],[-50.794843884578,63.88030421248579],[-50.85164945320227,63.856267066787595],[-51.04141293275954,63.845186507924836],[-51.27398264856871,63.809903641973115],[-51.604772763060964,63.776593482422655],[-51.71794735078506,63.74772953982556],[-51.65586513553213,63.71445034449304],[-51.543888805160584,63.70562344650137],[-51.142236620323075,63.759254815724766],[-50.88893573704983,63.78155470870399],[-50.748824562839665,63.775041264438684],[-50.672588949979385,63.744101782049746],[-50.695557051767814,63.683960663135494],[-50.65524735867074,63.630148608925474],[-50.47875933357827,63.66174078805571],[-49.84400684361316,63.76468016126923],[-49.31876876690307,63.7318305717152],[-49.13778145288468,63.68517688425287],[-49.17314665396631,63.67620215619804],[-49.4693264997927,63.6310852129519],[-49.83652535884685,63.562982576214196],[-49.45733361083519,63.570086562403716],[-49.26709000996873,63.59288565687735],[-48.901721764099705,63.606737038017954],[-49.08735149214987,63.51349578873316],[-48.927469989665035,63.470125676438975],[-48.74467559801854,63.47944626958169],[-48.42790053865522,63.507168705766475],[-47.992380265294685,63.51893485976678],[-47.79689968397366,63.489373125600366],[-47.69290345415839,63.452731611795706],[-47.784880928641186,63.43193239809244],[-47.989487639836376,63.401742164173065],[-48.69349787527468,63.34313441675317],[-48.84231449892849,63.30565550238726],[-48.74574624207075,63.27061806056122],[-48.58361154916441,63.280104000924666],[-48.30194478446102,63.30375968633515],[-47.88018140148429,63.32046195114881],[-47.67517125697713,63.360248913011326],[-47.53427604517453,63.37430546933779],[-47.4012716768193,63.36511693738765],[-47.28990341091677,63.339610317652834],[-47.20739375472773,63.29294477067599],[-47.14244582616227,63.22041025209419],[-47.465355851008724,63.220142738608914],[-47.85907275422606,63.212768932065025],[-48.02908291036598,63.1938037317395],[-48.081224059316746,63.1559772268219],[-47.99843167880073,63.13708858062941],[-47.59192630627737,63.127937998892115],[-47.34111671691423,63.10199140672933],[-47.22403145217802,63.07108717843336],[-47.22712343026878,63.02796267255909],[-47.3538668161942,63.02305660139952],[-47.59262555574322,63.02286418534396],[-47.893724531300805,63.03460664846442],[-48.11616737380384,63.06555967058131],[-48.36122942376973,63.074913233000444],[-48.510644142856066,63.048480306554204],[-48.27086631013123,62.96445045930238],[-48.392253887138374,62.935293407167144],[-48.92019031485564,62.9178492475585],[-48.91594214135732,62.87645649585336],[-48.81921825586936,62.8520955634986],[-48.65095710225552,62.8473540029098],[-48.31719972104006,62.793628106838426],[-47.98316514519592,62.742080658215315],[-47.94963418030384,62.7148441434078],[-48.008277294682784,62.672511188506746],[-47.99040272132963,62.61503376853125],[-47.693517808715896,62.64783309818113],[-47.532327864438955,62.64047160530934],[-47.14832002260341,62.595703462195374],[-47.0353667403503,62.605836723061536],[-46.788239062483804,62.628619250619565],[-46.598803507419674,62.62377053612178],[-46.44723012743153,62.5661340819231],[-46.2822415153638,62.49297181870028],[-46.24260332636052,62.43960017875878],[-46.48928056849546,62.42406646958514],[-46.77825602399387,62.405927786862776],[-46.89381775632914,62.336530156726305],[-46.63375926515789,62.33676968246346],[-46.16253256153122,62.34491214585602],[-45.964844592285296,62.36564611510705],[-45.684049144292544,62.358192806023816],[-45.940764755348965,62.270247914092515],[-45.68184622839173,62.241963362424244],[-45.51314990604554,62.24211138332467],[-45.11715020878904,62.30203381525927],[-44.971737320992084,62.24779075939982],[-44.70710721264403,62.18296415058221],[-44.665519244730156,62.1673198111182],[-44.80743821008129,62.130531232507316],[-44.91343776955669,62.114691441385574],[-45.02072004845648,62.06194644114457],[-45.302185145011656,62.053768954885406],[-45.49080794821484,62.087863861922166],[-45.56082791488433,62.09570066252296],[-45.87134382986662,62.06115788219852],[-45.65590480815349,61.987238569779954],[-45.600519680627485,61.9607079826738],[-45.644130176420816,61.91533049115237],[-46.038819781932894,61.88285985485621],[-46.2086784201948,61.84513734923381],[-46.37882172668444,61.796503674368466],[-46.476716653281805,61.81528700306604],[-46.61445047695362,61.911752532736024],[-46.964300788833015,61.72830891838491],[-47.05252690528535,61.57534010881411],[-47.20749503961067,61.56420825251306],[-47.375233368835445,61.60795255427296],[-47.585448712510846,61.63785561272956],[-47.612816241310405,61.667849602995204],[-47.56250554076412,61.708731435047326],[-47.60343638475307,61.7548011756673],[-47.9773826235337,61.708340272723355],[-48.079923456241175,61.81108826803022],[-47.99408794453413,61.859578451534105],[-47.81635929463756,61.921326923155796],[-47.88597548445278,61.942603630291934],[-47.95620413803,61.945203709039355],[-48.26508067511531,61.9582346381313],[-48.432170682153256,62.00590077481076],[-48.66750218125475,62.105996749293986],[-48.84843283915678,62.15303958316068],[-49.08711399943604,62.160674377946975],[-49.29243099402632,62.12381134256436],[-49.52493701969452,62.110465397578636],[-49.589625420962534,62.07356337832043],[-49.541504782090605,62.044579212449726],[-49.362669263387616,61.93322715393139],[-49.49689517927827,61.91440890273885],[-49.736206147671886,61.90617192311553],[-49.79099687864564,61.94883533574009],[-49.92953625412194,62.0071614216401],[-50.08995735174431,62.041426652870044],[-50.120972999723186,61.96183326988413],[-50.077059101110095,61.80112176673327],[-49.88026115392532,61.79860514692153],[-49.704879745294505,61.78527840069825],[-49.679582158083015,61.68768291815748],[-49.66903016290127,61.55088722351097],[-49.60020442996424,61.47676006380068],[-49.317807878692506,61.5320304629189],[-49.23358912007155,61.52387052985923],[-49.12944314943463,61.45514422879981],[-48.99667408130221,61.408241631891094],[-48.62512108445556,61.339121405104336],[-48.86456462836861,61.31936382576089],[-48.98470148940667,61.28289674985903],[-48.943018215719526,61.249305573904316],[-48.81715211914298,61.198802942646836],[-48.59314754145504,61.11987353489869],[-48.5374037736801,61.07733457044105],[-48.60911216726792,60.95438118909953],[-48.74348791972964,60.87650289880671],[-48.92414728090131,61.08547662417683],[-49.057254614177936,61.12792234058533],[-49.12108147220682,61.08528826366054],[-49.142767189254336,61.036849327272336],[-49.07470314500065,60.80378343257025],[-49.14546709958059,60.74844212822009],[-49.433694133012864,60.77144484848732],[-49.462116123404755,60.73354553049886],[-49.406340894940975,60.657526094974536],[-49.39278976230127,60.5604026308977],[-49.54738668422549,60.59269858729631],[-49.68773075334118,60.651368795906514],[-49.83455780511696,60.77976488994169],[-49.87671541208456,60.78554289333167],[-50.1370667082767,60.773644645905804],[-50.40407342686808,60.80824147484362],[-50.740571049275275,60.92925285646305],[-50.7822081531366,60.98088254496966],[-50.984736489616495,61.1004891020774],[-51.10598649818137,60.960495099218086],[-51.407438187397666,61.04600285897542],[-51.561819554184694,61.07433176815454],[-51.85011136181573,61.0797361999734],[-51.87172327432475,61.039839846923414],[-51.76764350172085,60.91383330550213],[-51.57848665990165,60.83604800484267],[-51.10114386794383,60.71727946898069],[-50.80646662910134,60.59729193096927],[-50.66628269419592,60.49394950059167],[-50.62439378700936,60.401705751000975],[-50.63170534221542,60.26970899779011],[-51.18731669473131,60.33527391045456],[-51.61618083121892,60.41560123676202],[-51.98179707918258,60.468825444737],[-52.45300327113636,60.489138387420404],[-52.76933111736708,60.536227433557265],[-52.923385964111084,60.65687055014667],[-53.28193617285818,60.68287990852963],[-53.4504856975631,60.720732486183884],[-53.63316704491265,60.74679681153484],[-53.68821461981377,60.71998007670633]]]]}},{"type":"Feature","properties":{"NAME":"Unknown","ABBREVN":"Unknown","type":"Unknown","weblinks":"Unknown","SUBJECTO":"Unknown","BORDERPRECISION":1,"PARTOF":"Unknown","CONTINENT":"North America","INDEX":32},"geometry":{"type":"MultiPolygon","coordinates":[[[[-53.54090127453343,65.87166307013534],[-53.765203585872015,65.87258570213105],[-53.97299594800182,65.88512718265099],[-53.77475867269258,65.92696661018667],[-53.42907036219218,65.94568262208008],[-53.195062617413775,65.95005691907689],[-53.00879641631509,65.95151975131064],[-52.038026086457144,65.95911751381513],[-51.65504300908576,65.96635058507204],[-51.28176232729563,65.96793779824195],[-50.96032053119845,65.94832789539123],[-50.8171979056496,65.95406284243366],[-50.5606481699183,65.97670511340475],[-50.10243218503524,65.99364922371836],[-49.60056041333757,65.99942992222465],[-49.1640483436011,65.98715507417876],[-48.96722505275255,65.9872519952532],[-48.345605970262774,65.97918120020084],[-47.77796606384022,65.95979810524773],[-47.435833888523334,65.95431778051982],[-47.10941823616389,65.94455264615677],[-46.92958904702124,65.95456547080957],[-47.150601422822525,65.97976569417634],[-47.45693950499105,66.00046613440568],[-47.50730688952209,66.0251585437491],[-47.33812626641169,66.03882746589032],[-46.92598723434851,66.04711673960911],[-46.54570939568251,66.06070667670909],[-46.13509563901803,66.0662303551561],[-45.44025764474731,66.07716230131378],[-45.05111857845735,66.07072008336067],[-44.615034642015196,66.06027164852772],[-44.447785922579065,66.04558579236209],[-44.29972056197081,66.01986170895233],[-44.223790991308874,66.01715466782869],[-44.023647572710736,66.03768237426772],[-44.09220257887702,66.06584506418902],[-44.20193885408597,66.08169399776638],[-43.98293382289753,66.09491278666032],[-43.650132366850706,66.08851824033846],[-43.23456347718082,66.07950076818025],[-42.82966784691244,66.0757250451851],[-42.56302479675451,66.0505123217906],[-42.47244047906958,66.04920994948118],[-42.38934912537193,66.05997157946177],[-42.28108704206262,66.08914365687454],[-41.817702846799236,66.0893568505517],[-41.46823963773736,66.08689303662179],[-41.34326163630636,66.07243920240295],[-41.24108059759123,66.05381657146428],[-41.07953422910146,66.0538916032918],[-41.00138745229202,66.0686136604751],[-40.93072887997568,66.09368929074822],[-40.626497147283025,66.09774768001672],[-39.79618354234853,66.07712385674742],[-39.17968260128485,66.06146913409391],[-38.650910817459945,66.06571536403604],[-37.879084118066636,66.06474019746611],[-37.64162872202345,66.06218914545684],[-37.48120099201637,66.05557924040664],[-37.44824321062498,66.055593284042],[-37.106624518117556,66.05038432635332],[-36.87976091764294,66.03970113427528],[-36.713547222662385,66.03436559734753],[-36.286172254197965,66.03184937614826],[-36.03461352109305,66.01147355921141],[-36.23927257443888,65.99064296441382],[-36.60026975801487,65.98350399118047],[-37.022325669865566,65.96226848628713],[-37.5674351502753,65.95069113404952],[-37.81259400334283,65.95340365846825],[-38.34355324489306,65.96302583924678],[-38.94816214277355,65.96272989662877],[-39.197189542227164,65.95413789032568],[-39.75601547319185,65.94393283787117],[-40.06049425575269,65.91516017178705],[-39.97573772468721,65.89204580185107],[-39.786622189185366,65.88922680754438],[-39.497434697779774,65.89228548751001],[-38.95802042726261,65.90994404871842],[-38.754471282303435,65.90860553167964],[-38.67045687725567,65.88104444356323],[-38.74966231134293,65.87368613346939],[-39.12463131071667,65.86468395682985],[-39.556884231617666,65.85119320281915],[-39.96216403692589,65.83169421561452],[-40.68663893732365,65.79685112692711],[-41.111513474056466,65.78150805164606],[-41.5446896910509,65.75692227315966],[-41.885326376198826,65.73681511213775],[-42.497700665805716,65.73648564139909],[-42.61028549281426,65.67119086985525],[-42.79441164593394,65.65694929105955],[-43.56936664066986,65.62300885979806],[-43.773927052821364,65.62441142951265],[-44.19712649443194,65.62719692068296],[-44.526188668439026,65.64351752094339],[-45.12462274023498,65.65567121977638],[-45.41611049880447,65.63107070260632],[-44.93508375222941,65.57820701852815],[-45.164030872826714,65.56732843056567],[-45.41819956419561,65.57027191887283],[-45.78356084631546,65.56853363785301],[-46.08559434863495,65.56683196088552],[-46.72392900100061,65.58337551894358],[-47.2993938480558,65.57847607782078],[-47.56491225348631,65.5269696497807],[-47.18073029581748,65.53525676726723],[-46.89192181363394,65.53385315007263],[-46.35074573462549,65.51066620015834],[-46.24883494537861,65.49811645192413],[-46.438572830103105,65.44382627776726],[-46.596247808135686,65.427613669261],[-46.9242280579856,65.4177084080095],[-47.30398661244073,65.35855238277968],[-47.61281256638331,65.3567201179279],[-47.71933149871967,65.36161562223263],[-47.89164876938739,65.34662497886862],[-47.893480125301934,65.32486511739336],[-47.76286900973449,65.30331116014509],[-47.900954438098594,65.29144727216682],[-48.38425599971427,65.28442052461338],[-48.61676847407218,65.28766141533856],[-49.041434692068535,65.30256286997914],[-49.187536036467186,65.29575208310389],[-49.34215105401756,65.22598161153145],[-49.44362213924858,65.20527183584524],[-49.7268473451662,65.17913613574535],[-49.99824413295072,65.16504614373564],[-50.39328571349053,65.17525817024489],[-50.93584567972665,65.1853462490162],[-51.262740175265385,65.20590407765779],[-51.57742330423019,65.19880991939499],[-52.10277960784683,65.15329108204998],[-51.84817216468036,65.1429465966503],[-51.76299953779964,65.13773325686986],[-51.18551796506898,65.12754715221064],[-50.72717168662375,65.1154911109294],[-50.345536685161335,65.09981244305354],[-49.78339685659743,65.0966164855178],[-49.70838680124966,65.06462994357676],[-49.81586077155103,65.0304832048752],[-50.210843061635636,64.99225914573226],[-51.07777798332527,64.96620409364859],[-51.38516438221327,64.955035524573],[-51.7684354491829,64.93276736215925],[-52.11839771132216,64.92517124943032],[-52.15684603990209,64.95271070535989],[-52.165050525588846,65.01456860348375],[-52.339992140779295,65.01084885939623],[-52.522441927696434,65.01072664047442],[-52.82868684858164,65.04118164021021],[-52.88946181095673,65.0249395012332],[-52.973913350594124,64.97594673480958],[-53.39522828950745,64.97749800785516],[-53.78292732795641,64.9899949452896],[-53.920642469287095,65.0206860199285],[-54.046815022606424,65.06549169393232],[-54.17933233102142,65.06004807320924],[-54.28846789068846,64.99148546176183],[-54.41954216436826,64.97502418654165],[-54.70554702567424,64.96206143882655],[-55.16315833767036,64.97272327668574],[-55.80928151860546,64.97596485369681],[-56.06295366919874,64.98308604822306],[-56.31417971184569,65.02098167442136],[-56.44947937677264,65.0335086980053],[-56.702601070789115,64.98995230220153],[-56.939113032493715,64.97524002017309],[-57.35067592403247,65.00586670850481],[-57.07881251879779,65.06181557243373],[-56.927995406534876,65.08330692969615],[-56.44549949236662,65.09426291700564],[-56.175811900287734,65.11742197232437],[-55.83467537214107,65.13348326695287],[-55.51110160380108,65.13016320643176],[-55.30338429322549,65.14608388109161],[-55.45786762147785,65.1826054895225],[-55.505204316496304,65.24112998520474],[-55.43096335734782,65.25481945244401],[-55.250638113128566,65.26512748374302],[-54.89164322225561,65.26194273264437],[-54.43323840796704,65.2537151935535],[-54.260624056200164,65.23503534910446],[-54.13881127677342,65.18860678733553],[-53.87336772979534,65.15920173607371],[-53.59793124104654,65.15063327981558],[-53.11380481300154,65.1526750861837],[-52.828163155424654,65.165072478066],[-52.70632869392998,65.18947163862707],[-52.4502337150236,65.21683417245711],[-53.30864151529469,65.21673074194949],[-53.53655646761005,65.23204495310036],[-53.264984575236994,65.30680081840987],[-53.14775395203492,65.32017989289999],[-53.58048668867158,65.3333583747378],[-54.07559751241386,65.34636432900217],[-54.1528838211984,65.34631943656325],[-54.37409848187912,65.33654420105744],[-54.02659455204879,65.40066611371444],[-53.4911084285526,65.44630274616352],[-53.12227378084648,65.45933973492997],[-52.609069863118506,65.45962282897285],[-52.29880942322298,65.4565981070676],[-51.94548298085444,65.45038127010943],[-51.49549780971585,65.42484374750687],[-51.16254430501572,65.41531246726431],[-50.96916954634361,65.42838227518843],[-50.638090095009034,65.43173792615953],[-51.29105778325525,65.49692320269129],[-51.65743354397687,65.52188592413735],[-52.155351030118716,65.62000883896579],[-52.35985820278889,65.6017010271632],[-52.402580455300665,65.66741121520995],[-52.294974957262816,65.68625288364996],[-52.167346912761225,65.69412211795652],[-51.731817218085965,65.68655510276115],[-51.21086744503405,65.68684247161151],[-50.68340903474441,65.68244051881996],[-50.390411917778955,65.65435459471385],[-49.985988026357816,65.59538780080761],[-49.57188934140043,65.59864843875356],[-49.37727333161132,65.59141470781327],[-49.555875072513906,65.63340971811871],[-49.990355367518454,65.65703705534777],[-49.38479620503845,65.71116687269395],[-48.8676617814266,65.73460941484252],[-48.3887978721655,65.73640655874128],[-47.89363550111634,65.75201435956386],[-47.315715352955195,65.75690925553408],[-46.96248962193234,65.76472699476886],[-46.561945815072946,65.76830091328718],[-46.87102466805997,65.80113537841174],[-47.19947643466814,65.81148394947614],[-47.88241020509641,65.80962792349915],[-48.308268885494854,65.79284416741365],[-48.71861184034735,65.78203470143042],[-49.178726292434504,65.76811758804817],[-49.587513941305815,65.76486007110722],[-49.77134893909467,65.76018521744581],[-50.01874289836884,65.79042781374214],[-50.118867693622605,65.78281270133334],[-50.325077649299025,65.7720790713259],[-50.90190906229167,65.77329195640377],[-51.47110443245854,65.74785939896618],[-51.06395712345976,65.80495778687586],[-50.68618522479068,65.82463083920337],[-50.605232428091185,65.83807837137086],[-50.670989397050214,65.85433859624266],[-50.977421918387066,65.86449225318674],[-51.350289774046026,65.86430382906201],[-52.67558066456183,65.83105820888076],[-53.49520078486263,65.7857128198607],[-53.560155886811636,65.79323284016027],[-53.610429469537884,65.81028459777782],[-53.44976493143842,65.81918996957097],[-53.25803688590796,65.82077298671867],[-53.15999330449814,65.84178571065478],[-53.18280973265044,65.86783556137395],[-53.484706546961355,65.87143286363121],[-53.54090127453343,65.87166307013534]]]]}},{"type":"Feature","properties":{"NAME":"Unknown","ABBREVN":"Unknown","type":"Unknown","weblinks":"Unknown","SUBJECTO":"Unknown","BORDERPRECISION":1,"PARTOF":"Unknown","CONTINENT":"North America","INDEX":33},"geometry":{"type":"MultiPolygon","coordinates":[[[[-77.64548387747435,64.04100096469729],[-77.37874632259145,64.04545440638009],[-77.08352068123176,64.06054811114831],[-76.48491214128165,64.12646914096813],[-76.20423851186975,64.12877982437011],[-75.7913399420912,64.09959946147659],[-75.62407176199153,64.06799839393874],[-76.0771310250025,63.96080269177033],[-75.88735409296643,63.96955857462237],[-75.67679092918395,63.971869597029134],[-75.3319400834348,64.00001804931627],[-75.08574434491146,64.01731566470286],[-74.8613347780051,64.0153497950746],[-74.727706004705,64.0239845725447],[-74.59740724402376,64.140446627597],[-74.53414118553123,64.144690418537],[-74.17689432655614,64.1281657731579],[-73.9182985398968,64.09886768167],[-73.82110834008071,64.06932517304234],[-73.85022145768745,64.0395616896596],[-74.01387341859387,63.97741111500435],[-74.18063402672978,63.84499832989862],[-74.13347083834525,63.80113004600203],[-73.67564405562847,63.841002320869066],[-73.51990571856977,63.87389845449568],[-73.30994210659854,64.04209149539736],[-72.86287404134951,64.2001634355024],[-72.63723311519219,64.24174595119149],[-72.1751251902953,64.21104062004292],[-71.70563857569536,64.19268972101374],[-71.3995933790309,64.10705797764564],[-71.36520623538618,64.08596367719464],[-71.40857599269167,64.04776513868883],[-71.6572135216161,63.96197906759305],[-71.77260749280286,63.881768005197294],[-71.77393807333468,63.84902779563456],[-71.76320356514442,63.77207637028884],[-71.82744095835136,63.74767950234515],[-71.98323524977552,63.716449918207154],[-72.33779421211207,63.6378612260737],[-72.40997153259379,63.5972236270971],[-72.38971957795167,63.58139947785813],[-72.21875407478244,63.4950307618484],[-72.12872990120562,63.472175846254224],[-71.87090451604075,63.43790064527076],[-71.4365127744556,63.4244119924227],[-71.01970907297604,63.345936530017084],[-70.85429898636919,63.29234290268175],[-71.04933397938703,63.18192446629152],[-71.1422924627175,63.16767733179581],[-71.44980179831407,63.179233655039276],[-71.61433724591724,63.2120744849545],[-71.82089291131284,63.24475682564654],[-72.0624965070623,63.22111094517431],[-72.35380210251006,63.192634326740325],[-72.69137088695098,63.18765022049104],[-72.81976332459709,63.171021326651505],[-73.02778322930442,63.07345029103719],[-72.6545132583978,63.08331260142658],[-72.39928125054125,63.104972499245875],[-72.1375387087832,63.1218380950067],[-72.0689535286825,63.04554799099888],[-72.16390858378197,63.011853730077355],[-72.39096827366535,62.98999718320585],[-72.65464627714128,62.95354442232823],[-72.88093263740521,62.93880829128554],[-73.38136558008802,62.9213997072232],[-73.71123692146149,62.92355335666415],[-74.06113993201548,62.93538709366953],[-74.47163801683476,62.9713497807108],[-74.99728978884285,63.04310022886119],[-75.08499144505228,63.07412255671391],[-75.08633494400135,63.1217636435362],[-75.22619296792186,63.12639732538891],[-75.45263160739948,63.111950685502144],[-75.73270365959809,63.05924274452975],[-76.2957739442213,62.986707811608326],[-76.64016572538733,62.984004702196216],[-77.13344905369345,62.96910472653157],[-77.70905537792628,62.90800669317609],[-78.74012826415112,62.85590956688123],[-79.20398741146722,62.85306794609581],[-79.6267468033867,62.84046451280738],[-80.23685111573077,62.84973887883534],[-80.43511621985914,62.83487586210746],[-80.72285108617316,62.83707984363186],[-80.92200507629049,62.878484206754784],[-80.73866307489725,62.94670688948362],[-80.63162312198043,62.96131401402045],[-80.50002791701135,63.004863760465504],[-80.53867618121888,63.03366066850451],[-80.64224415594227,63.047958501460194],[-81.59519026270293,63.063910742947904],[-81.94416578685725,63.08034642338339],[-82.14470418466371,63.10401666568209],[-82.30947539950847,63.132402097268475],[-82.32086102138318,63.20328702130274],[-82.47147765501758,63.28048644188895],[-82.34449207961622,63.289970026267405],[-82.07575261239506,63.32059954003496],[-81.55587347528223,63.32802738878962],[-81.28047198760835,63.35388555420974],[-81.11215891243324,63.351692648750834],[-80.8172050214461,63.354261406646216],[-80.49360047597607,63.36614521940502],[-79.96750606029768,63.36192451878612],[-79.67268909666618,63.362163193672494],[-79.0203630714229,63.35571589006186],[-78.67645442746867,63.355994222999136],[-78.12164809178795,63.361097199045425],[-77.92385016840612,63.38216206458864],[-78.04136970587457,63.412152542592665],[-78.54976168338085,63.47850664230732],[-79.0675366779969,63.50556497167136],[-80.30921626611696,63.51371299077294],[-80.79331463995423,63.51560187507324],[-81.34814345589164,63.50831009477434],[-81.67138710772949,63.50119564251512],[-81.86087405838565,63.50104601570284],[-82.13040672917364,63.57142254141451],[-82.03061123462346,63.59866520641155],[-81.91080211621734,63.60779761301136],[-81.62972652092147,63.614784710707816],[-81.12296504598326,63.642200039067866],[-80.82848462785017,63.6379365950397],[-80.209968509675,63.65639095485032],[-79.87244711721095,63.67010042110911],[-79.58988654037138,63.70607486031888],[-79.55252991117555,63.75056356060097],[-80.21259312713273,63.74117527714694],[-80.77494937642076,63.72073989606651],[-80.87285438558625,63.7273348470722],[-80.95580512930857,63.751691994644865],[-81.00270508587076,63.79584509483249],[-81.11378644412082,63.819961143175824],[-81.35266681392875,63.81317570276913],[-81.45644000302669,63.84381565628767],[-81.33553162981042,63.87884853087439],[-80.46726920255719,64.00046479540795],[-79.26371230134365,64.10336879377614],[-78.91935620027334,64.12047260888119],[-78.72220652724552,64.14162110537384],[-78.20203039201114,64.17337385831007],[-77.72442917715821,64.19246967331594],[-77.38674659917744,64.22384161244331],[-77.0076209819875,64.23445738444094],[-76.81208495494505,64.2056070727915],[-76.932107196472,64.18055429922079],[-77.26316542879205,64.13849326795543],[-77.64548387747435,64.04100096469729]]]]}},{"type":"Feature","properties":{"NAME":"Unknown","ABBREVN":"Unknown","type":"Unknown","weblinks":"Unknown","SUBJECTO":"Unknown","BORDERPRECISION":1,"PARTOF":"Unknown","CONTINENT":"Asia","INDEX":34},"geometry":{"type":"MultiPolygon","coordinates":[[[[-133.35141078292028,61.6639434045993],[-133.27672010086104,61.68340121557581],[-133.17484615970312,61.70985058429766],[-132.33114688168027,61.92495692618899],[-130.8617033208193,62.283290478528166],[-129.36865229328873,62.627094077137286],[-127.9224528913188,62.94157759414903],[-127.5502989674084,62.85241721180217],[-127.41072358730376,62.7640505354539],[-127.23247291839431,62.73700364570649],[-126.65812194682714,62.58782337992819],[-126.57536554527782,62.52740807367284],[-126.60664473786335,62.50459988712951],[-126.72354316268404,62.47150119162243],[-126.85877989628172,62.40508843507877],[-127.2395354839932,62.28125473510619],[-127.58472020626682,62.21346889178921],[-127.76023298002232,62.085017124111374],[-127.6028190340722,62.04295488869574],[-127.49444091582505,62.07208705135639],[-127.30218790208288,62.09596614845161],[-127.1934425944448,62.127583733487334],[-127.15149801564054,62.19040753281711],[-126.79728509361674,62.27648221739581],[-126.58086131557663,62.32316977161135],[-126.12756700229744,62.35188586148674],[-125.98526518091786,62.308231426855485],[-125.86059221831667,62.2928492546959],[-125.6509258487948,62.28268784223165],[-125.2481434818909,62.30114921619474],[-125.02564905236179,62.28067070802216],[-124.9910959376564,62.2132258646869],[-124.99026243545583,62.15580725607222],[-124.86795201398117,62.045473840593814],[-124.81299134963892,62.03231238140418],[-124.7313830972008,62.003246202831804],[-124.72054331816894,61.96874030207756],[-124.77169359609233,61.947391207527225],[-124.90574718083417,61.94194653335952],[-125.18553700254415,61.957662059916835],[-125.32665120917555,61.952204075187296],[-126.09035348822117,61.82026825180662],[-126.30876609720764,61.89789954762823],[-126.37458820840557,61.86837376090636],[-126.37074855542856,61.83076952208475],[-126.41732769345032,61.776801003193576],[-126.73924034883056,61.79539476629902],[-127.10556156339825,61.786949175377394],[-127.26192666224385,61.851441233294466],[-127.43633976017841,61.867382882313564],[-127.47331969953207,61.845868943671],[-127.54020041488818,61.802736005205325],[-127.51207048861289,61.80276144631039],[-127.48743369257238,61.75955626981891],[-127.610962136682,61.70791768511577],[-127.848663928706,61.63136432777329],[-128.07768573168926,61.57359136943387],[-128.38063756950294,61.56505452291686],[-128.69075127819454,61.55379196124184],[-128.85407465005062,61.5262130225391],[-129.2206498093022,61.376719872211794],[-129.4268695218795,61.329194000331384],[-129.72862926378295,61.34284131016349],[-129.91215795099114,61.32872809056786],[-130.20609629533342,61.359083217458775],[-130.07642619164756,61.4202768726877],[-130.35998900107174,61.50828530459903],[-130.6157850282304,61.461220385082775],[-130.71677455692125,61.54088961345879],[-130.70801324140996,61.56832588469939],[-130.5414306707554,61.63699553870501],[-130.3704421394683,61.66719294534788],[-130.21028899368162,61.73803127829603],[-130.28299329795726,61.7947667039106],[-130.42975389997264,61.80540694281367],[-130.7044562530941,61.79976174514471],[-131.13650588743144,61.76153543093474],[-131.6368898727789,61.74752186050536],[-131.95155037440952,61.76888052594287],[-131.72196336779785,61.82305263835108],[-131.56256058361473,61.8769307435026],[-131.4496383211868,61.95717283822605],[-131.82654563231634,61.93696385988988],[-132.24305185848314,61.86945714936739],[-133.35141078292028,61.6639434045993]]]]}},{"type":"Feature","properties":{"NAME":"Unknown","ABBREVN":"Unknown","type":"Unknown","weblinks":"Unknown","SUBJECTO":"Unknown","BORDERPRECISION":1,"PARTOF":"Unknown","CONTINENT":"North America","INDEX":35},"geometry":{"type":"MultiPolygon","coordinates":[[[[-54.26242951358721,65.7543071902735],[-53.97976489074023,65.76100110781343],[-53.834548455993755,65.74730952918443],[-53.94586862039776,65.71180526724872],[-54.00668643403304,65.67593941122684],[-53.91566539298328,65.67128914776137],[-53.62031316575385,65.66831232214147],[-53.54804777544406,65.685571777105],[-53.36818932665991,65.71521332253852],[-53.20513706203621,65.72303367985465],[-53.08749372900986,65.70916625557658],[-53.02006683253865,65.68585683713827],[-53.03645558545662,65.66392223033708],[-53.122077099471205,65.65128468365538],[-53.431904591508705,65.5889815483255],[-53.393966779539944,65.55482747389756],[-53.12446276650829,65.5561272235403],[-52.74356176474927,65.56186191318409],[-52.481629744585426,65.52233284618453],[-52.69132671020842,65.54316454852534],[-53.24528843409557,65.51631638079073],[-53.77422469858461,65.49871215341508],[-54.15157220111418,65.46835366452694],[-54.3084531542244,65.45226888466026],[-54.50478546896465,65.42638813573791],[-54.63786813512242,65.42469373889122],[-54.89387300069677,65.45835484424313],[-55.20909722591518,65.43084038987055],[-55.2480996343761,65.39507784768236],[-55.34815542314832,65.37535540397434],[-55.54052523548895,65.35876132773487],[-55.66611867713892,65.35538290724809],[-55.84886437182297,65.38163335982118],[-55.989719320274645,65.40770194247754],[-56.31915931994506,65.35335191368337],[-56.379149972620176,65.34751677525246],[-56.42194799198312,65.3433446066556],[-56.68805302659543,65.33986830008666],[-57.13992235175582,65.3479119015371],[-57.48778258243731,65.36093906922292],[-57.674120802571096,65.37401968308814],[-57.821234549992724,65.37228774317826],[-58.149554365840565,65.48046662696811],[-58.08674097062741,65.50264999276642],[-57.43930167135671,65.52186042125162],[-56.55754612809811,65.51450288267047],[-56.350949211086814,65.5067591392799],[-55.95496971230364,65.49879220111441],[-56.360206812965224,65.55358904274638],[-57.105045204018815,65.57015913981205],[-57.46036537163063,65.56071863006916],[-57.847814156476275,65.5620567870847],[-58.08883206952588,65.54800357842127],[-58.37662145846547,65.54630071783123],[-58.45981504417644,65.56173023111131],[-58.53166561793529,65.6015073942153],[-58.7155935999783,65.63761671666985],[-58.65401122334573,65.66399217544983],[-58.16921272735444,65.65481784263108],[-57.47097961717594,65.66777769435947],[-57.70686098689912,65.68595308085527],[-57.76098827945904,65.71129457053027],[-57.52513365689678,65.73304568426767],[-57.27007950971823,65.74240974087705],[-57.05157245317694,65.7440589324511],[-56.81985021787114,65.74111501325243],[-56.68317284447739,65.75650447369283],[-56.825231552164205,65.81095241935118],[-56.49242803518591,65.81861794242249],[-56.08792852091579,65.8307728182235],[-55.822240471426554,65.82494687145912],[-55.64548523641228,65.82801984135031],[-55.52937909650765,65.83998647877462],[-55.46305400572653,65.87101181508405],[-55.15648271013352,65.86235087309105],[-54.932807563815146,65.85805050389693],[-54.79627398635926,65.8448133369995],[-54.73442057724267,65.78643555804226],[-54.66799846480144,65.76825508394609],[-54.558699927591775,65.75152049961619],[-54.37568076249377,65.75162023334904],[-54.26242951358721,65.7543071902735]]]]}},{"type":"Feature","properties":{"NAME":"Unknown","ABBREVN":"Unknown","type":"Unknown","weblinks":"Unknown","SUBJECTO":"Unknown","BORDERPRECISION":1,"PARTOF":"Unknown","CONTINENT":"North America","INDEX":36},"geometry":{"type":"MultiPolygon","coordinates":[[[[-84.751742245011,63.62584544720771],[-85.03229727002919,63.62788639342456],[-85.31222111033537,63.641156619408804],[-85.19652873233323,63.70170388146377],[-85.13712565613079,63.7617424328097],[-85.1424033700474,63.79486561792356],[-85.30845072300536,63.84086322176943],[-85.69390715152304,63.849326949705045],[-85.91756520314784,63.86663752290318],[-85.9655283197528,63.890559530754466],[-85.92938292423823,63.912305531454884],[-85.71126532466626,63.92546868208467],[-85.37982454335328,63.962422757598404],[-85.12611146659687,63.98839556830069],[-84.90661608534454,64.03560058793381],[-84.62918394477599,64.13309024517228],[-84.46082205191472,64.13321779964957],[-84.22853972107589,64.15435070778415],[-83.9464054405247,64.19834753320491],[-83.34113869429048,64.26082610291608],[-82.88322980995406,64.32867702368463],[-82.75602153118847,64.36527573887676],[-82.7555767680639,64.38345165219403],[-82.77494956855747,64.45952126765246],[-82.6547920798632,64.50911386254654],[-82.39526758635907,64.50929113098765],[-82.12161433769134,64.51539396842769],[-81.7148727364305,64.50975945720548],[-81.43434180743324,64.50798663508294],[-80.93619755783374,64.518169308748],[-80.48000946517674,64.53420806344982],[-80.07309055751736,64.54233039281578],[-79.98911812173245,64.52865810902398],[-79.42253591715036,64.43994127505526],[-79.1912528065259,64.43011545278526],[-78.95263037256207,64.43627624958255],[-78.4964311487375,64.45056046344283],[-78.13874170302206,64.44881793831185],[-77.94249726257972,64.44097648770949],[-77.71890499063731,64.39906896191083],[-77.3914416848948,64.30608557317878],[-77.53218362595635,64.2896233724113],[-77.67959200588786,64.28542271934704],[-77.79206854210172,64.27713983567472],[-78.4314714006341,64.23962473303598],[-78.82479809330454,64.22280200409303],[-79.58400370310405,64.17237161464959],[-80.06233959097096,64.13434540143612],[-80.90035824824075,64.04708767815926],[-81.48546013003647,63.978247894547245],[-81.696397033288,63.967340636490576],[-82.05487057085473,63.95199466531179],[-82.4811538761051,63.8364573332598],[-82.80709755657745,63.77238614285456],[-83.14573659407384,63.73668246523073],[-83.58163093098165,63.72078142469502],[-83.92499196006665,63.72941073479232],[-84.32137771488995,63.66661812696817],[-84.751742245011,63.62584544720771]]]]}},{"type":"Feature","properties":{"NAME":"Unknown","ABBREVN":"Unknown","type":"Unknown","weblinks":"Unknown","SUBJECTO":"Unknown","BORDERPRECISION":1,"PARTOF":"Unknown","CONTINENT":"North America","INDEX":37},"geometry":{"type":"MultiPolygon","coordinates":[[[[-58.13669100994113,64.93479088637298],[-58.41366993159276,64.93033352108647],[-58.727227834287866,64.91353110323054],[-59.016119075475395,64.86694456129715],[-58.70676085249117,64.86154330533033],[-58.40554966706744,64.86530786893665],[-58.39148935792515,64.86548144214278],[-58.18671747673347,64.85440666819166],[-58.10105201117895,64.84135813778109],[-58.13115562541959,64.7942499308289],[-58.077882202912456,64.7505847670761],[-57.92971778747213,64.74113567316596],[-57.839202546668865,64.74883672791874],[-57.708945006310586,64.78127257096897],[-57.60427938907816,64.78702701215454],[-57.2886002899423,64.78723397632699],[-56.960766940408334,64.80635972032465],[-56.77725212409763,64.79514203312654],[-56.62056077848062,64.77059630990708],[-56.51995633818918,64.74398538921609],[-56.25292247560699,64.7384300566986],[-55.85735570836031,64.78628601957892],[-55.34802029147665,64.81497384016131],[-54.80896746118982,64.82662417865096],[-54.15202505867361,64.85143521309116],[-53.72347518744284,64.84610083474567],[-52.97260752048206,64.84471634731763],[-52.87400016578771,64.84103259458617],[-52.75160230082432,64.80914578073047],[-52.566983062708154,64.78467480178202],[-52.20087686871985,64.76972969303358],[-52.052451125848854,64.7565044670767],[-52.003027760728614,64.75272346827667],[-51.952556782032424,64.7355602650946],[-51.98559046552522,64.70868752338892],[-52.15282169128298,64.6931718476697],[-52.83031505163787,64.65011865824512],[-52.95597418298418,64.62296148226908],[-53.040648567325675,64.55103187165783],[-53.80526914296226,64.54268028208139],[-53.98765356116587,64.54059161903352],[-54.212199924917805,64.5306320612061],[-54.42257947226551,64.53637963970682],[-54.61880299740952,64.55386124450405],[-54.69584772907599,64.56748053486321],[-54.55509442963671,64.63922342546617],[-54.724960461656345,64.66242918723266],[-54.87834200783668,64.64872660536261],[-55.109646765045206,64.57109668011987],[-55.313184872598804,64.55729748162224],[-55.51654768848956,64.56302128388566],[-55.82524432299602,64.55108544818636],[-56.03566861873418,64.55290109912674],[-56.182953556055665,64.55280137898993],[-56.50541376983488,64.5759861093695],[-56.61044811728966,64.59728725575314],[-56.75070754033896,64.59913006875362],[-56.96855128827177,64.55225656928502],[-57.54382362451031,64.54011930301371],[-57.81745456720914,64.53208732585473],[-58.224172330707205,64.53965249117611],[-58.251984904598515,64.56700758940976],[-58.041126481244106,64.64074532009211],[-58.454930523579556,64.62697288431123],[-58.63742036389019,64.60753901576525],[-58.85513957427137,64.5724441046283],[-59.21305969033005,64.55072333130725],[-59.50060377101814,64.55443537913654],[-59.52381055509628,64.5573841811485],[-59.66874440523365,64.57578777907003],[-59.801532796704656,64.63761594688371],[-60.187712793880934,64.58515024553064],[-60.49625395382868,64.59271222542763],[-60.42777047841954,64.66632007165757],[-60.2797458824718,64.74147726002825],[-59.919808241077604,64.79117276564506],[-59.769497646182636,64.82900267824134],[-59.73106714073524,64.86087885270666],[-59.83757190958371,64.92573481969967],[-59.89782629753657,64.95508028046989],[-59.77637290900131,64.98799996244136],[-59.53974107258618,65.00085721966217],[-59.15487415226662,65.00834651817075],[-58.43229378876965,65.01061256528092],[-58.24842931671517,65.0016809631689],[-58.02709197692148,64.97637167872803],[-57.98788341303242,64.97250727766698],[-57.806424526835016,64.95459290604609],[-58.05654275809933,64.93607810234273],[-58.13669100994113,64.93479088637298]]]]}},{"type":"Feature","properties":{"NAME":"Unknown","ABBREVN":"Unknown","type":"Unknown","weblinks":"Unknown","SUBJECTO":"Unknown","BORDERPRECISION":1,"PARTOF":"Unknown","CONTINENT":"North America","INDEX":38},"geometry":{"type":"MultiPolygon","coordinates":[[[[-74.78654894187729,64.81811026265038],[-75.24108902033456,64.85805438216066],[-75.0020140162235,64.92518797393399],[-74.82752803025701,64.93082610661381],[-74.57079925996412,64.94752791849561],[-74.24965704855863,64.95688990292884],[-73.90811523947326,64.96990098116555],[-73.50913440701547,64.9756288144208],[-73.44969620606955,64.95740510045185],[-73.44341308499712,64.92065596150071],[-73.34219548564572,64.90224343170786],[-72.7911741445513,64.92292272470984],[-72.68353558329358,64.90821885246078],[-72.57403119307162,64.83187094456359],[-72.44309827539092,64.79614321939708],[-72.19707552393257,64.79252064618117],[-71.8891378978245,64.79840485528231],[-71.51618234232153,64.78918825576422],[-71.33403171471153,64.79119708747147],[-70.92926212538727,64.80847324070263],[-70.76482091132115,64.83868780497018],[-70.66755421628083,64.8947122629587],[-70.75786220227394,64.93344144914984],[-70.98125482700983,64.96811827455201],[-70.55172369132035,64.9993284881299],[-70.22169998709708,65.03565505840464],[-69.98592273113945,65.05017043080122],[-69.61607734208823,65.06113884498899],[-69.54966843710751,65.04505947263046],[-69.64284224526902,64.97991238283733],[-69.839556668374,64.93954379880591],[-69.99101285984828,64.8747041818076],[-69.87716657795836,64.8635955009451],[-69.63109603685572,64.86001828535552],[-69.28891409674712,64.81898100771605],[-69.17584049186145,64.86591533761285],[-69.00444667745667,64.89393258532573],[-68.85119474887136,64.90144524838652],[-68.52493172228338,64.87751866670658],[-68.42840970859861,64.83834315543976],[-68.69684624286471,64.79672610618127],[-68.90853203870856,64.74526784898781],[-69.21937104976894,64.69709092031151],[-69.51133126402348,64.66791231662451],[-69.78385344812146,64.65609242096134],[-70.01531101897501,64.65594120686771],[-70.55453740585071,64.64585981425577],[-70.8638094928331,64.65342552182904],[-71.30036471046851,64.67251487447113],[-71.47589874635644,64.67433216330994],[-71.93621631835333,64.64491759600101],[-72.36371324083278,64.62338077196708],[-72.67251394204185,64.60384925585589],[-73.07961147677801,64.57639743054813],[-73.69723720477512,64.54473459504766],[-74.18851924768859,64.52281252363365],[-74.77063787504471,64.52634686777823],[-74.9599170602011,64.53406523032494],[-75.25409278432139,64.56516865951743],[-75.15544998307276,64.60603726689045],[-74.90281359611926,64.61974183734773],[-74.52401952969464,64.62385264729548],[-74.23637171350236,64.63946024308494],[-73.94946572634225,64.64744230872547],[-73.5782806503298,64.65351738966375],[-73.40275695466748,64.65169945018485],[-73.01140061598927,64.667485148683],[-72.61031089104175,64.7255748442683],[-73.38291900928989,64.73463081724528],[-73.62903890099615,64.74020583655637],[-74.2221379744822,64.7110558923745],[-74.7814828966282,64.69335015468361],[-75.18088633828549,64.68922380803696],[-75.46047576090513,64.67937097878371],[-75.78690896111696,64.71576696564972],[-76.00951726051048,64.69830557709224],[-76.31735665265894,64.69038562430062],[-76.54320094425476,64.7037187849674],[-76.63120301410677,64.73820097658304],[-76.5694263441752,64.7496994300106],[-76.10490795925946,64.79371699547976],[-75.75490547342788,64.79962701209827],[-75.14483082949198,64.80192286544934],[-74.78654894187729,64.81811026265038]]]]}},{"type":"Feature","properties":{"NAME":"Unknown","ABBREVN":"Unknown","type":"Unknown","weblinks":"Unknown","SUBJECTO":"Unknown","BORDERPRECISION":1,"PARTOF":"Unknown","CONTINENT":"North America","INDEX":39},"geometry":{"type":"MultiPolygon","coordinates":[[[[-64.47838659024704,60.85198893781267],[-64.69633141083462,60.86044399396689],[-64.41276639034017,61.018803000032186],[-64.43993729053473,61.078631213982504],[-64.8131862130487,61.049789490009395],[-65.70728368300641,60.99748578408362],[-65.53007823007403,61.08039731255954],[-65.24779407993795,61.134590703875794],[-64.52147262133165,61.23405336848088],[-64.47749564723357,61.318122131805396],[-64.38441225375605,61.39059229914346],[-64.2209012062277,61.462711024700624],[-63.830021196231094,61.60593840806839],[-63.510249631533554,61.701770910020734],[-63.22485940275327,61.81032851001401],[-62.968540392710075,61.88847426849314],[-62.775487454172136,61.794577145264185],[-63.03891967445503,61.707654986052354],[-62.89355772017632,61.642399210003546],[-62.732094741947265,61.634354430074666],[-62.45508305538745,61.71364100833565],[-62.265914756154366,61.69479385276728],[-62.08478721095345,61.64590321578947],[-61.932925596967394,61.55834320554704],[-61.81450884348285,61.51457945205151],[-61.23290562963393,61.42966255164041],[-61.16363903302211,61.38261060869818],[-61.17868344558162,61.338068913564406],[-61.477244152552466,61.17507836476521],[-61.30859022567645,61.166771785963284],[-61.097402945881704,61.178267852472054],[-60.79510954557553,61.1701024435087],[-60.598619452563256,61.14485040838413],[-60.37477150428198,61.06844380854772],[-60.543850230116725,61.05118093674238],[-60.670791480791735,61.0282377492891],[-60.90359362484031,60.9793806747597],[-61.21297253011649,60.98765446512424],[-61.38847236612164,61.01038339031141],[-61.80312387006716,61.03281537543779],[-61.915306718591424,61.055512612077145],[-61.97695852159268,61.15480883974843],[-62.06741787990263,61.20833468992994],[-62.3409003143841,61.25023565946195],[-62.523810378473115,61.247244731603786],[-62.67243972254003,61.19928379493856],[-62.78682049971582,61.09448818651791],[-62.857444198957516,61.07736193384232],[-63.35024750650466,61.048397861408596],[-63.72434942353558,60.959353135386735],[-64.01349169830115,60.90442616509836],[-64.47838659024704,60.85198893781267]]]]}},{"type":"Feature","properties":{"NAME":"Unknown","ABBREVN":"Unknown","type":"Unknown","weblinks":"Unknown","SUBJECTO":"Unknown","BORDERPRECISION":1,"PARTOF":"Unknown","CONTINENT":"North America","INDEX":40},"geometry":{"type":"MultiPolygon","coordinates":[[[[-68.07625648585471,63.68603006801032],[-68.1950377122233,63.69710578103824],[-68.31828567820584,63.768106326314204],[-68.35706327956989,63.84945515365728],[-68.48109083920762,63.908176368011226],[-68.6905244907458,63.93616712759673],[-69.08286604981781,63.95098806763823],[-69.1803014407689,63.97244823999831],[-69.42849662434001,64.10217921080483],[-68.89302203031089,64.18015722139933],[-68.75320327112894,64.16356358171467],[-68.63564179835893,64.10698470885133],[-68.40496857071807,64.0796917175063],[-68.2859253722441,64.07343047189525],[-67.98321261382495,64.10746500712459],[-67.45494002255447,64.1811999833151],[-67.31453695378772,64.1854729864473],[-67.22266817355847,64.210480598505],[-67.31220695787822,64.2764420561804],[-67.45840172763356,64.32539862959405],[-67.41575705155712,64.35183315215441],[-67.33134498549916,64.36404533443903],[-66.86154252492126,64.35425772469084],[-66.55946156415536,64.37873045991715],[-66.4331998372651,64.37882081818448],[-66.29379715073294,64.3343668594814],[-66.13956628036347,64.33040472735291],[-65.94303261661234,64.33664741954973],[-65.710976680172,64.3651870375077],[-65.28983903563399,64.37962050592343],[-64.9112044866268,64.37181749092161],[-64.72933890318059,64.34563051261388],[-64.93340295632568,64.31497046270853],[-65.15818308295316,64.30051923223256],[-65.39054514902641,64.26138421154548],[-66.00891592956263,64.21758467335738],[-66.19178486717243,64.19877709828977],[-66.29061964079558,64.17579727783786],[-66.31246515938511,64.14651009698669],[-66.20058788323284,64.13401544738504],[-65.95476880595236,64.14467829857753],[-65.69579319823269,64.12388355994815],[-65.52828612278643,64.09450538480681],[-65.4161032833397,64.09247693317046],[-65.34690865287402,64.0607596595346],[-65.46085869613323,64.00740006651134],[-65.8060684594174,63.96422225334218],[-65.98999736981548,63.920906661771795],[-66.33694659737212,63.835669129825035],[-66.61942941312529,63.78929188712507],[-66.83066357224008,63.771467607330365],[-67.04126137701523,63.769088259141085],[-67.1810396807679,63.782238079625614],[-67.28451740678994,63.826165522908916],[-67.44537771563678,63.839202324100974],[-67.5236071850708,63.81281653599681],[-67.4142527710307,63.742222805823374],[-67.82344840239016,63.69070058849652],[-68.07625648585471,63.68603006801032]]]]}},{"type":"Feature","properties":{"NAME":"Unknown","ABBREVN":"Unknown","type":"Unknown","weblinks":"Unknown","SUBJECTO":"Unknown","BORDERPRECISION":1,"PARTOF":"Unknown","CONTINENT":"North America","INDEX":41},"geometry":{"type":"MultiPolygon","coordinates":[[[[-106.23081268418012,53.128832694335046],[-106.64184518706658,53.21303886473852],[-107.01571417982176,53.33918749456378],[-107.04153099523022,53.38965141040038],[-106.95464519594576,53.44437451507037],[-106.65312528458855,53.57871521912378],[-107.04678413279208,53.57813842837571],[-107.28914351895342,53.50674618042209],[-107.3795286730519,53.527525529991664],[-107.47538365501052,53.58168655296333],[-107.25832783482664,53.71100746268977],[-107.33105866178866,53.80618614925347],[-107.42924674029318,53.81017763110372],[-107.6810522584031,53.83460709615541],[-107.67740548747527,53.908846813742386],[-107.45544871327728,53.99136277487124],[-107.64640787771424,54.13851210687408],[-107.89992116598052,54.10539239275758],[-108.01190526232384,54.133894004345976],[-108.15742116923579,54.27655132999081],[-108.33753442004121,54.515277373179394],[-108.33701121689009,54.579690179868074],[-108.28760423932373,54.611892344577704],[-107.87984372873466,54.64456646445295],[-107.7674852927894,54.632683069465465],[-107.22771704005964,54.46841916496386],[-106.9261131760203,54.412242384521655],[-106.32240079272886,54.35636076684549],[-106.26705725712664,54.283302849970774],[-106.21290181655687,54.13646896694242],[-106.26952878011076,53.95610474100999],[-106.24722573277647,53.83667374745516],[-106.17252272284412,53.783032495228014],[-105.74400173168586,53.63006097153459],[-105.6904947253741,53.57177084692623],[-105.75675242123985,53.35367399074198],[-105.84644883663893,53.235373717126095],[-106.06892846237191,53.13331466767442],[-106.23081268418012,53.128832694335046]]]]}},{"type":"Feature","properties":{"NAME":"Unknown","ABBREVN":"Unknown","type":"Unknown","weblinks":"Unknown","SUBJECTO":"Unknown","BORDERPRECISION":1,"PARTOF":"Unknown","CONTINENT":"North America","INDEX":42},"geometry":{"type":"MultiPolygon","coordinates":[[[[-78.00899146282414,64.8620219742069],[-78.06805235090165,64.88061892401399],[-78.10398003209154,64.92687672340051],[-78.16911061512235,64.93787304616629],[-78.29442776665415,64.9322717221242],[-78.56447299523775,64.91182059709108],[-78.96345965641996,64.90601292810489],[-79.04552267555309,64.93363330569757],[-78.96015971642704,64.96485573848899],[-78.75467755477847,64.9904934999082],[-78.37758231946685,64.99981089328995],[-78.16267073014119,65.01262295363223],[-77.87053422443385,65.02544077765276],[-77.38052870368317,65.06344103929395],[-77.02703827286032,65.08327826825182],[-76.72900257367195,65.09944184068188],[-76.39280598820844,65.13141395483504],[-75.96288708729733,65.15272020141475],[-75.55747979144698,65.15995756801081],[-74.75372154370028,65.17438281904369],[-74.28285200380482,65.17292485103391],[-73.88254245510828,65.19918189012594],[-73.54736818534424,65.20628274353086],[-73.34021507741133,65.16653752736849],[-73.60478223372562,65.1576522078274],[-73.96461686567555,65.13641322398252],[-74.16228309620668,65.11163668754651],[-74.26185061122514,65.08676980033935],[-74.36443303807262,65.04204343583102],[-74.5890084042513,65.04189820592632],[-74.90962159717787,65.0309123566038],[-75.50771381531013,64.96705809755565],[-75.78874433742264,64.96870436320246],[-75.54118270313195,65.06280634299223],[-75.66369135248593,65.07699972676113],[-75.78261293695208,65.07514670429258],[-75.99425869418609,65.04819662127422],[-76.33835711493093,65.01557922347106],[-76.83892965993999,64.95523443505877],[-77.08886694772214,64.94040133990684],[-77.36312329715619,64.90334441814471],[-77.75025796801798,64.86779323097733],[-78.00899146282414,64.8620219742069]]]]}},{"type":"Feature","properties":{"NAME":"Unknown","ABBREVN":"Unknown","type":"Unknown","weblinks":"Unknown","SUBJECTO":"Unknown","BORDERPRECISION":1,"PARTOF":"Unknown","CONTINENT":"North America","INDEX":43},"geometry":{"type":"MultiPolygon","coordinates":[[[[-62.798137004225175,65.24873893304502],[-63.101437106194105,65.25367167409861],[-63.19666822951472,65.26890688217249],[-63.17664458000721,65.32444153500981],[-63.265746378618225,65.34104259898673],[-64.09726668940735,65.34885966053614],[-64.55198102731254,65.34195814261379],[-64.7276259944035,65.34185659320421],[-65.10853243696383,65.34661773896103],[-65.25313507000635,65.35977266031927],[-65.36844513389431,65.39094030564954],[-65.30462818156866,65.41054712297529],[-65.14683664834413,65.42200035889933],[-64.9219274293734,65.42212948740897],[-64.55696289280682,65.40283352537699],[-64.30448819568338,65.40460308374897],[-64.20553820281683,65.42414970164691],[-64.15001737959153,65.44676105797706],[-64.29794517612365,65.48658166356724],[-64.41340707209062,65.49443687007941],[-64.67597206494094,65.50061215294207],[-64.97036930137142,65.51618045530024],[-64.76486729636473,65.54750108810737],[-64.0864412790321,65.55715428995158],[-63.497611138775454,65.54507575794611],[-63.4578285234063,65.51544011559132],[-63.38805417694757,65.47914741352494],[-62.92539553393343,65.46346663452911],[-62.36669476389447,65.45418123604696],[-62.14228252648777,65.43500917592453],[-62.086232245716694,65.41399598445969],[-62.08873704226637,65.35333169645651],[-62.120036573081244,65.31503601247316],[-62.257654642485306,65.2779297428777],[-62.47805810564659,65.26084438723306],[-62.798137004225175,65.24873893304502]]]]}},{"type":"Feature","properties":{"NAME":"Unknown","ABBREVN":"Unknown","type":"Unknown","weblinks":"Unknown","SUBJECTO":"Unknown","BORDERPRECISION":1,"PARTOF":"Unknown","CONTINENT":"North America","INDEX":44},"geometry":{"type":"MultiPolygon","coordinates":[[[[-64.49559188474615,63.92203065901023],[-64.76831168507472,63.94776778115898],[-64.61183353161266,64.01231357005787],[-64.58780135775127,64.1099614141264],[-64.42454824478745,64.17924061083693],[-64.25503219856428,64.22506182215189],[-63.91657502388327,64.30140505404593],[-63.67732058900518,64.33825574565068],[-63.31264800286511,64.33444839690267],[-63.277211007773275,64.35274010111675],[-63.29769106397538,64.3830387216933],[-63.241029598997194,64.41525157689098],[-63.142640641028976,64.42533127793361],[-63.044319912254814,64.43339823495329],[-62.37785402119017,64.43985404815808],[-62.04833645748521,64.4301002490187],[-61.70509526021848,64.40227921587575],[-61.34044708622253,64.39650177542202],[-60.891243998798956,64.41289023322949],[-60.58264782166543,64.41109072417893],[-60.41452705886258,64.39916656626255],[-60.30267773392545,64.3750626918978],[-60.33794063749782,64.36493827875093],[-60.47157851618233,64.34458849424705],[-60.87938142391846,64.29539263190327],[-61.42145660945498,64.20846518063988],[-62.22400049156699,64.09905318461445],[-62.67322454639453,64.09027614600276],[-63.339137500816186,64.10877338435849],[-63.74620860637862,64.10214661554915],[-63.59448614426499,64.015213047437],[-63.77111546679923,63.976509498922624],[-64.17254690864782,63.93093213099391],[-64.49559188474615,63.92203065901023]]]]}},{"type":"Feature","properties":{"NAME":"Unknown","ABBREVN":"Unknown","type":"Unknown","weblinks":"Unknown","SUBJECTO":"Unknown","BORDERPRECISION":1,"PARTOF":"Unknown","CONTINENT":"North America","INDEX":45},"geometry":{"type":"MultiPolygon","coordinates":[[[[-65.54086383223724,64.66285331206616],[-65.73919026322545,64.68594171397979],[-65.67185334835686,64.71679142260686],[-65.28301003018463,64.75721988230667],[-65.10883278656233,64.76876149837935],[-65.01247986139641,64.78591198769223],[-65.002331472725,64.81992048687518],[-65.31869418647845,64.82535947546107],[-66.03859927624336,64.80226755169494],[-66.34637979898997,64.79449467316185],[-66.45139748054176,64.79253280263976],[-66.58100423181823,64.82076667040756],[-66.42388987400568,64.85464222845845],[-66.19964882889447,64.85665409220924],[-65.93628597814259,64.88105941449052],[-65.74058571819593,64.8867688757087],[-65.61593258026764,64.94592264440331],[-65.45831735766417,64.96981516923924],[-65.32156109072785,64.99175266582792],[-65.18790540306973,64.99001790672081],[-65.03696315488149,64.96825531306092],[-64.79443754824571,64.8948050699905],[-64.74981044700024,64.87625505896008],[-64.57566292620204,64.88566597033153],[-64.50181905584222,64.9098051628591],[-64.5721082252035,64.95758896188335],[-64.62325393925713,64.97034980712131],[-64.58683867161241,65.00491669629528],[-64.41997773740161,65.01406724360187],[-64.1191036588433,65.01967213922264],[-63.96955174722745,65.00711500956996],[-63.78288202883743,64.98182024015233],[-63.689053042280186,64.96546223593788],[-63.61861465459249,64.96368043619063],[-63.38003525045223,65.00748369604605],[-63.185678651988376,65.02026685833373],[-63.02243157701182,65.00952212779602],[-62.88640387123683,64.9932964453315],[-62.86273399801313,64.97694147836057],[-63.06944795720765,64.90332926935115],[-63.335135589869594,64.84168022491],[-63.50762940958475,64.81713581360648],[-63.889669758104176,64.78286264342273],[-64.04028143242994,64.74660086173579],[-64.19562929207324,64.68118149776389],[-64.36269688154499,64.66558925340297],[-64.81235724551122,64.6749681937657],[-65.11301946909623,64.66314442209298],[-65.54086383223724,64.66285331206616]]]]}},{"type":"Feature","properties":{"NAME":"Unknown","ABBREVN":"Unknown","type":"Unknown","weblinks":"Unknown","SUBJECTO":"Unknown","BORDERPRECISION":1,"PARTOF":"Unknown","CONTINENT":"North America","INDEX":46},"geometry":{"type":"MultiPolygon","coordinates":[[[[-68.8899772313555,62.81040361880577],[-69.10730429229642,62.8151310572911],[-69.33663986086941,62.84191283230658],[-69.59562491739423,62.85148713645316],[-69.8791761371123,62.897625572394],[-70.12238610474243,62.92416821585172],[-70.29725690640626,62.931300750626185],[-70.56822947892469,62.960134732503626],[-70.3033928533628,63.00860609855325],[-69.65821511801896,63.0667071546473],[-69.46574568148766,63.09312247904176],[-69.17421790442125,63.188187804260366],[-68.98782036766109,63.22128374006651],[-68.69886862429094,63.230908290716805],[-68.53340521838888,63.2051949040347],[-68.30428994530682,63.12026003329658],[-68.0435922586685,63.06327382917062],[-68.12510070373246,63.02245985113561],[-68.12922335645187,62.981528409758454],[-67.96798765447448,62.906546496402335],[-68.10306969030286,62.889393478115416],[-68.6856116355667,62.81794455148955],[-68.8899772313555,62.81040361880577]]]]}},{"type":"Feature","properties":{"NAME":"Unknown","ABBREVN":"Unknown","type":"Unknown","weblinks":"Unknown","SUBJECTO":"Unknown","BORDERPRECISION":1,"PARTOF":"Unknown","CONTINENT":"North America","INDEX":47},"geometry":{"type":"MultiPolygon","coordinates":[[[[-60.66576857058828,65.28900345057684],[-60.954662806872385,65.29220171724319],[-61.10661581740801,65.30892086776763],[-61.188419381768966,65.35054303537714],[-61.17956760559507,65.4145085849107],[-61.093905504141794,65.4323696284107],[-60.98406457442367,65.44049370385495],[-60.32435279058504,65.4440834990412],[-59.950604608501415,65.41845075294147],[-59.31144026938718,65.37308295467233],[-59.471716095823744,65.34324456322867],[-59.68185297928564,65.31478089364522],[-59.82147828357002,65.31135339796158],[-60.337374104431895,65.29593818901513],[-60.66576857058828,65.28900345057684]]]]}},{"type":"Feature","properties":{"NAME":"Unknown","ABBREVN":"Unknown","type":"Unknown","weblinks":"Unknown","SUBJECTO":"Unknown","BORDERPRECISION":1,"PARTOF":"Unknown","CONTINENT":"North America","INDEX":48},"geometry":{"type":"MultiPolygon","coordinates":[[[[-55.26877325800332,62.3829733358883],[-55.69016937089809,62.38772802666749],[-55.794322710916454,62.410664038171674],[-55.79919747369311,62.448942012819934],[-55.7175891192554,62.52263252770702],[-55.495768706823846,62.588383369406536],[-55.07479228564189,62.68878739032402],[-54.78407523588003,62.72877356083914],[-54.297652837486545,62.7539425515776],[-54.06080510097808,62.72444092306102],[-53.895276371858465,62.67736548598403],[-54.03317822372144,62.607242449681614],[-54.25055985888269,62.496065743419855],[-54.44258685261968,62.45524094134353],[-54.87423289432542,62.40125219864758],[-55.26877325800332,62.3829733358883]]]]}},{"type":"Feature","properties":{"NAME":"Unknown","ABBREVN":"Unknown","type":"Unknown","weblinks":"Unknown","SUBJECTO":"Unknown","BORDERPRECISION":1,"PARTOF":"Unknown","CONTINENT":"North America","INDEX":49},"geometry":{"type":"MultiPolygon","coordinates":[[[[-122.58764665957484,58.22327058522012],[-122.73351270866738,58.17207680222076],[-123.1376203978007,58.06571031422713],[-123.36825951149594,58.024284740732355],[-123.56463259574801,58.01031891126262],[-123.74812459177484,58.030690066947265],[-123.91972276695934,58.11267046246257],[-123.87909126433178,58.15709171860242],[-123.67749007393654,58.22198318524616],[-123.34921103223971,58.28341797575329],[-123.07055171337696,58.35469851937407],[-122.99024958165015,58.27368239791476],[-122.92624577384282,58.253419408014935],[-122.63301025343726,58.31131501734332],[-122.45191098421684,58.358799687384],[-122.25096959480898,58.43976931065333],[-122.05447485808205,58.450073538818074],[-121.72286972947433,58.42023786171936],[-121.69199354539755,58.346195256652976],[-121.74655140735474,58.29883721999817],[-122.04839758602971,58.284942260983364],[-122.2030902962166,58.28475882531641],[-122.50399349987788,58.24374427797714],[-122.58764665957484,58.22327058522012]]]]}},{"type":"Feature","properties":{"NAME":"Unknown","ABBREVN":"Unknown","type":"Unknown","weblinks":"Unknown","SUBJECTO":"Unknown","BORDERPRECISION":1,"PARTOF":"Unknown","CONTINENT":"North America","INDEX":50},"geometry":{"type":"MultiPolygon","coordinates":[[[[-128.78983671115947,60.80733286584369],[-128.95541716441076,60.925636309042865],[-129.08793253888746,60.962855492263444],[-129.31966528350833,60.974095617565126],[-129.6647041118944,60.96227466215188],[-129.70636101968117,60.97943437138139],[-129.71910423206631,61.01948319150589],[-129.48520332538445,61.071045195917364],[-129.28094002128861,61.07978179526923],[-129.02912607951197,61.040160210016445],[-128.83214896487758,61.040356999716046],[-128.59957688894707,61.05483319045423],[-128.41668928354852,61.05502209230091],[-128.3058662491916,61.00374212629004],[-127.93516506647234,60.938158050496696],[-127.92938035535612,60.89498306441178],[-127.97918031676365,60.87473247494169],[-128.15487166683553,60.88032931933987],[-128.39419097795135,60.87431422276441],[-128.78983671115947,60.80733286584369]]]]}},{"type":"Feature","properties":{"NAME":"Unknown","ABBREVN":"Unknown","type":"Unknown","weblinks":"Unknown","SUBJECTO":"Unknown","BORDERPRECISION":1,"PARTOF":"Unknown","CONTINENT":"North America","INDEX":51},"geometry":{"type":"MultiPolygon","coordinates":[[[[-60.43895845413818,64.96022650015945],[-60.78360549714738,64.96549363195716],[-61.375570055504774,64.98152755500868],[-61.522104151597055,64.97596814802918],[-61.579660619598975,64.98503969003772],[-61.63648023831626,65.03205377903208],[-61.8048732034752,65.07136697380386],[-61.654451129079185,65.09280767610828],[-60.939099378195735,65.09680196544826],[-60.604581719565175,65.0721181772],[-60.20354200962396,65.06701598778065],[-60.154416910960315,65.06704159974625],[-60.0432569028634,65.03305562481042],[-60.19385388359662,65.00950419523568],[-60.287278445467486,64.97857622066708],[-60.43895845413818,64.96022650015945]]]]}},{"type":"Feature","properties":{"NAME":"Unknown","ABBREVN":"Unknown","type":"Unknown","weblinks":"Unknown","SUBJECTO":"Unknown","BORDERPRECISION":1,"PARTOF":"Unknown","CONTINENT":"North America","INDEX":52},"geometry":{"type":"MultiPolygon","coordinates":[[[[-108.02344668295505,56.91700513945575],[-108.24295352549788,57.19765471340589],[-108.22510434699582,57.32972765040891],[-108.03105805501599,57.439935570277676],[-107.88865105566506,57.63725447552634],[-107.81900672384792,57.66183559119256],[-107.6780113168278,57.64801859231653],[-107.68342631769364,57.588407322375325],[-107.45550921543189,57.47599723686694],[-107.503541544373,57.4299778614454],[-107.58003944013149,57.39799733751147],[-107.72634594382822,57.344562681075104],[-107.79406815056853,57.24114098816067],[-107.63728374096789,57.15182252896585],[-108.02344668295505,56.91700513945575]]]]}},{"type":"Feature","properties":{"NAME":"Unknown","ABBREVN":"Unknown","type":"Unknown","weblinks":"Unknown","SUBJECTO":"Unknown","BORDERPRECISION":1,"PARTOF":"Unknown","CONTINENT":"North America","INDEX":53},"geometry":{"type":"MultiPolygon","coordinates":[[[[-68.9183968898659,65.27963344501266],[-69.67480239261472,65.22238182225247],[-69.96342973816714,65.19808573663892],[-70.5102531399858,65.19429490482646],[-70.83848199296968,65.18717144340965],[-71.30551375968368,65.20073506354521],[-71.41358192833428,65.2110208906842],[-71.29057076463765,65.24879606249192],[-71.05214001564309,65.27443417161727],[-70.57903691411927,65.28991848514114],[-70.35272720406381,65.28498566975786],[-69.63875737854514,65.29383855895905],[-69.49829448023749,65.29392281305984],[-68.9183968898659,65.27963344501266]]]]}},{"type":"Feature","properties":{"NAME":"Unknown","ABBREVN":"Unknown","type":"Unknown","weblinks":"Unknown","SUBJECTO":"Unknown","BORDERPRECISION":1,"PARTOF":"Unknown","CONTINENT":"North America","INDEX":54},"geometry":{"type":"MultiPolygon","coordinates":[[[[-132.2672800294015,57.07059928069846],[-132.52053723602262,57.077488972276626],[-132.43779506463645,57.135137196060796],[-132.28525486665174,57.20702755542133],[-131.87216790780377,57.264721802277386],[-131.64869036235999,57.31490154841938],[-131.2228737942365,57.41485927328451],[-130.99187996381494,57.446992716271836],[-130.718238635628,57.46500776971954],[-130.32274176463855,57.40533019762711],[-130.1804198602689,57.34873266001525],[-130.312524423714,57.298754871746],[-130.44576306650558,57.28790126114902],[-130.68531849086514,57.305413667456676],[-130.8819325082719,57.298046804330745],[-131.36570781258402,57.25464283196136],[-131.5750437128361,57.20075664091211],[-132.2672800294015,57.07059928069846]]]]}},{"type":"Feature","properties":{"NAME":"Unknown","ABBREVN":"Unknown","type":"Unknown","weblinks":"Unknown","SUBJECTO":"Unknown","BORDERPRECISION":1,"PARTOF":"Unknown","CONTINENT":"Oceania","INDEX":55},"geometry":{"type":"MultiPolygon","coordinates":[[[[-152.38979845747113,25.39871247030296],[-152.5779643522131,25.594670931864542],[-152.45206787101952,26.079508066337894],[-152.4451728274759,26.449172289320014],[-152.16548324658524,26.66770630989103],[-152.146873001604,26.775919508085323],[-152.17063678381473,26.916752831848832],[-152.12211381804502,26.997536415693705],[-152.03833399484824,27.022376967738005],[-151.91031039327152,26.937178135712326],[-151.67189191923146,26.78609844884769],[-151.4833123327956,26.555388325882316],[-151.5362964781102,26.40539872941265],[-151.43954293431136,26.380373772653282],[-151.43480365584247,26.223807378749605],[-151.32513595499725,26.142277775764065],[-151.37870615153807,26.054391969745893],[-151.51150915688007,25.97743789763058],[-151.62046826175515,25.86575760251153],[-151.98939950971888,25.758682055405103],[-152.19122709617176,25.632544380839583],[-152.38979845747113,25.39871247030296]]]]}},{"type":"Feature","properties":{"NAME":"Unknown","ABBREVN":"Unknown","type":"Unknown","weblinks":"Unknown","SUBJECTO":"Unknown","BORDERPRECISION":1,"PARTOF":"Unknown","CONTINENT":"North America","INDEX":56},"geometry":{"type":"MultiPolygon","coordinates":[[[[-133.5048072718614,56.8580622727382],[-133.6405578287262,56.8375134351695],[-133.91963585698846,56.80080007533661],[-134.29999039320035,56.81486938163531],[-134.50897316602305,56.781856908548974],[-134.8686709064577,56.67550734298557],[-135.0565304592194,56.63862219648801],[-135.27005602251234,56.68962899762121],[-135.2097777486573,56.74450963197544],[-134.84925967870578,56.832342477604136],[-134.50941292851573,56.908919167757496],[-134.07607184235846,56.949237485503055],[-133.5878088274278,57.032879113915044],[-133.48880568998422,57.01135411643224],[-133.429896533498,56.957265689904574],[-133.5048072718614,56.8580622727382]]]]}},{"type":"Feature","properties":{"NAME":"Unknown","ABBREVN":"Unknown","type":"Unknown","weblinks":"Unknown","SUBJECTO":"Unknown","BORDERPRECISION":1,"PARTOF":"Unknown","CONTINENT":"North America","INDEX":57},"geometry":{"type":"MultiPolygon","coordinates":[[[[-107.57305277071953,58.580585319991386],[-107.80524492454691,58.3759996395874],[-107.90247255520536,58.33880090872813],[-108.1013435265143,58.39922645180849],[-108.29175500143653,58.415804715648534],[-108.4573286882994,58.31788123603253],[-108.57521100409014,58.26699291025198],[-108.64993927952126,58.4019382260281],[-108.7653870757407,58.489051791768176],[-108.42425111875097,58.58958600454292],[-108.2636896094699,58.62301596835222],[-108.01111115726445,58.63990740118595],[-107.89571954909559,58.55688033745402],[-107.57305277071953,58.580585319991386]]]]}},{"type":"Feature","properties":{"NAME":"Unknown","ABBREVN":"Unknown","type":"Unknown","weblinks":"Unknown","SUBJECTO":"Unknown","BORDERPRECISION":1,"PARTOF":"Unknown","CONTINENT":"North America","INDEX":58},"geometry":{"type":"MultiPolygon","coordinates":[[[[-109.71437838766086,56.05142997843468],[-109.74690598144453,56.26048815661376],[-109.68647524262968,56.3462737900013],[-109.50797791458223,56.46520063970873],[-109.43163603510361,56.4911663646416],[-109.2976861671858,56.480258730857294],[-109.16456990572816,56.49151192870902],[-108.94506704190758,56.44742232025095],[-108.67167449811558,56.46627889475744],[-108.61437219879829,56.436746093755815],[-108.62697396445978,56.39594616169862],[-108.80074727531354,56.339994133103346],[-109.08440695370534,56.197764206998976],[-109.21565170128974,56.11880256437258],[-109.46108394772631,56.09966509157317],[-109.71437838766086,56.05142997843468]]]]}},{"type":"Feature","properties":{"NAME":"Unknown","ABBREVN":"Unknown","type":"Unknown","weblinks":"Unknown","SUBJECTO":"Unknown","BORDERPRECISION":1,"PARTOF":"Unknown","CONTINENT":"North America","INDEX":59},"geometry":{"type":"MultiPolygon","coordinates":[[[[-108.2855903677701,57.99769313954594],[-108.35406836994561,57.93562228055446],[-108.49990534541138,57.87326907357852],[-108.8173616367048,57.762189187798],[-108.67788703541069,57.9490208562467],[-108.50837074012342,58.1549062081723],[-108.42561032354725,58.206075435669526],[-108.30056553343066,58.25375481874399],[-108.16675424650495,58.247128617148476],[-108.04582003938005,58.20311358908827],[-108.2855903677701,57.99769313954594]]]]}},{"type":"Feature","properties":{"NAME":"Unknown","ABBREVN":"Unknown","type":"Unknown","weblinks":"Unknown","SUBJECTO":"Unknown","BORDERPRECISION":1,"PARTOF":"Unknown","CONTINENT":"North America","INDEX":60},"geometry":{"type":"MultiPolygon","coordinates":[[[[-137.95488635798205,56.15265529278626],[-137.725833201794,56.302430517772045],[-137.61144303931022,56.4215057824427],[-137.2334448141762,56.45531187765318],[-137.11997858833578,56.433252187781875],[-137.07523016543993,56.37396049818663],[-137.2973251439785,56.30671165409925],[-137.4232043796924,56.29163062988186],[-137.59601869672005,56.21669598853993],[-137.72165219159075,56.19406161813311],[-137.95488635798205,56.15265529278626]]]]}},{"type":"Feature","properties":{"NAME":"Unknown","ABBREVN":"Unknown","type":"Unknown","weblinks":"Unknown","SUBJECTO":"Unknown","BORDERPRECISION":1,"PARTOF":"Unknown","CONTINENT":"Oceania","INDEX":61},"geometry":{"type":"MultiPolygon","coordinates":[[[[-152.4770331888534,27.400251413763904],[-152.53072824287074,27.443500762521303],[-152.50529254563398,27.63475535809054],[-152.6499149344468,27.807112392224013],[-152.56726517768953,27.929996516990172],[-152.49431833313335,27.96068596057122],[-152.37159540215472,27.84854723102776],[-152.23053773129183,27.819409631010892],[-152.0239087559556,27.628597233860873],[-152.05663664395686,27.53610238091347],[-152.2177249048266,27.437325658837203],[-152.4770331888534,27.400251413763904]]]]}},{"type":"Feature","properties":{"NAME":"Unknown","ABBREVN":"Unknown","type":"Unknown","weblinks":"Unknown","SUBJECTO":"Unknown","BORDERPRECISION":1,"PARTOF":"Unknown","CONTINENT":"Oceania","INDEX":62},"geometry":{"type":"MultiPolygon","coordinates":[[[[-153.50028834467952,28.222852712749862],[-153.56929728070287,28.176959031951352],[-153.69683033779768,28.160754267897467],[-153.72143155607333,28.23094905200078],[-153.79809217526352,28.233646891730647],[-153.94930309937027,28.206657503489343],[-154.01023560280194,28.414231229455776],[-153.9922271032614,28.55409351727337],[-153.8418942021087,28.55946878307657],[-153.66385551578512,28.693702920210768],[-153.62261122586384,28.578275868311625],[-153.63067138025005,28.422305311081114],[-153.55096055670842,28.371143901036717],[-153.50028834467952,28.222852712749862]]]]}},{"type":"Feature","properties":{"NAME":"Unknown","ABBREVN":"Unknown","type":"Unknown","weblinks":"Unknown","SUBJECTO":"Unknown","BORDERPRECISION":1,"PARTOF":"Unknown","CONTINENT":"North America","INDEX":63},"geometry":{"type":"MultiPolygon","coordinates":[[[[-138.87818041339392,56.076256043174865],[-139.03845137988083,56.06835306523294],[-139.39549707602404,56.02639373848883],[-139.4457876695931,56.06027848857069],[-139.39105763771408,56.10554074098231],[-139.29372064542287,56.13573985830283],[-139.03617029460884,56.20357678211784],[-138.8824324168778,56.226244399692995],[-138.77492465051466,56.170200812498706],[-138.87818041339392,56.076256043174865]]]]}},{"type":"Feature","properties":{"NAME":"Unknown","ABBREVN":"Unknown","type":"Unknown","weblinks":"Unknown","SUBJECTO":"Unknown","BORDERPRECISION":1,"PARTOF":"Unknown","CONTINENT":"North America","INDEX":64},"geometry":{"type":"MultiPolygon","coordinates":[[[[-133.0793589989217,56.97214834510079],[-133.16576701829553,57.02259431072779],[-133.0762741432178,57.09119894854526],[-132.82477596857296,57.14542155142683],[-132.71044895273354,57.08085942637074],[-132.77241728888583,57.033917062949236],[-132.89090277339028,56.99763957115118],[-133.0793589989217,56.97214834510079]]]]}},{"type":"Feature","properties":{"NAME":"Unknown","ABBREVN":"Unknown","type":"Unknown","weblinks":"Unknown","SUBJECTO":"Unknown","BORDERPRECISION":1,"PARTOF":"Unknown","CONTINENT":"South America","INDEX":65},"geometry":{"type":"MultiPolygon","coordinates":[[[[-50.21580819494893,-2.4325285765419418],[-50.46765179433577,-2.3531752641330006],[-50.60513005328031,-2.015308950894034],[-50.641676538615116,-1.7750009183692528],[-50.570093869647394,-1.6500977381188238],[-50.61421131828795,-1.2494167093142738],[-50.59320668735494,-1.0088234871607111],[-50.501202377394534,-0.36703481856937475],[-50.42225811714806,-0.30443086453312945],[-50.20664992563551,-0.2681236613656259],[-49.811090618373164,-0.3292970977406619],[-49.357984921293685,-0.39920013460647674],[-49.1425912235717,-0.2738008897541222],[-48.97717154646291,-0.29111574049267636],[-48.76126837366305,-0.3973930972034981],[-48.54545453284754,-0.4501946228701545],[-48.40144244656715,-0.5477786404014108],[-48.55164824131085,-0.8868030545849812],[-48.636514331140795,-1.4839178016427532],[-48.75077176358651,-1.7959711717108469],[-48.87970168301727,-1.9922661641353276],[-49.13080068965876,-2.1978025073097474],[-49.33901602869556,-2.3052427942864937],[-49.576244057312934,-2.3148779167922418],[-49.928512288558395,-2.3248430759245156],[-50.21580819494893,-2.4325285765419418]]]]}},{"type":"Feature","properties":{"NAME":"Unknown","ABBREVN":"Unknown","type":"Unknown","weblinks":"Unknown","SUBJECTO":"Unknown","BORDERPRECISION":1,"PARTOF":"Unknown","CONTINENT":"North America","INDEX":66},"geometry":{"type":"MultiPolygon","coordinates":[[[[-60.679918903106234,14.947833542866613],[-60.74533213076428,14.812350349905998],[-60.79938843152745,14.771652526634373],[-60.817105783120056,14.690226666114397],[-60.808742966493135,14.53889982255323],[-60.83761298403091,14.486485643289614],[-60.7946951649629,14.25916942694813],[-60.8263854296156,14.002346632560403],[-61.03402852288468,13.908861966216792],[-61.094004449355374,13.914706946020047],[-61.15991628657762,13.891328429853585],[-61.373980607057625,13.914706946020047],[-61.46143344174747,13.891328429853585],[-61.498565330371875,13.920550444856431],[-61.65793558426465,13.920550444856431],[-61.664577324979334,13.955611197491061],[-61.6450438220246,13.996505870644773],[-61.55360859939612,14.014028853498798],[-61.449921711510136,14.095781105616],[-61.438321648199754,14.148315905967133],[-61.39161634430012,14.136642746668322],[-61.323043717270764,14.130806512531798],[-61.25777100619987,14.21833693253503],[-61.291099505369566,14.387437161726703],[-61.26517090875984,14.463186190363466],[-61.24578515980321,14.573833912595372],[-61.27145948135368,14.649497397981781],[-61.30967042523285,14.730943343939908],[-61.432750427001544,14.760022541891194],[-61.37762501839659,14.818162952181458],[-61.30376542789415,14.829788816996443],[-61.199432832016136,14.84722542632061],[-61.144653084384814,14.89952536677168],[-60.973214469016234,14.887904464914957],[-60.92448580024285,14.911145439438389],[-60.78864925178604,14.95180851654231],[-60.679918903106234,14.947833542866613]]]]}},{"type":"Feature","properties":{"NAME":"Unknown","ABBREVN":"Unknown","type":"Unknown","weblinks":"Unknown","SUBJECTO":"Unknown","BORDERPRECISION":1,"PARTOF":"Unknown","CONTINENT":"Europe","INDEX":67},"geometry":{"type":"MultiPolygon","coordinates":[[[[22.4021141783183,44.502995811488006],[22.37616313281879,44.59780085621464],[22.483711706525177,44.518822842723786],[22.4021141783183,44.502995811488006]]]]}},{"type":"Feature","properties":{"NAME":"Unknown","ABBREVN":"Unknown","type":"Unknown","weblinks":"Unknown","SUBJECTO":"Unknown","BORDERPRECISION":1,"PARTOF":"Unknown","CONTINENT":"Africa","INDEX":68},"geometry":{"type":"MultiPolygon","coordinates":[[[[-13.817108089776813,35.79434287591425],[-13.455105269420962,36.1526211180297],[-13.101405950519773,36.83691395284224],[-12.807802377819096,37.22828962955275],[-12.732227766219244,36.88061581968207],[-13.086659431562362,36.66156647438133],[-13.211197193978167,35.95151722696254],[-13.817108089776813,35.79434287591425]]],[[[-14.823723881125575,35.929104491335906],[-14.661449083717713,35.95151722696254],[-14.492763015118857,35.63650270349271],[-14.847426358534575,35.45529795094487],[-15.161052767687762,35.63650270349271],[-14.823723881125575,35.929104491335906]]],[[[-16.45194832297999,36.04103242216905],[-16.05826120722707,36.08570859611817],[-15.28715329918246,36.30827581419649],[-15.434634476808348,36.1303305068189],[-15.843941423584118,35.79434287591425],[-16.513134641354153,35.77183505743856],[-16.45194832297999,36.04103242216905]]]]}},{"type":"Feature","properties":{"NAME":"Unknown","ABBREVN":"Unknown","type":"Unknown","weblinks":"Unknown","SUBJECTO":"Unknown","BORDERPRECISION":1,"PARTOF":"Unknown","CONTINENT":"Europe","INDEX":69},"geometry":{"type":"MultiPolygon","coordinates":[[[[22.297440238139473,44.99394995689531],[22.29427323124697,44.911104122417605],[22.18638929115415,44.885154378165296],[22.207788489986655,44.98878071493672],[22.297440238139473,44.99394995689531]]]]}},{"type":"Feature","properties":{"NAME":"Unknown","ABBREVN":"Unknown","type":"Unknown","weblinks":"Unknown","SUBJECTO":"Unknown","BORDERPRECISION":1,"PARTOF":"Unknown","CONTINENT":"Europe","INDEX":70},"geometry":{"type":"MultiPolygon","coordinates":[[[[22.411083119689504,44.76019417669513],[22.30282460120353,44.68175588533736],[22.29281211492343,44.76019417669513],[22.319566388832992,44.822757403846325],[22.411083119689504,44.76019417669513]]]]}},{"type":"Feature","properties":{"NAME":"Unknown","ABBREVN":"Unknown","type":"Unknown","weblinks":"Unknown","SUBJECTO":"Unknown","BORDERPRECISION":1,"PARTOF":"Unknown","CONTINENT":"Europe","INDEX":71},"geometry":{"type":"MultiPolygon","coordinates":[[[[22.736971888131837,44.87476641482128],[22.815504977601428,44.85917582361894],[22.921012479538366,44.74452735715984],[22.741473209239814,44.73407702519863],[22.736971888131837,44.87476641482128]]]]}},{"type":"Feature","properties":{"NAME":"Unknown","ABBREVN":"Unknown","type":"Unknown","weblinks":"Unknown","SUBJECTO":"Unknown","BORDERPRECISION":1,"PARTOF":"Unknown","CONTINENT":"Europe","INDEX":72},"geometry":{"type":"MultiPolygon","coordinates":[[[[23.303661559197394,44.796709614382785],[23.168714774061076,44.765414136336446],[22.774089333178363,45.01461543964457],[22.507161285490497,45.194656177350126],[22.592687952123693,45.28159941770697],[23.108242477545478,44.90591647732815],[23.303661559197394,44.796709614382785]]]]}},{"type":"Feature","properties":{"NAME":"Unknown","ABBREVN":"Unknown","type":"Unknown","weblinks":"Unknown","SUBJECTO":"Unknown","BORDERPRECISION":1,"PARTOF":"Unknown","CONTINENT":"Europe","INDEX":73},"geometry":{"type":"MultiPolygon","coordinates":[[[[22.73254620600361,44.37069560278767],[22.63963740306325,44.333520666980554],[22.599649390798653,44.428997592547894],[22.658335284128754,44.46073911142711],[22.73254620600361,44.37069560278767]]]]}},{"type":"Feature","properties":{"NAME":"Unknown","ABBREVN":"Unknown","type":"Unknown","weblinks":"Unknown","SUBJECTO":"Unknown","BORDERPRECISION":1,"PARTOF":"Unknown","CONTINENT":"Europe","INDEX":74},"geometry":{"type":"MultiPolygon","coordinates":[[[[23.033047793176777,44.36538840782998],[22.870636901046776,44.3813064841058],[23.041828370334844,44.566241060485694],[23.185321690913472,44.587285574557875],[23.2074387183911,44.418407746670084],[23.033047793176777,44.36538840782998]]]]}},{"type":"Feature","properties":{"NAME":"Unknown","ABBREVN":"Unknown","type":"Unknown","weblinks":"Unknown","SUBJECTO":"Unknown","BORDERPRECISION":1,"PARTOF":"Unknown","CONTINENT":"Europe","INDEX":75},"geometry":{"type":"MultiPolygon","coordinates":[[[[23.42840338593416,44.3813064841058],[23.34889987223836,44.34945980368162],[23.255541422807855,44.42370325353591],[23.225640730616938,44.49243863141152],[23.257014082096482,44.518822842723786],[23.39144756823884,44.60831148948552],[23.46531526433963,44.52409619013251],[23.469529775778643,44.43958276770573],[23.42840338593416,44.3813064841058]]]]}},{"type":"Feature","properties":{"NAME":"Unknown","ABBREVN":"Unknown","type":"Unknown","weblinks":"Unknown","SUBJECTO":"Unknown","BORDERPRECISION":1,"PARTOF":"Unknown","CONTINENT":"Europe","INDEX":76},"geometry":{"type":"MultiPolygon","coordinates":[[[[11.655839341354394,45.37866177089995],[11.91703933092158,45.33576525933955],[12.141531008370402,45.46620302019009],[12.21708184899664,45.42409663712283],[12.431968464744202,45.30416355202417],[12.601639639811804,45.250137589077426],[12.897701615348465,45.25613976644515],[13.468111773534822,45.3278349654549],[14.023882671682864,45.45351379163988],[14.087630939189951,45.421160667208774],[14.109247619316486,45.37244001879311],[14.067416129012022,45.323546101314],[13.872986078896533,45.006992799555924],[13.825454787747745,44.814810065403755],[13.840977967970119,44.665981459989425],[14.02627596475531,44.466966663096066],[13.956222346667834,44.41682022758825],[13.875740598864066,44.30458846776462],[13.79616085971094,44.193481750321034],[13.718611503625342,44.187730320980236],[13.422023152560987,44.22069717958395],[13.031840245485531,44.459494998806875],[12.706553600705508,44.55316199495244],[12.461361286654592,44.6501250936211],[11.899797497642727,44.87161080332838],[11.553863383992438,44.92036026797668],[11.454734342197593,44.969530388444944],[11.376282756041407,45.078811796545864],[11.424563814482406,45.20982075485288],[11.550402734605791,45.34050052925574],[11.655839341354394,45.37866177089995]]]]}},{"type":"Feature","properties":{"NAME":"Unknown","ABBREVN":"Unknown","type":"Unknown","weblinks":"Unknown","SUBJECTO":"Unknown","BORDERPRECISION":1,"PARTOF":"Unknown","CONTINENT":"Asia","INDEX":77},"geometry":{"type":"MultiPolygon","coordinates":[[[[126.64385047163253,41.711230084733984],[126.60656200240585,41.44938145494381],[126.59817976184495,41.089811291606715],[126.21907130925729,41.24519128342915],[125.92977469845266,41.33443254926101],[125.7611283489859,41.417773931815574],[125.71346513667615,41.48928333466824],[125.42717590421165,41.8331078816883],[125.42958605089312,41.89812886406645],[125.55414379532556,42.033980993492094],[125.56042909100225,42.145694911037644],[125.46044539714559,42.262734110875805],[125.37450725056493,42.28013120983646],[125.16756234947665,42.2094190573703],[125.0184400469905,42.22084166269975],[124.64644365216886,42.29034404974509],[124.4806218475097,42.237324523216095],[124.36000169652573,42.14325288532832],[124.22410812529398,42.06657566429911],[124.08708479138262,42.10745188614521],[123.97329038145489,42.118955256064346],[123.38453034289309,41.952951933460675],[123.11780069856177,41.82837551660306],[122.9533233265219,41.95796771984695],[122.75438395391858,41.97525115805619],[122.68948201179037,41.79199006709581],[122.84265249914945,41.5250615937222],[122.46813896613965,41.625444455414886],[122.21217020350643,41.64868613263358],[121.76930476640175,41.618059544583005],[121.62387281023305,41.677163790241835],[121.57153925073602,41.81927852259229],[121.57750572848542,41.93745834843075],[121.78268752885563,41.931976167728955],[121.96307602348577,41.97952138400689],[122.16158992112304,42.17398805493821],[122.58624644362443,42.97723230173351],[122.69875060438133,42.98322646258368],[122.84329398686774,43.035344235670856],[122.97563233214264,42.86258160102114],[123.14835800303103,42.91491416238237],[123.61382732657145,43.019624582196],[123.98620795514812,43.04339136669089],[124.43294971310537,43.113279021024155],[124.73604394734495,43.217157906613494],[124.88338341845804,43.03366496094097],[125.11010428168255,42.92461741373803],[125.15700337036532,42.95931701517156],[125.37699432326148,43.040416115749814],[125.47289555980151,43.178492674970784],[125.3778881632,43.32145135604761],[125.30092905022128,43.509487747234495],[125.35698672134525,43.713898521888325],[125.48881854996527,43.94556362047801],[125.5185835131339,44.12530596721781],[125.18490790450363,44.56474204353574],[125.20042729390792,44.647769123096424],[125.25420410081577,44.68654723938226],[125.63488600855624,44.79203233008909],[125.75710592737569,44.65436336216647],[125.63776180716134,44.54344564689411],[125.60899036110155,44.4490627614719],[125.70594164030726,44.27105434340941],[125.86420592189467,44.12597665883682],[125.99977972953697,44.10382419173098],[126.06013470847626,44.148763108376905],[126.13500507698846,44.28862884076983],[126.21026242617235,44.322228794291625],[126.417757620471,44.43813242300877],[126.69914754002654,44.59534409891906],[126.79922924362347,44.67846174731629],[126.89628194575043,44.805461563061115],[126.85831436734979,45.052278548584255],[127.0520650592626,45.21089884168912],[127.10004015873618,45.33602492015966],[127.10022000652789,45.43900122173898],[127.04630787655096,45.55513216703062],[127.00978801159515,45.633139070063926],[127.05876412237417,45.853277632305016],[127.01300625715885,45.90666456492049],[126.98508729252971,46.11969510520093],[126.91044794810908,46.294397780120505],[126.78336226987774,46.52068662339874],[126.62460379230683,46.693248957022654],[126.42985792031357,46.765964243571275],[126.3046596002854,46.85426447875956],[126.33512307443883,46.93224155635268],[126.31540460501468,47.03608999195974],[125.93681518996237,47.406843860738256],[126.05035273085107,47.52998815491696],[126.04606317563453,47.61681124764278],[126.075560419154,47.73396715750704],[126.1530259478471,47.734106265299715],[126.34938524002864,47.60713667389811],[126.5013070526743,47.525678440050214],[126.6059289631306,47.546317842194306],[126.84784829751615,47.63862676972711],[126.61341441653401,47.826294753059145],[126.47912048303606,47.83619253806591],[126.2344769905076,47.94707247891445],[126.38265646836237,48.09350520213992],[126.61050669350797,48.038529856768],[126.81843162028639,47.95819676303804],[126.89214615894677,47.88755530587221],[127.1607086176712,47.57795263596408],[127.37614424717822,47.35806187139737],[127.50530637777564,47.3120163550918],[127.70142127068917,47.198977458690564],[128.4363792592075,46.675631946296384],[128.58891816750514,46.49246444331667],[128.70454430263126,46.2289230852182],[128.64581671045235,45.941739525893404],[128.68496848584687,45.77596868341504],[128.82115417333048,45.63652517589418],[128.78064562105487,45.60953357620722],[128.56235033676518,45.50122624758981],[128.53002749338756,45.457919789385585],[128.5210307580373,45.38209154155132],[128.58219382738906,45.20835176919475],[128.70544637981166,45.05578842751672],[128.8179760862798,44.95745311740757],[129.1003119574933,44.64973362740301],[129.28168931243985,44.37831456308782],[129.2111781105697,44.08204496477053],[129.3169731505463,43.78954566062511],[129.52115094192393,43.50644497111625],[129.68520609660044,43.38711443581297],[129.9569006723116,43.24473190651517],[129.78241670322328,43.1239529350461],[129.73689141195865,43.072132726168945],[129.71384280643585,43.00301880997491],[129.8666115115497,42.66207233810936],[129.60319995913906,42.51898514352634],[129.41142296468956,42.63787970396238],[129.36381733299774,42.86961766136008],[129.29846414170723,43.08276250199242],[129.1816743670792,43.134238765319616],[129.03371671502853,43.03621315520581],[128.99359438937802,42.8954054350409],[128.9609561187735,42.78203705316888],[128.7633125431136,42.781638023157676],[128.7023023443077,42.653924765802856],[128.87241006548098,42.34569133315617],[128.79557538630885,42.234388540003124],[128.71002343094676,42.24592383026052],[128.64189230750853,42.31015500336018],[128.48311073459683,42.56053137377472],[128.37979082372124,42.624216412476486],[128.30338708225452,42.60663613312415],[128.21603592452058,42.542550330969114],[128.15437331569052,42.41429208712942],[128.15554274507505,42.19791589995783],[127.77966768122357,42.22059544301858],[127.58361624921773,42.196750980197315],[127.34647133261308,42.15520441544253],[127.0126830326144,42.382808995701915],[126.643331270834,42.51609661384818],[126.60114254552917,42.41114800702811],[126.62054155019148,42.33529215021087],[126.63787527251303,42.188961724160656],[126.66779291764611,42.16555002096811],[126.89248495055752,42.083782826949324],[127.14933745551988,41.94886665388858],[127.077626324166,41.8660635967119],[126.76366994805774,41.81219700054703],[126.64385047163253,41.711230084733984]]]]}},{"type":"Feature","properties":{"NAME":"Unknown","ABBREVN":"Unknown","type":"Unknown","weblinks":"Unknown","SUBJECTO":"Unknown","BORDERPRECISION":1,"PARTOF":"Unknown","CONTINENT":"Asia","INDEX":78},"geometry":{"type":"MultiPolygon","coordinates":[[[[124.3079237170284,40.5400853916172],[124.29375451642365,40.44858726093946],[124.16846504948808,40.33217764586004],[123.99925372827703,40.41742213626969],[123.8419283281508,40.53300949522523],[123.70925539900608,40.69693499010939],[123.54100757584673,40.8662441863632],[123.20600053757624,41.09476610911611],[123.420163700146,41.25734989691864],[123.47545018826342,41.37120746555691],[123.52097582441118,41.62166653674285],[123.7546969464427,41.51503079527564],[124.00853104408881,41.52151442678246],[124.16541726529829,41.599213341443416],[124.21169628054224,41.741800718180805],[124.32250967618606,41.872224648964846],[124.50531234582074,41.88440933229306],[124.67984083659863,41.81382720469605],[125.09624612442232,41.71991593734337],[125.22403744689765,41.61329970588759],[125.21382114163625,41.55973119931151],[125.27633947710792,41.3809165277786],[125.21320729949134,41.279064319487354],[125.0645377077336,40.905712911915096],[124.93756397378134,40.995983394990695],[124.68788928880686,41.12191378149747],[124.48166516105358,41.139521903798446],[124.2764247953144,41.04883680517133],[124.2398864934975,40.97040567794231],[124.25587231046038,40.75875208521349],[124.3079237170284,40.5400853916172]]]]}},{"type":"Feature","properties":{"NAME":"Unknown","ABBREVN":"Unknown","type":"Unknown","weblinks":"Unknown","SUBJECTO":"Unknown","BORDERPRECISION":1,"PARTOF":"Unknown","CONTINENT":"Asia","INDEX":79},"geometry":{"type":"MultiPolygon","coordinates":[[[[120.81396846686043,41.04762216383262],[121.1415879685234,41.01215866860803],[121.39773062164505,41.08496788680997],[121.4187349599775,41.28315996332898],[121.45253463410792,41.40287409213637],[121.64158441317085,41.42714644319282],[121.8551800843341,41.40370956532213],[122.05052547031944,41.24251370211713],[122.20408149880737,41.17082379396562],[122.40455622939035,41.13518186973881],[122.61699270824133,41.22569588651066],[122.80593834899912,41.057815435026406],[122.67142978928094,40.8704728443583],[122.89816878147737,40.76802254258463],[123.18799444263938,40.580347452669706],[123.28120520512371,40.470851138848474],[123.16621171913863,40.219748278933366],[123.15891311723013,40.04147430729895],[123.19981279678751,39.881148259277886],[123.30637416363773,39.6086302521073],[123.40734842864985,39.32199332916714],[123.38478407710517,39.16532697031613],[123.32474520321958,39.12123972563901],[123.27070678775394,39.08972077051275],[123.22795139032351,39.00784014402317],[123.17532411304992,38.704575379131015],[123.01099416068108,38.72322289401653],[122.95618372605801,38.78638707198463],[122.95050814780723,39.026127832988756],[122.8723485998669,39.28955095499251],[122.7056513154766,39.33924385174852],[122.64907432342211,39.251501869590136],[122.6871998094048,39.044431236872214],[122.62600789022356,38.84256140532857],[122.4413395142582,38.9368263085343],[122.36990376885113,39.03114576901143],[122.40252304026093,39.23843351890123],[122.34948042603575,39.36971722226933],[121.99199103661729,39.77336091918949],[122.03759639998948,39.8229858370004],[122.19457352679086,40.07635119003941],[122.19689223352292,40.13786624744194],[122.10359951167638,40.34003426341202],[121.69612895589484,40.68055334850041],[121.54636495012883,40.69845805031072],[121.54087934175865,40.58294848119188],[121.47921939414341,40.36929637588574],[121.34830188623849,40.41792077126743],[121.13394120233947,40.63684207065621],[120.91336656864632,40.7517251914723],[120.71807729395088,40.908679446654304],[120.81396846686043,41.04762216383262]]]]}},{"type":"Feature","properties":{"NAME":"Unknown","ABBREVN":"Unknown","type":"Unknown","weblinks":"Unknown","SUBJECTO":"Unknown","BORDERPRECISION":1,"PARTOF":"Unknown","CONTINENT":"Asia","INDEX":80},"geometry":{"type":"MultiPolygon","coordinates":[[[[124.49644044380265,49.531587775963224],[124.58074263565256,49.53654428213238],[124.98666252903641,49.39262125916785],[125.16357688805043,49.3639259740235],[125.30910715217941,49.43179027169443],[124.90967596973685,49.82901847879523],[125.02750504284465,49.891062367254264],[125.1237610893877,49.971923786592974],[124.89912815583635,50.217050414879665],[124.61113762916762,50.49268908154007],[124.19088068008406,50.73784311986448],[123.98726686486643,50.889902760396254],[123.97709704817863,50.958909630171014],[124.09866015235113,51.069200495341036],[124.14898254457634,51.04637251673506],[124.50005029767473,50.90914346730675],[125.14268128773126,50.6468584024221],[125.85945812256398,50.37335737220821],[126.52651556039,50.149114399265066],[126.87388387418741,50.05528034301508],[127.1428222142683,49.998941256286734],[127.61625335240052,49.933353195286124],[127.74330069911308,49.91931575726936],[127.83400612049844,49.94794272737596],[127.94769775250518,50.16557729972168],[128.08015993581387,50.21285691560778],[128.11621285390447,50.179974383209604],[128.11934842858625,50.06206054304102],[128.18088849657062,49.87726870250018],[128.4032127205077,49.73941878172571],[128.79671351970924,49.538784264672714],[128.9977962502235,49.418687320639975],[128.86728426616696,49.326617832343956],[128.77165432269655,49.24404709541744],[128.6116880220852,49.19033399381652],[128.47107993763055,49.18523477998808],[128.20822391860088,49.25280270355539],[128.03243953148257,49.24765672497098],[127.93563720438299,49.19892394553606],[127.87511222016165,49.12094039591965],[127.83606596535815,48.85172712669593],[127.84295576229343,48.679283985451285],[127.936158211586,48.471272552297],[127.75204533313375,48.49579883739406],[127.50210517446283,48.57972200719629],[126.3694424681643,48.9130505377572],[126.1571479020658,48.942099283750544],[125.88318315509372,48.92692087318719],[125.65871016505614,48.72489351555287],[125.49979881913949,48.828061792604494],[125.23465601909851,48.95032812646396],[125.10832385671114,48.94031073751902],[125.03941769718048,48.90096478262455],[124.95147965331877,48.80744232235663],[125.06818017743632,48.70414190765444],[125.6947053973299,48.53197225002786],[126.01590490891697,48.428130569698524],[126.22415686184748,48.33376497464916],[126.135877503702,48.25862954578186],[126.02365833482219,48.248420798430146],[125.85979181933251,48.29316029342688],[125.7689017598827,48.278002651049114],[125.73857470912405,48.16772761072234],[125.73197775960645,48.00171011633758],[125.62824947122144,47.961154369387046],[125.46234786061792,48.04659171338151],[125.34539342209266,48.141942667971456],[125.27218480380101,48.36704139498574],[125.1404304711248,48.48631483243186],[124.85594247597166,48.55532773437567],[124.73386759584061,48.61457621677751],[124.41309059101009,48.89498561308137],[124.5208205134777,49.027397521904426],[124.67352753739118,49.08625485199043],[124.80976944942714,49.21306495430272],[124.70706030463352,49.33413205431498],[124.48565570411343,49.43041159235378],[124.49644044380265,49.531587775963224]]]]}},{"type":"Feature","properties":{"NAME":"Unknown","ABBREVN":"Unknown","type":"Unknown","weblinks":"Unknown","SUBJECTO":"Unknown","BORDERPRECISION":1,"PARTOF":"Unknown","CONTINENT":"Europe","INDEX":81},"geometry":{"type":"MultiPolygon","coordinates":[[[[21.73771283528739,42.88237432741856],[21.690738394409813,42.92041618509377],[21.723076416406208,43.147953676520416],[21.853931630882375,43.150319263627225],[21.847713787064404,43.18575535255417],[21.83842614365392,43.23531854139309],[21.86428602381927,43.26361024187479],[21.90571922680736,43.1999230439605],[21.920933217233493,43.14086295324399],[22.047993178788985,43.132439795877154],[22.12197751114056,43.110119657283406],[22.19433856370967,43.14086295324399],[22.185227478720744,43.17394681688697],[22.228719853874825,43.18575535255417],[22.299014794045434,43.143225521126546],[22.28781823048136,43.1053870284518],[22.2471263109529,43.10301878313162],[22.23282971686701,43.081718938442854],[22.270750754645768,43.07224985505773],[22.331998085749795,43.058040314543774],[22.372940347189903,43.039078387661284],[22.3880951458836,42.986910219101894],[22.5366372686025,42.97029785108867],[22.882188102657803,43.02011785473303],[23.09442141327589,43.013780739393724],[23.115603652203564,42.96080248719209],[23.197225998822915,42.94655351962802],[23.453525579453107,42.92041618509377],[23.583256658456587,42.89943462498515],[23.726605063437436,42.948927545288655],[23.76634036651379,42.928669542868455],[23.74008559166719,42.80141478696231],[23.813384701722974,42.75609890014215],[23.857021604904133,42.75609890014215],[23.984145125323927,42.82524095609875],[24.10020372988519,42.84905314209773],[24.135385342563694,42.8276151789064],[24.196110233045317,42.85618852977184],[24.285526586988063,42.915661181140386],[24.260320336014804,42.83952925263216],[24.275846179265816,42.763261051869485],[24.21325769363223,42.653374807094785],[23.968630449467955,42.67250762916939],[23.827366156933493,42.63929264975648],[23.686761614087203,42.646196819829115],[22.864223154104288,42.57682719903443],[22.874854246043597,42.66294233745655],[22.845127041951493,42.71551852692888],[22.494774323771598,42.82047476103739],[22.206750025240023,42.822859661707106],[21.99093376091713,42.87047977168459],[21.790295487722812,42.86333651249093],[21.73771283528739,42.88237432741856]]]]}},{"type":"Feature","properties":{"NAME":"Homo heidelbergensis","ABBREVN":"H. heidelbergensis","type":"Unknown","weblinks":"Unknown","SUBJECTO":"Homo heidelbergensis","BORDERPRECISION":1,"PARTOF":"Homo heidelbergensis","CONTINENT":"Asia","INDEX":82},"geometry":{"type":"MultiPolygon","coordinates":[[[[22.10636350483845,-33.79353295035208],[23.905369292144687,-29.861783944507806],[25.223653725618327,-19.614427276288545],[28.774184845309417,-11.187242846400466],[31.35989828631471,-2.285609468373441],[31.44006185356968,7.059893601645225],[26.915108711799792,16.557521348880233],[20.99080700996156,22.01498904460395],[14.738333922705605,23.507982833523556],[10.201659813093485,25.54432227617933],[0.14640387851094458,29.285271994465553],[-10.698035886603648,32.52142109670027],[-11.15958074762949,35.920549542183345],[-11.016726260956268,35.982253661414575],[-10.817308526021781,36.12938388110273],[-10.311703262272935,36.528536806924706],[-9.806366028173247,36.93787351192382],[-9.343369104988673,37.44798483834515],[-9.136513742128558,37.765708366807985],[-9.071836837801971,37.997681791919895],[-9.0851005858447,38.22202876160054],[-9.253609239476708,38.57220970624818],[-9.280717007586833,38.87607608843519],[-9.230328170900728,39.102876925988106],[-9.052431044545806,39.385128402091624],[-8.739938463724444,39.765226583289476],[-8.640029248471706,40.04953625372977],[-8.660746083262879,40.209300041965626],[-8.624932380626701,40.36250205098276],[-8.065115437661731,40.88047845783462],[-7.753689372970418,41.08618149698462],[-7.364755727691431,41.225152223133286],[-6.827432093046822,41.423738166312],[-6.516329682012096,41.59122413640311],[-6.275854457333697,41.82303899164402],[-6.042446868024583,42.12997606360744],[-6.00378763914643,42.200737978938854],[-5.862383521148577,42.45886718178107],[-5.837315463700818,42.504514050938084],[-5.469546533116276,43.29032636360061],[-5.356586255030027,43.34198704587141],[-5.1307111844372635,43.41092951732106],[-5.0531153675423415,43.35973499371544],[-4.777999927541691,43.01626119906679],[-4.721550577010684,42.976044412824734],[-4.248621823473397,42.769005831989894],[-3.973298716001052,42.76955076296403],[-3.7262078032230757,42.752668397591194],[-3.182610438945291,42.78273447882725],[-2.9638128391147016,42.87570397529277],[-2.7803520321734645,42.9856984488516],[-2.6178190090258355,42.76069906968011],[-2.5118845742184983,42.72034916104695],[-2.1800246898551565,42.680404527423796],[-2.152521486396466,42.68045980836055],[-2.0294628145280273,42.680707153505125],[-1.8834978999635845,42.68099934207686],[-1.608237741376032,42.73955482522482],[-1.3824743397087214,42.8441962034012],[-1.227532497172309,43.07512974013788],[-1.0583411320558709,43.20176704958547],[-0.8466654728764232,43.236560519529775],[-0.6773973318050865,43.29984659982167],[-0.39531408046118177,43.40889366709742],[-0.26103232189444114,43.31781543043821],[-0.18786881359820815,43.31085420212591],[-0.08455036169511841,43.301021483278646],[0.01411987401572641,43.3583566312552],[0.18301931300643975,43.563720671961],[0.43661712499987965,43.73429440177276],[0.7184847907590622,43.876027046468955],[0.9722851224790303,43.94410133928135],[1.4518937681236501,43.99003219423579],[2.107930728763767,44.0137876110797],[2.3194754640087027,44.04227740135272],[2.5800489565602605,44.16607934618196],[2.8202082585725456,44.0825250536908],[3.0529075159788,44.111007372790986],[3.2922524982991956,44.23456008539696],[3.4331748304183503,44.273910503342364],[3.8211676187848846,44.269079959701514],[4.032748063297869,44.275069608612434],[4.159828675694683,44.252990413160276],[4.251598138796704,44.23641254889752],[4.385835598622741,44.1919619576863],[4.724756590828908,44.12546693428105],[4.943420839099667,44.13149265034745],[5.260524393596004,44.199262433312654],[5.549329001076673,44.27801564747141],[5.795049606218686,44.49548690214907],[6.212290616797478,44.29604095024575],[6.353593357349509,44.25724486562133],[6.480237119297552,44.31328351380975],[6.606651747485573,44.40817361400527],[6.697990989719268,44.46947904187993],[6.916734319288566,44.453238663596714],[7.079438374471808,44.37570947396389],[7.150606936084265,44.26996193061303],[7.263788127377423,44.219914418357384],[7.475194635455325,44.253835994331716],[7.923698788710187,44.31625994789391],[8.130316333347812,44.388872991888924],[8.383041348010435,44.56699928770436],[8.622228221775353,44.65595718045823],[8.911350750857661,44.66204083847969],[9.179844385313004,44.59067721625028],[9.286230380503726,44.507758714788885],[9.315131300304461,44.41341573567019],[9.429536157857589,44.201762549256365],[9.542643451577458,44.16842420688352],[9.711439429454355,44.23584745679481],[9.942912831738017,44.40906565829215],[10.104623324529861,44.47604831732079],[10.126860871366127,44.33706175094363],[10.029822448313523,44.113385811870415],[9.777385354210892,43.91066262584431],[9.672964700607238,43.72416048712751],[9.680879363301244,43.61084114237619],[9.773959099277311,43.43474389721897],[9.99420525354303,43.246669877653375],[10.14282546231734,43.19540366771961],[10.286760734267983,42.85028633773241],[10.252165631283416,42.763406850882944],[10.042790324499075,42.44927047294303],[9.803777583314393,42.308687849092905],[9.397012486573406,41.92606467380105],[9.31330793064645,41.78404037080008],[9.441879319012353,41.59441928285572],[9.69798940327177,41.362393515244825],[9.925066163655933,41.237132850249424],[10.04538081688786,41.21339519690825],[10.207103196704496,41.309608756614914],[10.341639772644795,41.27395770956148],[10.456927720541916,41.00376780754792],[10.706097522079828,40.9017415061018],[11.32224155353595,40.64849796227636],[11.747557752045585,40.51551793746557],[11.966737224233093,40.50988715245339],[12.326715210231505,40.565476324160606],[12.581295581700015,40.55383541328908],[13.239652007319046,40.45768754531091],[13.510438988632535,40.25030218825489],[13.850839335690543,40.152848601165125],[14.055872892538124,40.15328007349517],[14.20528086156372,40.067514371181616],[14.28414831167633,39.96909762819385],[14.415471270842133,39.610260823227776],[14.595148070007697,39.36135146731281],[14.902426896875282,39.098865962956594],[15.065833442554238,39.0426414244952],[15.356679875115763,38.980330376857275],[15.795816576113177,38.94348060653061],[15.987255870101713,38.912369528799985],[16.406027541729166,38.812261922444534],[16.68334714939404,38.71164174321838],[16.925655460324702,38.585342865316555],[17.49679453708666,38.22972313264016],[17.56654151084682,38.19017943844042],[17.83884805858014,38.03558572156605],[17.867935296088724,38.019052846802374],[18.0662645884524,38.01307279570442],[18.245772913032877,38.070077523810944],[18.24948683889946,38.07125653196033],[18.558243384106934,38.25764940763338],[18.837226488784104,38.538724291540966],[18.94699247664867,38.773573587774656],[18.93824901538432,38.88727723070399],[18.799814718701384,39.16385051595496],[18.732474681023987,39.42026664601512],[18.73700225516843,39.600916920421895],[18.818553837578886,39.8367451594031],[19.07663351756346,40.09020517309766],[19.209765858364143,40.17654405765292],[19.434538944147015,40.28128062087013],[19.694287662899242,40.410293988661046],[20.257254230435237,40.58829984304768],[20.76652139144458,40.56502682527804],[21.078517751652758,40.49866739101989],[21.448497529455818,40.34065127541815],[21.534456741753996,40.26735562258967],[21.57322745137673,40.04630203399145],[21.702235675710998,39.935610519597226],[21.82960612997364,39.92970396130041],[22.233555507628214,39.87497133498654],[22.261307492420322,39.86298249926927],[22.54691123781782,39.73947926197234],[22.73805018765526,39.72748888042794],[23.282900625717122,39.71005044330686],[23.41874210515749,39.62343390918467],[23.464065218212895,39.4554536947693],[23.59363974586775,39.324587312911184],[23.743501067981416,39.24981752991391],[23.976831293315385,39.25658084624636],[24.237798953995767,39.30096407489247],[24.570270075055934,39.301688923098666],[25.223479264986995,39.17153737278159],[25.477161031742508,39.120338717302864],[25.812683994968566,39.066050988270725],[26.12530571024343,38.99752676480112],[26.291588471252123,38.81494615295724],[26.461411858961313,38.81531605296507],[26.858424545882777,38.778247578115135],[27.300738012323425,38.60180486557647],[27.57032764632189,38.57065026786547],[27.66822266872517,38.62799852876679],[27.946320988158543,38.869103666747414],[28.317680771951878,39.046358797912795],[28.662647242866083,39.12879961199089],[28.9785095909696,39.248651992190354],[29.13347797059457,39.2802937448303],[29.28254973720028,39.255563966402924],[29.50892572510171,39.256067709960234],[29.821397999495737,39.20034738707623],[29.931978302687522,38.99323296732315],[30.20446278841188,38.829827190315555],[30.415173755121906,38.899738844988974],[30.700903308218592,38.78033952757761],[30.8639367969299,38.76804851225929],[31.079453333447713,38.947423181830814],[31.191313643191698,38.86762947749209],[31.3121841596347,38.84262965597286],[31.604911250261384,38.784135939517014],[30.882601447562614,37.66137176946495],[30.693353852446045,37.58326517972776],[30.607286559775314,37.342824737077144],[30.934691895566868,36.72160378212656],[31.01006949905224,36.54367049140366],[31.325262331777388,36.139828419885475],[31.777758096173198,35.64603941644972],[32.041176811791196,35.072817907195514],[32.316292570748956,34.603389629428854],[32.476100057013475,34.20567169881107],[32.666918967064234,33.978428069376314],[33.14512215778946,33.12330290390703],[33.70001846832154,32.17112666909343],[33.91861944208289,31.814895828157812],[34.19851337686608,31.535975110983443],[34.4109343038309,31.35664048131831],[34.48524296200211,31.26310780307671],[34.388499324887746,31.17624673810587],[34.26914169489458,31.125362843969732],[34.25751925091465,31.045778337602414],[34.410774004310255,30.486650819825623],[34.54156351505067,30.244764421835992],[34.60740257749938,30.121422798280864],[34.98739314772402,29.813714746460544],[35.168240610878144,29.725730064837727],[35.36893268240343,29.452896993499103],[35.56739076625831,29.25329962686997],[35.727676459695985,28.95885133867226],[35.84625020105842,28.74016836542887],[36.1126207015554,28.148239136552274],[36.19269274086787,27.59781170845152],[36.38153469259582,26.25941742714903],[36.586255122860045,25.36133228728371],[36.67444495264908,25.24469591192999],[36.96486997963204,25.02688442218882],[37.102980574841084,24.925447185867466],[37.24069198510716,24.824203823235926],[37.532461182885655,24.542546419164957],[37.75634628534937,24.433100521040075],[37.87687637853889,24.30848395004436],[37.924838715422844,24.236683147691906],[38.0113949392753,23.980122397553536],[38.19205806955004,23.441060781358658],[38.26399610813755,23.22506752779862],[38.32014258536865,23.055954126015237],[38.57374175470211,22.13481307692973],[38.944533574658166,21.03515142108659],[39.246624067772565,20.55505030904049],[39.33044832868245,20.677750047891298],[39.282578243415,20.954723182257165],[39.31605685369128,21.084980341921383],[39.461913373814355,20.93894040956947],[39.66221434889779,20.548039069820973],[39.84531390387452,20.319588148507844],[40.08127675315052,20.34478669852866],[40.18886745506963,20.336920034574092],[40.8251951686645,19.59153262541928],[41.21415135898432,19.056086516130595],[41.27245184964027,18.99834203551101],[41.58837511563287,18.96611976797091],[41.89086451629891,18.45267504582613],[41.90754837957759,18.311343374861064],[41.90230716259843,18.19477870991876],[41.96169280840163,18.06995365168536],[42.19286859117037,17.962191086349605],[42.62652131534424,17.44777973922929],[42.923939845435946,17.093814536354948],[43.0645593403458,16.816851468132736],[43.08870436323454,16.648574758727438],[43.03952482509241,16.581027168486976],[42.88339485837298,16.470985032285913],[42.69061785385675,16.41139850032568],[42.44954029954479,16.224975618350324],[42.209731666203155,15.945264108146922],[42.325654526317194,15.86941673416027],[42.61212934848794,15.904114630969044],[42.755751917524925,15.89606151183295],[42.952454184651025,15.821761890249036],[43.022718028826304,15.79521344855271],[43.470436681303326,15.108823563929953],[43.74847396410408,14.734818648619102],[43.86655684922074,14.504745323855868],[43.9903847956848,14.37695645474266],[44.154855272933474,14.42017428272484],[44.34147795053584,14.420711534545333],[44.549849916459536,14.404239308269213],[44.71433975612072,14.447429638208426],[44.96321362152091,14.610388552815719],[45.325507163406996,14.867289358318377],[45.58246948069718,14.961746802651199],[45.762774871316566,14.902644930811952],[46.10964650853796,14.741703872689664],[46.353017688506455,14.785039617602994],[46.59407901350617,14.981709720386824],[46.92612393151209,15.322924253431564],[47.03257188278591,15.399691384108293],[47.233877851901475,15.374786355334042],[47.450074876674044,15.31595412016519],[47.63624363465172,15.34197514707987],[48.06736923925323,15.582889223364983],[48.15543806292755,15.632084739068532],[48.28486809651765,15.615484904898016],[48.595321199849735,15.497608497485272],[48.9250919001544,15.51554291921313],[49.26051975717803,15.62680831537241],[49.68058506480613,15.822940160385256],[50.06120736964423,16.221602328986044],[50.25809920438718,16.450075420620298],[50.532312646939715,16.35806224288079],[50.71385896667116,16.231937460001873],[50.74988928122619,16.223596394676484],[50.82442962160452,16.063224111887045],[50.668819787753954,15.512113109379662],[50.69597542317212,15.172351728754286],[50.77385875015795,14.797920287773326],[50.713657754747466,14.524717575172017],[50.56058577947253,14.21659744254545],[50.566953106599534,13.805511962722823],[50.568453507285966,13.298888434388452],[50.508918866236414,12.988898963359567],[49.99834542483548,11.604404598525644],[49.63860601598594,11.117097233276448],[49.59081338961556,10.92563152883088],[49.64387827161821,10.708183757574487],[49.274544748155975,9.73849296919672],[48.92353330445782,8.949368858004531],[48.84291528610726,8.360973228404271],[48.69546861295044,7.964847216891818],[48.39199413189751,7.268102759040451],[48.01464995454476,6.525539963340217],[47.587962122419604,5.731143730836169],[47.510370662418715,5.5869534397435565],[47.34257635445138,5.311257796720442],[46.356873301644285,3.76317536264057],[46.34047841554502,3.7374952443241227],[46.20716710216364,3.5759265674785152],[45.53056842057983,2.756933330350504],[44.561680891944725,2.0508528091052725],[44.29621680336223,1.8096425172015558],[43.722607751551195,1.1220576663360258],[43.09925980443327,0.23841059330702943],[42.94123337564157,0.014848058637037543],[42.9147818067942,-0.023798935427230807],[42.43939229535669,-0.7173379869980336],[41.880412960893906,-1.7078283484478747],[41.600908576071305,-2.2339905954447365],[41.64443858645489,-2.4563911750826346],[41.600998627311,-2.6304488022750308],[41.32876224361503,-2.8755547176953575],[41.07730850117507,-2.9830710983884186],[40.90464261307993,-2.9124294352785096],[40.862243280026455,-3.4016689797354194],[40.73317762021323,-3.6331675008199884],[40.43133458597131,-3.705185745404827],[40.25195229668385,-3.9456213458916665],[40.20923826686891,-4.247695879402188],[40.20954197308976,-4.469632742179423],[40.04471914844669,-4.86050655473027],[39.600033662416365,-5.71251783601816],[39.63637234899423,-6.048684399177037],[39.478678914592635,-6.455868163533716],[39.36381891573397,-6.615249087912478],[39.21291070653363,-6.677531355234695],[39.17323845068225,-6.773043511944567],[39.062231403461865,-7.03989922768264],[38.85878949690325,-7.868853013842402],[38.784802724377734,-8.502094682183802],[38.826576886026096,-8.844294741200825],[39.111321140263115,-9.456811155767117],[39.44727963771969,-9.81441342029152],[39.43196556830029,-9.989205529655257],[39.3085979960583,-10.20782710322543],[39.125091986921575,-10.853232277708585],[39.138790291157584,-10.95760756897485],[39.27512968368727,-10.98329378115638],[39.2886646139526,-11.021389081118189],[39.324489196804635,-11.122250385713595],[39.235344181477224,-11.548002297122533],[39.2094290650912,-12.128488558852322],[39.35810694372098,-13.22361912751381],[39.4266794291042,-13.567168971753834],[39.596210492645916,-13.84976829109545],[39.9523156629581,-14.182710231196376],[40.12317726872759,-14.344689229740192],[40.196724194082485,-14.482883748574952],[40.25028757557111,-14.583475888335858],[40.33380499996445,-14.873175232610274],[40.237304697796986,-15.222416568473582],[40.09122816166201,-15.494658281401433],[39.996482390120114,-15.647626397238852],[40.065623039346825,-15.918513426594107],[40.10439072590022,-16.349430420099456],[40.087211433212744,-16.62772332790546],[40.13757250392047,-17.29148151764445],[40.07647932300504,-17.634962404346936],[39.952445784000794,-17.827521047517294],[40.09829068802985,-18.244007356055945],[40.152235310843444,-18.534890769601763],[40.11570042884969,-19.189472792806644],[40.08824348259651,-19.66786776097842],[40.101251129027816,-19.774770232891314],[40.17911049547871,-19.848546743605446],[40.321769772547334,-19.8974327767517],[40.319739076861765,-20.05341249185682],[40.22999981576676,-20.340448526934455],[39.960497710357785,-20.67624234878938],[40.02915921442862,-20.89614483545855],[39.983929004815494,-21.059025604988452],[39.77891756458961,-21.38439471417151],[39.39214309959044,-21.9031143805077],[39.143657408755175,-22.258227040454038],[38.80189091373695,-22.62841878324524],[38.17306246578536,-23.053912181850354],[37.49510646743611,-23.42212186869758],[37.16414365860228,-23.550134830739623],[36.56561917579746,-23.87671225219222],[36.16699814178853,-24.233165874931228],[35.547185539331046,-25.035379043114123],[35.125413032955265,-25.504133288874343],[34.56769349488464,-25.986240731333243],[34.01756291652636,-26.442581651295797],[33.89504459320227,-26.512076731809703],[33.84296912165765,-27.033023861069317],[33.787813190457875,-27.299961324558726],[33.80790991790727,-27.368365017820167],[34.101943468501766,-27.65602285729963],[34.16907480932114,-27.860149393395538],[34.07833381459214,-28.10184109191029],[34.033448175406,-28.199824366516083],[34.17247545796852,-29.000372128529236],[34.17974334004878,-29.297595307116655],[34.199204166130166,-29.379072242495106],[34.30596254402675,-29.38620978584381],[34.385988641676605,-29.319316591421963],[34.4512213223321,-29.274647374113986],[34.44347580267986,-29.592968388279363],[34.242740562855836,-30.743847670533402],[34.081676513634996,-31.164494564543403],[34.21409419139246,-31.265210980941884],[34.277345919601935,-31.29390244304059],[34.251256408537934,-31.45959358325458],[34.168434601124424,-31.61782164909994],[33.91814943468363,-31.90480592339737],[33.59004692717894,-32.17651992916194],[33.28627291092313,-32.347774829131744],[32.718775551593026,-32.55460594267581],[32.359870997743165,-32.71088344627583],[32.05170661010347,-32.824417929871565],[31.640949870314213,-33.08546245923454],[31.328350264269446,-33.414989132220825],[31.159641597401613,-33.66603503922665],[31.26976452134292,-33.8322824989859],[31.50770363687701,-33.997790024211604],[31.511434827143123,-34.156494195580095],[31.46319355145699,-34.36932730572869],[31.39826624601501,-34.65375880104568],[31.26181174167705,-35.22921466825677],[31.069036820609412,-35.63416515615241],[30.982152937620036,-35.72161669605801],[30.803914572406104,-35.768963139931884],[30.751974132936564,-35.88288137733998],[30.810669502957445,-36.13628867763441],[30.74248463169763,-36.35567667692389],[30.618688562625454,-36.52145328206352],[30.352302872202966,-36.73316042154519],[29.92904665731138,-37.003354565064654],[29.67156373156286,-37.3112805711375],[29.63908465134977,-37.3500075774515],[28.950457116435935,-38.25447109529781],[28.745180852318107,-38.50369941555021],[28.64009813374502,-38.630851737361446],[28.53736459866848,-38.736846557962174],[28.043576920694004,-39.24361055146958],[27.485223398356066,-39.712268372602004],[27.264785204346065,-39.923849941558345],[27.09122533350283,-40.08988465773115],[26.435166076205174,-40.53814084457515],[25.800656843828488,-41.00604463106355],[25.550020810275804,-41.168978781962764],[25.10349824015438,-41.439337370994494],[24.80551356048438,-41.56509429638748],[24.473088154557328,-41.60741592559708],[24.063479202887763,-41.60230869410451],[23.830091907142513,-41.63251496437222],[23.75804688286797,-41.780941850453885],[23.75753860795973,-41.83419489110514],[23.70776726003062,-41.86976390685722],[23.524527160201544,-41.82876323853638],[23.29901139443995,-41.77595839980619],[23.17183605024044,-41.782150302669194],[23.058073947406474,-41.865177519417216],[22.929802880026212,-41.99524428320951],[22.83053125804838,-42.0425487047693],[22.68243192331443,-42.019313125074746],[22.380240859529742,-41.84884623734097],[22.070102205327746,-41.778485743328304],[21.8441443509711,-41.77303275014049],[21.70955860848996,-41.82066062027966],[21.53913945902156,-41.93324126491019],[21.341722603336617,-41.89233035835416],[21.081132946413923,-41.80419852955746],[20.99152765825303,-41.833492210004565],[20.9536681178618,-41.845865268533565],[20.685161017964962,-41.864138153086344],[20.430256323394413,-41.953204000310485],[20.10379518827008,-42.1773621118738],[19.79992314880378,-42.21314909776369],[19.61636932199749,-42.207667597056435],[19.34122835685276,-42.17303800503781],[19.03034367272571,-42.20299825440427],[18.782698979328607,-42.28547748382883],[18.406480801681266,-42.62416836754413],[17.906600044684666,-42.38659358071267],[17.886625536686594,-42.17599943265583],[17.802339109282244,-42.09985485311972],[17.604766566577638,-42.076742708942945],[17.48451161644197,-42.11224900892848],[17.393860604717606,-41.9122238246166],[17.252764304195516,-41.888909285675275],[17.18152772029373,-41.995219528499184],[17.159886461484952,-42.077656850648815],[17.033037847349995,-42.030851250387556],[16.991191848294136,-41.93665521408698],[17.119499495859785,-41.72941213271464],[17.177048967250226,-41.55109574347661],[16.862646270623408,-40.97650442864959],[16.736218674195158,-40.85596017592821],[16.68735950642987,-40.759196757889065],[16.76555364642978,-40.68622913458701],[17.034225999752774,-40.66744811582703],[17.120255346027825,-40.484692606072265],[17.172178641608784,-40.12947372023673],[17.124751112737137,-39.839798051084465],[17.06276991215739,-39.61053024221464],[16.840184855628895,-39.10486326349098],[16.55357068176112,-38.64471731582816],[16.443603907985995,-38.387218408179685],[16.37976363742822,-38.23753994703979],[16.15832279658749,-37.60746663207401],[16.098011115014632,-37.433838360881886],[22.10636350483845,-33.79353295035208]]],[[[44.601828672621814,21.636894170693754],[49.78063016865554,22.466168390879417],[53.91464975948149,25.113376490472472],[55.23498088085895,26.88907662172792],[54.18121439531345,30.475876636601946],[52.78502198792957,32.24745760983982],[52.99819228817812,32.50933254778612],[53.28275969881368,32.95349048852584],[53.36125665135418,32.90122815079859],[53.44644550733832,32.98996943308778],[53.75798442813778,33.341013155260526],[53.85921865063945,33.55483342231625],[53.95963455532478,33.76615836509532],[54.01279424111686,33.849489931473805],[54.115996381968586,33.439597612460666],[53.9892936929773,33.089566732774514],[53.950042357381484,33.01226269536774],[54.06753665298081,33.00016725026697],[54.149937003570216,32.991683607616174],[54.21396697506061,32.83004436442128],[54.253619276524546,32.576071605196034],[54.280030531688084,32.396412466099946],[54.29703705904466,32.28558166245944],[54.552793763859476,31.90148543231436],[54.76466879899814,31.665777227946496],[55.15180163442442,31.343260028276504],[55.37817239389598,31.20257188865135],[55.41739087069002,31.17817106069387],[55.47550592190378,31.141998686267797],[55.952089741745404,30.875257733626036],[56.13417160390697,30.795862149287544],[56.2555838401739,30.78890126268367],[56.50404698501962,30.804051684581005],[56.670823210465024,30.746344625809492],[57.123662605654154,30.244125044066955],[57.39685326638781,29.90723521757997],[57.62851377615828,29.686830608993795],[58.0083584566817,29.495706659104854],[58.03504473600304,29.384725825673264],[57.81851274695755,28.826428119453947],[57.60016550314105,28.444223805242878],[57.269008328488766,28.01458554428165],[57.21005900383653,27.808682495089936],[57.031379830702505,27.18745236016239],[56.934387266686095,27.11095407275934],[56.682696965146704,27.15605569750939],[56.573850146130106,27.20150750448175],[56.468212096470026,27.163112590866515],[56.37876758745104,26.88796158107335],[56.42105338654196,26.281562093278033],[56.470530257033516,25.84912782568512],[56.56697377412283,25.508007822819014],[56.39787037870713,25.429781331511617],[55.9416389873875,25.38964107773143],[55.681688890243066,25.24092826899676],[55.53627209532409,25.084450151538217],[55.437159985119436,24.81039999363443],[55.410353525510466,24.504266941451643],[55.336224830243275,24.34671632708525],[55.154366483505164,24.204386951760593],[54.91990935440248,24.14854531249239],[54.79120660237581,24.148204294555445],[54.61889808696425,24.171385973963346],[54.4763022754542,24.1552328043161],[54.32337668449152,23.99689385180879],[54.242114656321576,23.83055241875332],[54.21414044138637,23.54505315419552],[54.23381023205627,23.346406139497915],[54.20988350169936,23.17113616176894],[53.95102211531604,22.947002454263433],[53.80137434045906,22.92262806462108],[53.447646677285036,23.04143712302337],[53.133635960580555,23.00865174129209],[52.75114335529695,22.855802606175523],[52.42622877174719,22.686865169533856],[52.30595508805529,22.630457326014056],[52.128595915039234,22.548632232188584],[52.00877975736625,22.49332335352647],[51.78349664301835,22.340134785268834],[51.519288156707184,22.01746763032362],[51.415938623120006,21.847754627368086],[51.36548979783891,21.556570010074225],[51.35662681196334,21.321514997474182],[51.18905307264824,21.13427951713779],[50.85845395243225,20.927201625630985],[50.58870102407225,20.75812604465467],[49.60822089763716,20.38783444499191],[49.05445511964941,20.148790205757276],[48.6928379690823,19.96728535244261],[48.54588306025447,19.794315221472296],[48.35969680633068,19.431457045914968],[48.28382556970589,19.366319991498607],[48.17646439253929,19.274131223018546],[47.95561007719737,19.20743597415256],[47.68963132102844,19.247980046871778],[47.461112218547385,19.20603112284978],[47.10767140764164,18.94862757344032],[46.83247791453392,18.715804012140822],[46.42100994146123,18.48216470316176],[46.36128409742315,18.460782508698138],[46.09336819049689,18.364844668789345],[45.57722865317738,18.36336675974896],[45.32617215530145,18.37098080682905],[45.19846376830083,18.29573691814995],[45.036784552002814,18.112055833931507],[44.92510452814664,17.93660897798716],[44.734642035417366,17.752359469725942],[44.51475845915838,17.609598048503294],[44.343086469671434,17.584012776348672],[44.235115890902904,17.608792108711],[44.00967368049573,17.365338767156597],[43.63731866885867,17.330751775084135],[43.41392051897465,17.397162355963946],[43.169394148033106,17.61448791717511],[43.12286201356606,17.65580227878936],[43.04247931560696,17.74752259190655],[42.88765561949217,18.005880893451916],[42.84213247477017,18.1557936167077],[42.89951984864352,18.580148879614484],[42.84289701853729,18.95312168199014],[42.68718504605065,19.250377263084047],[42.495857978118515,19.93344585052845],[42.174356783814865,21.044152523827485],[42.126565462115856,21.29587795002958],[42.21894008123743,21.701126161318022],[42.135718253975014,22.128435350790028],[42.115262924443364,22.233112326286395],[42.0446602963117,22.538141919140696],[41.78312769359353,23.073388026893202],[41.42083570523244,23.629322069020972],[41.2074862928887,23.90599235099064],[40.805804254557906,24.291741884312405],[40.54489508974354,24.778222938619376],[40.461406533195685,24.976910356196065],[43.083986066341666,24.096307830139295],[44.601828672621814,21.636894170693754]]]]}},{"type":"Feature","properties":{"NAME":"Unknown","ABBREVN":"Unknown","type":"Unknown","weblinks":"Unknown","SUBJECTO":"Unknown","BORDERPRECISION":1,"PARTOF":"Unknown","CONTINENT":"Oceania","INDEX":83},"geometry":{"type":"MultiPolygon","coordinates":[[[[149.12027198183918,-8.786257986594093],[149.02947466039922,-8.663676043127236],[148.8658099961071,-8.585156195176625],[148.66913298491377,-8.708629253572868],[148.5087136524083,-8.472071639443984],[148.38881369202835,-8.35823004624609],[148.1042037745209,-8.209677983603582],[148.0063520507244,-8.06047949792701],[148.08831465214973,-7.901873623658595],[148.21736057786515,-7.919095112449244],[148.54867436677748,-7.88289455833301],[148.78445308397409,-7.961386103653868],[149.11418719142267,-8.013178514834934],[149.35203921318632,-7.97728064047464],[149.47630558056574,-7.8625115946503845],[149.60394106450693,-7.5451432722011385],[149.62447564449388,-7.6067450809465385],[149.76398939170676,-7.8528400584643],[149.88412983187305,-7.966887058346967],[149.99179848710872,-7.975362775634244],[150.43251496452734,-7.850844821602971],[150.60752648403846,-7.709471565918515],[150.80180239117985,-7.2595145091032185],[150.9188508945623,-7.126876565546577],[151.21385536427363,-7.1083595229781436],[151.3372405528872,-7.028594373540356],[151.36659076631884,-6.851999618007056],[151.3601334139841,-6.498740237021008],[151.36077894491797,-6.162833090220824],[151.576223444187,-6.28596660359971],[151.75586543035078,-6.320791910131075],[151.914454956881,-6.09925817784614],[152.03597363948174,-6.461371242339173],[152.0570758679698,-6.682153796572026],[151.94856903214853,-6.991461603873433],[151.89680438976788,-7.106303557945892],[151.66636835281213,-7.133453106816868],[151.58510469502104,-7.274792834633341],[151.60500594781752,-7.3805215105835975],[151.7797205603708,-7.679534257519632],[151.62485505018975,-7.900060293985653],[151.5013412009892,-7.9708245521347925],[151.17164084354334,-7.91902709998824],[150.98475438662172,-7.919582424603462],[150.93131648651303,-8.086890204933153],[150.724021209681,-8.395164839499657],[150.5926901631519,-8.492175219047851],[150.13426485171095,-8.756903270140793],[149.90958384865397,-8.845300558685695],[149.5498008303593,-8.863931885595084],[149.18170440391805,-8.935190766261947],[149.12027198183918,-8.786257986594093]]]]}},{"type":"Feature","properties":{"NAME":"Unknown","ABBREVN":"Unknown","type":"Unknown","weblinks":"Unknown","SUBJECTO":"Unknown","BORDERPRECISION":1,"PARTOF":"Unknown","CONTINENT":"Asia","INDEX":84},"geometry":{"type":"MultiPolygon","coordinates":[[[[122.83440965432317,-14.017492402885072],[122.88108987251256,-13.69166275231302],[122.95229757280111,-13.502616608306344],[123.2853380771694,-13.209414239244452],[123.97279246212736,-12.828528090055096],[124.29754808028703,-12.551553347558748],[124.4956733764929,-12.179467102901468],[124.71398793643094,-12.083671983291808],[125.42688580148872,-12.020994537682679],[125.84732391640149,-11.88987861761979],[126.09230735536102,-11.863184194063802],[126.48988881196071,-11.775365795184282],[126.53892837205576,-11.818550190635822],[126.57128485313369,-11.939703054255263],[126.45248059329111,-12.0698884695497],[126.275380157253,-12.226098631854795],[125.51683851571251,-12.599743571411908],[124.87627719346035,-12.86895356872534],[124.54082761383886,-13.024993056913928],[124.2463802977368,-13.240997103860845],[123.69468402697778,-13.826487927813378],[123.36965943761355,-14.118652829526463],[123.16706423408903,-14.170588685391312],[122.90438596270953,-14.308192258364574],[122.6887887856811,-14.317363424557742],[122.83440965432317,-14.017492402885072]]]]}},{"type":"Feature","properties":{"NAME":"Unknown","ABBREVN":"Unknown","type":"Unknown","weblinks":"Unknown","SUBJECTO":"Unknown","BORDERPRECISION":1,"PARTOF":"Unknown","CONTINENT":"Asia","INDEX":85},"geometry":{"type":"MultiPolygon","coordinates":[[[[127.62746162363754,0.08498912491011697],[127.43912707714725,0.752701931268696],[127.51739195970148,1.1004076068048387],[127.4812292070714,1.189372323993225],[127.41605221680862,1.376236026133722],[127.42989410960514,1.581138742415832],[127.55055241231075,2.1425055571513285],[127.77184654545916,2.6594032773683787],[127.89478560741829,2.4283949288529594],[127.9673607722927,2.2060840930859746],[127.94632933440114,2.0279528191174894],[127.83918052063423,1.7783048501654595],[127.68229213848657,1.2968761202333356],[127.71154088985335,1.0920772892483124],[127.79802646225104,1.0032549495171932],[127.84097294908804,1.0924812216059654],[128.03444809740182,1.3513892108463597],[128.091051079639,1.6811107832788406],[128.16993238370162,1.77040993327821],[128.52867013251404,2.0297192669896122],[128.5936165557704,1.9408798615937601],[128.57250622839499,1.7805425621970656],[128.62374857296942,1.4333606861672956],[128.46594118187647,1.2992607923955763],[128.25800046265618,1.0759163439515629],[128.18655405612472,0.8797093193006831],[128.25859471125256,0.8175673335177801],[128.46010075116726,0.7379866159527455],[128.64011354790458,0.6048789781308862],[128.63314016351774,0.5157623124474179],[128.70547952069444,0.29322281213750223],[128.3961353521705,0.3902985634823904],[128.20181279603298,0.48772073912020847],[128.0363965035532,0.5139385145005901],[127.90000950372296,0.41551206963436443],[127.86461914270012,0.13917290075363128],[127.88678807285015,-0.023798935427230807],[127.9447860455947,-0.457592491225437],[128.09635669289977,-0.8491682923169469],[128.27649458139015,-1.1248032022755887],[128.36299050006124,-1.302704089827201],[128.29125981775198,-1.436534546363192],[128.17607433538424,-1.303265561259909],[127.88074881110725,-0.8943740043905379],[127.6355827614919,-0.43180051577250417],[127.63513351403017,-0.18229794787169265],[127.63065404412454,-0.023798935427230807],[127.62746162363754,0.08498912491011697]]]]}},{"type":"Feature","properties":{"NAME":"Unknown","ABBREVN":"Unknown","type":"Unknown","weblinks":"Unknown","SUBJECTO":"Unknown","BORDERPRECISION":1,"PARTOF":"Unknown","CONTINENT":"Asia","INDEX":86},"geometry":{"type":"MultiPolygon","coordinates":[[[[122.15915984076626,-11.798148307416623],[122.16075855899653,-11.941216950529821],[121.74505656434607,-12.141347668504748],[121.4682193105535,-12.309418148444312],[121.31920957486565,-12.284174654708561],[121.0967552150874,-12.483287926515132],[120.87540943275688,-12.440767477017213],[120.69070752132065,-12.37220167922889],[120.50652268076335,-12.528202679091486],[120.36901853167842,-12.563127238200336],[120.21232917789911,-12.520428437526858],[119.96455146518953,-12.4002617402536],[119.49846913488457,-12.375720912249452],[119.35406854042188,-12.40206778975085],[119.29219014687737,-12.056415721640862],[119.31782954321513,-11.909183651670284],[119.50074601036773,-11.787379624711354],[119.81290277900527,-11.665108881204752],[120.05019532987913,-11.65573872993903],[120.53898115298934,-11.905564013994157],[120.72007908564082,-12.104115677386098],[120.87069521574999,-12.112320364117357],[121.03387338000692,-11.93008792871694],[121.24243710424638,-11.920806353379529],[121.4386201567748,-11.876847707793674],[121.61318545811802,-11.991268009286982],[121.82903528339733,-11.919764066930691],[121.80941065248084,-11.783835890002093],[122.00869020123172,-11.66930260799869],[122.20281258941435,-11.526048206718574],[122.2529943072573,-11.43288036789829],[122.2253714046874,-11.361185348322225],[122.14184020635699,-11.375527557015493],[122.20467859836056,-11.253599697866232],[122.2756893572665,-11.260775115754733],[122.36905115881821,-11.318158246945416],[122.43639985599123,-11.454385530577117],[122.42500559152529,-11.640660514553543],[122.15915984076626,-11.798148307416623]]]]}},{"type":"Feature","properties":{"NAME":"Unknown","ABBREVN":"Unknown","type":"Unknown","weblinks":"Unknown","SUBJECTO":"Unknown","BORDERPRECISION":1,"PARTOF":"Unknown","CONTINENT":"Asia","INDEX":87},"geometry":{"type":"MultiPolygon","coordinates":[[[[130.49193554073963,-5.384915801966632],[130.1901595877817,-5.146576227660205],[129.8237546951699,-4.739785447783289],[129.69439226010198,-4.651449982587283],[129.50745909473818,-4.669773936502291],[129.4786664382564,-4.7319592512009025],[129.47851142531326,-5.015755933873221],[129.38505138564673,-5.033770604730011],[128.93946077850714,-4.777940902703768],[128.83172740862219,-4.556461867634904],[128.56567107319464,-4.681495586241966],[128.4289921865343,-4.850445037206108],[128.2779314110272,-4.966184298516894],[128.19892374123918,-4.85113783972176],[128.06965030390612,-4.567638287890435],[127.96910259648621,-4.283913534083208],[128.0841382470557,-4.1592632028842145],[128.2207434947352,-4.141084391193062],[128.34295744528836,-4.176238750072272],[128.83900965717032,-4.201365023196418],[129.09058988125932,-4.395933314752119],[129.2343868117324,-4.38662117445714],[129.48603353002574,-4.181655285312459],[129.67295664627736,-4.172205801665104],[129.91020467685095,-4.2514091868312045],[130.29119815416018,-4.383417624546529],[130.50677287787025,-4.631247539542809],[130.6288861818709,-4.879260110405826],[130.69331004269708,-5.26913095195969],[130.6644134827735,-5.428693816639681],[130.49193554073963,-5.384915801966632]]]]}},{"type":"Feature","properties":{"NAME":"Unknown","ABBREVN":"Unknown","type":"Unknown","weblinks":"Unknown","SUBJECTO":"Unknown","BORDERPRECISION":1,"PARTOF":"Unknown","CONTINENT":"Asia","INDEX":88},"geometry":{"type":"MultiPolygon","coordinates":[[[[126.35816930308097,-5.38855518094736],[126.04921713296184,-5.07931331219268],[125.95591461242759,-4.795831183148667],[126.02788368898953,-4.618182194256666],[126.30110255676138,-4.5552516217081465],[126.64619228435305,-4.5275743865690545],[126.75401023210951,-4.607113339836917],[126.86175233890305,-4.8019638637739055],[126.99828007569148,-4.92570947228851],[127.04135469634227,-5.067439749101674],[127.00533445909787,-5.209385753515094],[126.94776631102958,-5.244998496928542],[126.54503672692937,-5.423424826467257],[126.35816930308097,-5.38855518094736]]]]}},{"type":"Feature","properties":{"NAME":"Unknown","ABBREVN":"Unknown","type":"Unknown","weblinks":"Unknown","SUBJECTO":"Unknown","BORDERPRECISION":1,"PARTOF":"Unknown","CONTINENT":"Asia","INDEX":89},"geometry":{"type":"MultiPolygon","coordinates":[[[[119.40161418742932,-14.309864095677048],[119.03211330709246,-13.94297078209378],[118.7036759776874,-13.669572140939842],[118.55493215976976,-13.609944119151193],[118.34211836603365,-13.53331243678435],[118.22401261468572,-13.413398275774014],[118.28563346392271,-13.284283894074067],[118.46075877809866,-13.19776601129489],[118.90649402710937,-13.179264455550204],[119.13849773245894,-13.10973254545391],[119.27625135454782,-13.289985355405644],[119.74210538001292,-13.743737074902233],[119.83514404966832,-13.974887727295297],[119.75747424513328,-14.171988356716698],[119.6310479384287,-14.31775345758981],[119.49363251656501,-14.352337101195488],[119.40161418742932,-14.309864095677048]]]]}},{"type":"Feature","properties":{"NAME":"Unknown","ABBREVN":"Unknown","type":"Unknown","weblinks":"Unknown","SUBJECTO":"Unknown","BORDERPRECISION":1,"PARTOF":"Unknown","CONTINENT":"Asia","INDEX":90},"geometry":{"type":"MultiPolygon","coordinates":[[[[120.5578977272555,1.088164305763484],[120.62929500225101,1.293272160738721],[120.75792479139109,1.5965013157866674],[120.98072030825529,1.632818435848692],[121.25415543177793,1.5445816758345738],[121.5857048092349,1.2071115681524949],[121.78706863521492,1.1898907115803206],[122.1752639665161,1.217807999950256],[122.39118576022496,1.1115565409817985],[122.72951130623059,0.9433229670284333],[122.98798964380161,1.0866394871347154],[123.8221049908035,1.0357214409840485],[124.14545259439592,1.116886240899627],[124.42527541292785,1.3404391781800915],[124.51827890741393,1.5188699360644946],[124.44593423377522,1.6878547648536772],[124.53174450712946,1.8662174099825104],[124.70382965959686,2.0181185556329675],[124.83250886377851,2.276680309161963],[124.96181656409271,2.312681317978736],[124.99818510264797,2.1614626975085613],[124.97039998921585,1.8230325186679313],[124.92063238810329,1.6269543505133286],[124.88488234055814,1.5466979315359373],[124.84912798462098,1.4664208388031181],[124.41969221188232,0.6722490612738745],[124.23329768373323,0.42219259463360725],[124.02492254035026,0.3591851218238137],[123.47162858492602,0.21494433700697926],[123.24864944927751,0.25881463409776795],[122.98209440876555,0.5253196058934321],[122.4643354252438,0.5682900151116107],[121.9467638030631,0.5310928188669137],[121.55128497879426,0.5566145094034567],[121.08401926426679,0.5284662804987985],[120.8250602637376,0.5811320704803393],[120.52314115371405,0.5623986734339466],[120.4525755126768,0.5386208306491213],[120.33634898362288,0.49945997362240546],[120.14270537942335,0.2671959733233144],[120.02619250713742,-0.023798935427230807],[119.95665436930058,-0.19671005185264767],[119.87117458742271,-0.6514044116326607],[119.90041076408203,-0.9542410776599446],[120.01585689434218,-1.2656886449380875],[120.10227316296665,-1.3812373681752719],[120.28218832913052,-1.5231991893430066],[120.39737497614507,-1.6475350413437573],[120.4912340797946,-2.0301543012732695],[120.57042926165724,-2.1278454022418143],[120.67109067822727,-2.154242119484608],[121.0377570293919,-2.170940838043774],[121.15263224730647,-2.0014386997962994],[121.45392741641835,-1.38604325617485],[121.62651307616159,-1.4211421749179514],[121.76325983603697,-1.5365178944893225],[121.9861604221996,-1.5625508177691365],[122.15134636239722,-1.4195489339412621],[122.45320241278804,-1.3206446084029024],[122.73346819464685,-1.2307204524107656],[122.85544085156393,-1.0432654887872226],[122.97761188846202,-1.0072627692912262],[123.18628227306414,-1.1313517497053573],[123.24395433544893,-1.2648065663352355],[123.20138769858829,-1.728082388030843],[122.99268964399833,-1.5594994353045661],[122.7482311994335,-1.533517590442232],[122.58307489029535,-1.7210557536124909],[122.4036699837063,-2.051053505227647],[122.2025916553763,-2.3187332109229204],[121.72112264614144,-2.5960969554382016],[121.62059144711097,-2.8010610953658817],[121.55590355768508,-2.819043912049601],[121.44804955254779,-2.792675321778047],[121.23947451079451,-2.7132329431507585],[121.22514446271295,-2.7488710565417382],[121.23242189135874,-2.9445747481739715],[121.32591511555245,-3.024342526181156],[121.62085816137954,-3.3880322146293955],[121.82222479676996,-3.716304858898211],[122.18166169915894,-4.49671383805264],[122.131289170089,-4.700949882087861],[122.04483766739816,-5.126877531868532],[122.08061708747417,-5.383748096742815],[122.26727868866101,-5.719718866881008],[122.50429437506006,-5.9933524711503905],[122.52571887686989,-6.134814391280144],[122.4967821464326,-6.31174391349942],[122.3027046908561,-6.276973538790834],[122.00792862318022,-6.313218538796466],[121.81359306116666,-6.499405257965178],[121.69084184072373,-6.932479028187607],[121.46801022711779,-6.9155029391833045],[121.26687095421397,-6.801356461852338],[121.22387295451693,-6.6955204483324176],[121.26749806803653,-6.288931298365369],[121.37568507955244,-5.925974137309263],[120.95910289237547,-5.39599871735803],[120.77948491775317,-5.201609411942876],[120.70767571166732,-5.033401043743743],[120.72932097107719,-4.88258217353347],[120.86598621396347,-4.633799850737854],[120.93074901293785,-4.269705553525796],[120.86606334219256,-3.9590846726758477],[120.53536323868985,-3.9245452479753875],[120.3584591183332,-4.027546914943336],[120.30530857066081,-4.05848227018],[120.07520808477979,-4.307815126640642],[120.13988872847531,-4.529510542972901],[120.18284327424043,-5.11476665627041],[120.13953473689388,-5.433903254175238],[120.00236671713756,-6.151271737138189],[120.13834631255976,-6.716452178683507],[120.12370190684281,-6.910713223536199],[119.93323981633786,-7.308239745687358],[119.91715236270382,-7.449306224582783],[120.0203557009214,-7.801286145376619],[119.68822546029597,-7.907905213961496],[119.44890845618679,-8.058180655575915],[119.23260774629537,-8.10280470163093],[119.13485774331541,-7.900762250592337],[119.08168305282284,-7.575155037689568],[119.1632866240213,-7.372257114331007],[119.26015544928819,-7.0809710426563],[119.31899645609465,-6.533426535902882],[119.37718399018627,-5.861204839185629],[119.33428846493155,-5.5426368059462865],[119.35599109587872,-5.329969992493022],[119.26980512780598,-5.082073946167344],[119.13326492522722,-5.002685609675681],[118.95349735176947,-5.109626219817924],[118.69468320321799,-5.128129010703661],[118.7091446135409,-4.870961846200239],[118.6229849811288,-4.0635652964564795],[118.68767777868442,-3.8679633827044975],[118.91767642949007,-3.5384541356942445],[119.14034024720128,-3.0487510070498813],[119.21929154325417,-2.74606513087382],[119.19007138016296,-2.1676516826151797],[119.18991939233518,-2.007393730103115],[119.23274891874286,-1.722313567098614],[119.390374152655,-1.2675907483113737],[119.59164160635775,-1.2313505431340728],[119.5764497405795,-0.6879497419444541],[119.6921242146375,-0.023798935427230807],[119.69748956719249,0.007433818948343632],[119.91161870519376,0.7565690981716948],[120.10514990791327,1.0155304397074487],[120.23433185386234,1.1050091057215121],[120.42895416275577,0.8917833155684857],[120.5578977272555,1.088164305763484]]]]}},{"type":"Feature","properties":{"NAME":"Unknown","ABBREVN":"Unknown","type":"Unknown","weblinks":"Unknown","SUBJECTO":"Unknown","BORDERPRECISION":1,"PARTOF":"Unknown","CONTINENT":"Asia","INDEX":91},"geometry":{"type":"MultiPolygon","coordinates":[[[[61.53040110528614,34.123972686321544],[61.397855514751825,32.903548755710325],[61.17102166657883,32.861021525860195],[60.967251827538455,32.67015644441217],[60.59797754772788,32.66219841596904],[60.05033646889728,32.66793126370308],[59.76198216009514,32.603649334733525],[59.459068297090255,32.546324733535535],[59.22759409533077,32.531088248942616],[59.01258826940157,32.51693365099528],[58.53258732039735,32.5935719115983],[58.41415319767777,32.69218153520722],[58.130928962328575,32.81842559738512],[57.951926634286345,32.8461646131882],[57.33362581579579,32.84465780738128],[56.99150739697216,32.86495334203704],[56.73728304758054,32.829133290107855],[56.50112283986374,33.018438055382596],[56.42007033923199,33.08141933595397],[56.05703370385415,33.094574644030416],[55.80835230621954,33.093959991375456],[55.60860801495433,33.086861577992394],[55.497730410208014,33.2053341793295],[55.16099079065182,33.26750564483907],[55.014842120377686,33.358008204111975],[54.94347376112949,33.36482000416977],[54.8936431206516,33.61175018880721],[54.75600418092213,33.674895045398536],[54.733914719673095,33.73980801567334],[61.53040110528614,34.123972686321544]]]]}},{"type":"Feature","properties":{"NAME":"Unknown","ABBREVN":"Unknown","type":"Unknown","weblinks":"Unknown","SUBJECTO":"Unknown","BORDERPRECISION":1,"PARTOF":"Unknown","CONTINENT":"North America","INDEX":92},"geometry":{"type":"MultiPolygon","coordinates":[[[[-58.917747219381056,17.905950457456814],[-58.92631892113569,17.92820480816099],[-58.930153119065956,17.9322179441575],[-58.953022558779594,17.939147410154316],[-58.98451989688706,17.944620343286896],[-58.988677314933696,17.947901631627953],[-58.991933239488496,17.952279182756925],[-59.00463812228122,17.970513926396524],[-59.00732290280764,17.975254365930798],[-59.01696609581889,18.028117622494012],[-59.01753179479755,18.0354081744658],[-59.02021067336362,18.217162325077616],[-59.018019364256276,18.23208500561376],[-59.011218201663404,18.25355474240137],[-59.00856682585004,18.259740326922266],[-59.001771449189,18.269928479589655],[-58.99787176642746,18.274295335488745],[-58.98762920865863,18.279024839507876],[-58.97615463270037,18.281935016707564],[-58.96903444808339,18.281570920687585],[-58.95303343323318,18.2750235671706],[-58.948576684299866,18.272111925825325],[-58.93420471784445,18.23208500561376],[-58.93093778754474,18.22043814938805],[-58.92865320659586,18.20660706114523],[-58.928364356776484,18.199325988144928],[-58.92400164611324,18.180029711079037],[-58.9198562990005,18.169107044863107],[-58.91750780492371,18.163646026076698],[-58.911602075725774,18.154177187253072],[-58.89038342667421,18.121034153548965],[-58.88296929603896,18.113386390449183],[-58.851879148469656,18.083512321942543],[-58.84298319862143,18.077317110183987],[-58.836743764172766,18.076224424610146],[-58.81626387761,18.06674929380217],[-58.811801737629764,18.063834337564902],[-58.80411241583861,18.056181943262786],[-58.80297019760428,18.041605352518346],[-58.80390001054246,18.032492526768312],[-58.808033730870804,18.017182353672915],[-58.81886211622249,17.99275484898469],[-58.824901471755666,17.98145304584472],[-58.83121177303002,17.970147654431738],[-58.83822155371534,17.960667554433723],[-58.84654454486244,17.951912860519244],[-58.88419282468189,17.91762641099788],[-58.89478966114505,17.911787248716905],[-58.917747219381056,17.905950457456814]]]]}},{"type":"Feature","properties":{"NAME":"Unknown","ABBREVN":"Unknown","type":"Unknown","weblinks":"Unknown","SUBJECTO":"Unknown","BORDERPRECISION":1,"PARTOF":"Unknown","CONTINENT":"North America","INDEX":93},"geometry":{"type":"MultiPolygon","coordinates":[[[[-67.57718449806114,16.81215102823015],[-67.57580017745325,16.79781121813664],[-67.57664799487866,16.790453414583304],[-67.59825810421768,16.669026279759755],[-67.62871459860318,16.571811670881978],[-67.63673553734111,16.55302485591301],[-67.6403653364542,16.54860298354056],[-67.65264603062418,16.546393323251305],[-67.65711317672337,16.549341740023674],[-67.66007908137107,16.553760937383377],[-67.67352904796789,16.587282510160374],[-67.67581375269144,16.60091012082402],[-67.67834733279211,16.654669521400542],[-67.66850402860968,16.704729750175645],[-67.66783314532849,16.713562491908206],[-67.66892237102529,16.728280314762326],[-67.67259880265857,16.74851717730223],[-67.67405775637606,16.75477124503505],[-67.68219506019213,16.777946796292433],[-67.68747127034815,16.788246132142998],[-67.69424891277413,16.79670697591295],[-67.70935390910915,16.80442987260349],[-67.73555920628648,16.807371692673332],[-67.74832803267792,16.805902114157472],[-67.76891112568622,16.806636905303968],[-67.77453313543316,16.80884390392838],[-67.7789800228052,16.8117856331491],[-67.78195364906328,16.816196789572643],[-67.79384774820213,16.851129075848274],[-67.79238129960831,16.859583547378048],[-67.77716320177966,16.90699895500558],[-67.77129758122335,16.918760047551984],[-67.76664216090323,16.92206594297405],[-67.75556818293293,16.926476329371674],[-67.7413225496448,16.925742156386555],[-67.73570246925023,16.92353696891432],[-67.58100357489334,16.816196789572643],[-67.57718449806114,16.81215102823015]]]]}},{"type":"Feature","properties":{"NAME":"Unknown","ABBREVN":"Unknown","type":"Unknown","weblinks":"Unknown","SUBJECTO":"Unknown","BORDERPRECISION":1,"PARTOF":"Unknown","CONTINENT":"North America","INDEX":94},"geometry":{"type":"MultiPolygon","coordinates":[[[[-60.57654982189813,23.091379497785653],[-60.57909341263284,23.042202009126218],[-60.58086070120259,23.035576030723433],[-60.597261385942915,23.019174970991898],[-60.601742486015866,23.015337453207042],[-60.65665493266811,22.971711306874766],[-60.7452478177582,22.98079065873133],[-60.788815130969056,23.005915754272618],[-60.79282955915967,23.009409423702465],[-60.795331032435676,23.01429231647894],[-60.796943751524815,23.019874626945132],[-60.797667675910546,23.026156237928692],[-60.793657974122866,23.10288535476105],[-60.78840943051737,23.11682565525212],[-60.784841137664046,23.12240725204651],[-60.72739702086107,23.190351359961085],[-60.72069579038882,23.194531981827836],[-60.68982393664043,23.189652900551398],[-60.68037360374544,23.18338660930218],[-60.64380025293139,23.156903804682855],[-60.580634057873574,23.10218628038913],[-60.57723852092199,23.098001772155357],[-60.57654982189813,23.091379497785653]]]]}},{"type":"Feature","properties":{"NAME":"Unknown","ABBREVN":"Unknown","type":"Unknown","weblinks":"Unknown","SUBJECTO":"Unknown","BORDERPRECISION":1,"PARTOF":"Unknown","CONTINENT":"North America","INDEX":95},"geometry":{"type":"MultiPolygon","coordinates":[[[[-68.3427527820399,16.78273108752261],[-68.29138889563579,16.75992183852539],[-68.26564706065098,16.761761385961417],[-68.25850742061297,16.76139453785294],[-68.24184634434495,16.756243997261105],[-68.2317497131965,16.751462795054856],[-68.2181077583854,16.74263105853504],[-68.20656984808957,16.731591948349898],[-68.14573155371649,16.60532907374626],[-68.14215265762839,16.572548983246442],[-68.19363671116325,16.572548983246442],[-68.21123741956949,16.5766014821771],[-68.22131218233662,16.581758441675547],[-68.22576201243119,16.584704814515682],[-68.34768595740164,16.66829078407282],[-68.35510778773914,16.675653523071194],[-68.43989531329072,16.76875118607205],[-68.50246875347553,16.88127329746025],[-68.5222190455508,16.93162072498517],[-68.52175401359115,17.00435509075703],[-68.50286950385019,17.02748999267545],[-68.45683983048423,17.000316008862235],[-68.44178381298657,16.98525734607474],[-68.43856135286663,16.980848790346016],[-68.42985282410147,16.958440253656224],[-68.42296088502931,16.93382578676143],[-68.4227009761945,16.9018536668238],[-68.41697821522936,16.87649495488465],[-68.41090890436786,16.858849028814767],[-68.40333570390321,16.84304074242398],[-68.40036605904925,16.838627768155042],[-68.37236847070393,16.805532731235584],[-68.35729310243839,16.790453414583304],[-68.3427527820399,16.78273108752261]]]]}},{"type":"Feature","properties":{"NAME":"Unknown","ABBREVN":"Unknown","type":"Unknown","weblinks":"Unknown","SUBJECTO":"Unknown","BORDERPRECISION":1,"PARTOF":"Unknown","CONTINENT":"North America","INDEX":96},"geometry":{"type":"MultiPolygon","coordinates":[[[[-60.564706155291276,21.23409136448267],[-60.55703621944425,21.246157292258435],[-60.5409865343221,21.251125606173783],[-60.522686743416386,21.25077173781344],[-60.51654928774731,21.248998546336406],[-60.414341888697976,21.187233276081997],[-60.40189729470723,21.17657988439694],[-60.37208071424289,21.103760583177298],[-60.364755347341365,21.033025908597505],[-60.37714972058074,20.863649902485538],[-60.37812388593763,20.8558155258552],[-60.38525324577816,20.815565830609156],[-60.38683103735933,20.80701625280965],[-60.38917161092547,20.799177927960578],[-60.399479579031684,20.772450924907695],[-60.405508624481335,20.75997683926495],[-60.41686875916399,20.74607434620575],[-60.50350064989014,20.695444245291224],[-60.51022068338432,20.696869345014957],[-60.51340062819464,20.70114967185298],[-60.51448192197824,20.707568574963258],[-60.512846164499095,20.74464729970962],[-60.5118004525279,20.75962012326066],[-60.50620905836832,20.785635618921223],[-60.50523496373831,20.79347488627424],[-60.513631188342394,20.88999893033217],[-60.514427547243734,20.896405796723872],[-60.51607536854171,20.902458596681914],[-60.53679719433692,20.97683399503043],[-60.55979467524593,21.025559273136267],[-60.5697675910473,21.0454683333624],[-60.580047789173406,21.06502064181076],[-60.58111656877077,21.07142001770871],[-60.590204334401385,21.13431411131191],[-60.57596269269635,21.194687737077682],[-60.564706155291276,21.23409136448267]]]]}},{"type":"Feature","properties":{"NAME":"Unknown","ABBREVN":"Unknown","type":"Unknown","weblinks":"Unknown","SUBJECTO":"Unknown","BORDERPRECISION":1,"PARTOF":"Unknown","CONTINENT":"North America","INDEX":97},"geometry":{"type":"MultiPolygon","coordinates":[[[[-61.044548709548415,16.766544893412288],[-61.04679816549658,16.685591829234166],[-61.065564689155906,16.624477637075742],[-61.0857429818657,16.582861680999507],[-61.0891183298386,16.57770741281849],[-61.100757721298855,16.564444972139746],[-61.11001782070008,16.557812634406844],[-61.14285639839449,16.540496310348008],[-61.177828452346844,16.524284261733914],[-61.207587486198705,16.515810088344328],[-61.21319295379167,16.514334884427182],[-61.24027545365791,16.51912791595786],[-61.2435841935413,16.520970531281765],[-61.24686174133915,16.525390590498322],[-61.248941718139584,16.53128556269466],[-61.16973997595343,16.74741520403841],[-61.15041898404777,16.7801542375449],[-61.12784171251352,16.808106476265397],[-61.11621728014068,16.820978477551865],[-61.09833986856164,16.83274535502994],[-61.09273451650418,16.834217304737045],[-61.08725653844018,16.833847995041392],[-61.05795428576325,16.82759738274518],[-61.052603191871334,16.825390673850784],[-61.0509806271076,16.820978477551865],[-61.047734550406936,16.816196789572643],[-61.046416609891345,16.811416265432754],[-61.044548709548415,16.766544893412288]]]]}},{"type":"Feature","properties":{"NAME":"Unknown","ABBREVN":"Unknown","type":"Unknown","weblinks":"Unknown","SUBJECTO":"Unknown","BORDERPRECISION":1,"PARTOF":"Unknown","CONTINENT":"North America","INDEX":98},"geometry":{"type":"MultiPolygon","coordinates":[[[[-60.21996752062693,20.220850101843194],[-60.13726260250288,20.10691534213441],[-60.14033433428335,20.090065862941014],[-60.11314508748968,19.992866992328814],[-60.06318040192586,19.918211930953348],[-60.0461031231943,19.886254921143394],[-60.04382438799214,19.76480423162199],[-60.043874892790306,19.757613427639743],[-60.04928119115187,19.738557515300396],[-60.057311297124,19.717701517459084],[-60.06006572510364,19.710867830626658],[-60.072254177955124,19.68604809117996],[-60.08891464225379,19.67021889044153],[-60.0947077356312,19.66985881723538],[-60.11379133974576,19.751143145873115],[-60.20010664562884,19.758692852409055],[-60.235906567494474,19.756895099993706],[-60.2588377558861,19.751501680361425],[-60.371094986510826,20.045242150949523],[-60.41673444693893,20.195421679553657],[-60.41578366268769,20.203300159110178],[-60.409287631548686,20.224789836753605],[-60.39399571604524,20.2434089498534],[-60.378668888066954,20.259162740396377],[-60.3531080125573,20.282429276225002],[-60.34314343651264,20.286725117312553],[-60.33687405697431,20.286365633417123],[-60.32342094627516,20.283502607172558],[-60.28110482677218,20.26238206076214],[-60.276141399417135,20.25951844231158],[-60.22487088133496,20.224431450156803],[-60.21996752062693,20.220850101843194]]]]}},{"type":"Feature","properties":{"NAME":"Unknown","ABBREVN":"Unknown","type":"Unknown","weblinks":"Unknown","SUBJECTO":"Unknown","BORDERPRECISION":1,"PARTOF":"Unknown","CONTINENT":"North America","INDEX":99},"geometry":{"type":"MultiPolygon","coordinates":[[[[-61.122821667754245,22.57086428150076],[-61.14097616248097,22.57226475434038],[-61.157879046807636,22.5862835670835],[-61.16127745564176,22.590489341006663],[-61.17597193751048,22.612911749135268],[-61.181885137339044,22.622018304472842],[-61.181731035041466,22.6290270624321],[-61.17871770920213,22.645486545774247],[-61.14039490117946,22.746997648301406],[-61.134887925374436,22.750148911964345],[-61.11040273153769,22.743850065427228],[-61.08975940050596,22.67209803069632],[-61.08875593576633,22.66579938840318],[-61.08681359778356,22.597847137221393],[-61.090102984385034,22.59224148553484],[-61.10231643130822,22.579276923919185],[-61.10676143373333,22.57577342244261],[-61.11704913199814,22.571215032352267],[-61.122821667754245,22.57086428150076]]]]}},{"type":"Feature","properties":{"NAME":"Unknown","ABBREVN":"Unknown","type":"Unknown","weblinks":"Unknown","SUBJECTO":"Unknown","BORDERPRECISION":1,"PARTOF":"Unknown","CONTINENT":"North America","INDEX":100},"geometry":{"type":"MultiPolygon","coordinates":[[[[-61.88629489819334,24.438346950198454],[-61.892084724495604,24.43765750685048],[-61.903047310894095,24.43697300957139],[-61.89248195994145,24.451066697006826],[-61.888711590092356,24.455536822758155],[-61.87305361122757,24.47375296224806],[-61.78216807806863,24.550708594679612],[-61.77769837927538,24.554141675513215],[-61.772761191238665,24.556891015384792],[-61.746133829259854,24.566162018083347],[-61.70231298914289,24.575775684713772],[-61.696057412477586,24.575775684713772],[-61.694225734670646,24.570282989572945],[-61.69450217621029,24.56307302316768],[-61.71567399380172,24.524950866758925],[-61.72309276433126,24.514643050021725],[-61.75236837177435,24.498840866235305],[-61.76247289742454,24.493688743047937],[-61.807374231354395,24.472035568163278],[-61.87529128358801,24.44178418852159],[-61.88629489819334,24.438346950198454]]]]}},{"type":"Feature","properties":{"NAME":"Unknown","ABBREVN":"Unknown","type":"Unknown","weblinks":"Unknown","SUBJECTO":"Unknown","BORDERPRECISION":1,"PARTOF":"Unknown","CONTINENT":"South America","INDEX":101},"geometry":{"type":"MultiPolygon","coordinates":[[[[-61.42163805392688,23.206719231304223],[-61.41979666010807,23.166661185363974],[-61.42019146476032,23.152377880921986],[-61.422938750319055,23.136346073164624],[-61.427801092569844,23.12100937252016],[-61.43468827388737,23.109855748965316],[-61.4384320174727,23.105321408623336],[-61.443592275526754,23.10288535476105],[-61.47557276685068,23.099743874322883],[-61.481809341928596,23.1000940482429],[-61.50020157920421,23.104278468591204],[-61.50581308056612,23.113340763105064],[-61.50929579290559,23.124493996165928],[-61.51134181425499,23.136346073164624],[-61.51140003677827,23.14366288996429],[-61.50922521072202,23.159344807672614],[-61.50575762423004,23.17432568235539],[-61.50089745945055,23.189652900551398],[-61.4871717728483,23.2244808417072],[-61.47628085689099,23.232140869024082],[-61.45931367675304,23.23527189585478],[-61.452808040551716,23.23492846540399],[-61.42703149094577,23.223089413280643],[-61.423645219871666,23.21890999625507],[-61.42204377863169,23.213337583686254],[-61.42163805392688,23.206719231304223]]]]}},{"type":"Feature","properties":{"NAME":"Unknown","ABBREVN":"Unknown","type":"Unknown","weblinks":"Unknown","SUBJECTO":"Unknown","BORDERPRECISION":1,"PARTOF":"Unknown","CONTINENT":"North America","INDEX":102},"geometry":{"type":"MultiPolygon","coordinates":[[[[-60.312185198369974,19.10765128492927],[-60.284986964230846,19.159690174460014],[-60.21005973813788,19.28319030455261],[-60.20026514557656,19.288964536804894],[-60.19419885963952,19.289327041420783],[-60.184173044154974,19.284273968309712],[-60.18065458284947,19.280303086542578],[-60.17957282010629,19.27669461824609],[-60.162503264233116,19.164023918311337],[-60.1570183859233,19.11560274267212],[-60.15844574597093,19.090661484323228],[-60.17611695218739,18.957198646108868],[-60.177564713894135,18.949237068847538],[-60.1839097460903,18.917384393716876],[-60.19868601554593,18.858364234429462],[-60.24245950012414,18.779387135012254],[-60.256153458966146,18.769239323365152],[-60.25950571696675,18.768515194087787],[-60.26031548215871,18.775761518993427],[-60.270793643264895,18.792794096366023],[-60.287250651524765,18.814172887909717],[-60.29522880331765,18.821056635825414],[-60.30143546502417,18.822504287935846],[-60.31442439022123,18.821419202508327],[-60.325701046874734,18.824678343264637],[-60.33769925589556,18.836271802507458],[-60.348024468519355,18.848224076887416],[-60.362930634307006,18.8717641047006],[-60.36729674106183,18.88262845038124],[-60.36843020981348,18.889144782091755],[-60.368355466277315,18.897110176682794],[-60.36632540946401,18.98216664846458],[-60.36536101834451,18.990848982461745],[-60.359228557225215,19.01291679356158],[-60.312185198369974,19.10765128492927]]]]}},{"type":"Feature","properties":{"NAME":"Unknown","ABBREVN":"Unknown","type":"Unknown","weblinks":"Unknown","SUBJECTO":"Unknown","BORDERPRECISION":1,"PARTOF":"Unknown","CONTINENT":"South America","INDEX":103},"geometry":{"type":"MultiPolygon","coordinates":[[[[-60.86108779832517,17.3000473998771],[-60.862675054226905,17.304810024045224],[-60.853722834256736,17.32240128843722],[-60.85032668149626,17.32753115784211],[-60.84469576116701,17.3293619831141],[-60.83286409087238,17.3293619831141],[-60.82002928597409,17.324232181644167],[-60.81468549961482,17.322033260147354],[-60.81111900422187,17.318003352251193],[-60.81376114429899,17.311772923151025],[-60.82614816324383,17.3000473998771],[-60.85338345869233,17.29235165572893],[-60.85782651397186,17.29564875327611],[-60.86108779832517,17.3000473998771]]]]}},{"type":"Feature","properties":{"NAME":"Unknown","ABBREVN":"Unknown","type":"Unknown","weblinks":"Unknown","SUBJECTO":"Unknown","BORDERPRECISION":1,"PARTOF":"Unknown","CONTINENT":"North America","INDEX":104},"geometry":{"type":"MultiPolygon","coordinates":[[[[-63.400143608515855,23.941578202285672],[-63.37304565871472,23.93777549849239],[-63.35374624886116,23.937434541864725],[-63.34055087975695,23.936048304204512],[-63.33447355563378,23.934319834259913],[-63.32960350085824,23.931557203936062],[-63.325981986067305,23.92740813059491],[-63.32621492061815,23.92049592674737],[-63.33045647546416,23.916692383433627],[-63.34392276720601,23.918073923545993],[-63.35575580733693,23.921877411868856],[-63.36093388645139,23.921877411868856],[-63.3658838861273,23.919109443218602],[-63.377501835133366,23.905283334818886],[-63.386215745963376,23.898017229582624],[-63.39582968695234,23.892484810190954],[-63.41221470627456,23.887298187729066],[-63.43741551156603,23.873809910666495],[-63.46093434044232,23.870698110960575],[-63.48330688694022,23.8655103081639],[-63.495143040674776,23.866892587442983],[-63.50701587214495,23.870351934116275],[-63.51265743542823,23.86862227639444],[-63.52674430891227,23.859629794540435],[-63.53211714523703,23.85789994326011],[-63.54558380270911,23.85928233231818],[-63.55722804991876,23.8575537201758],[-63.57334632243442,23.85236022384866],[-63.58451341664201,23.84994272348635],[-63.592829758843685,23.841289789741282],[-63.59820265685056,23.83956085321813],[-63.603381486310106,23.83956085321813],[-63.611873750194746,23.846483885663737],[-63.621489342175266,23.8409472435537],[-63.62755295777776,23.842677400693315],[-63.630906488035905,23.846825166531044],[-63.63627746682866,23.847518934476895],[-63.64075105993054,23.84406000923545],[-63.64612312245638,23.842331122640335],[-63.665623546354546,23.831258285263992],[-63.66496812428559,23.834717672068642],[-63.66072541990155,23.83852447287337],[-63.65711246080588,23.84406000923545],[-63.647049451733885,23.87312131384018],[-63.64323510374771,23.890067077328812],[-63.644833125281835,23.902514885603203],[-63.65068138320409,23.91842117237895],[-63.650689038605584,23.92568074878263],[-63.64824242460953,23.93293852908886],[-63.64415105153049,23.93777549849239],[-63.63994557694765,23.94123601492062],[-63.63656106038106,23.94711275697472],[-63.627136394001184,23.953330038173316],[-63.620919568382504,23.952984160449155],[-63.618970408201214,23.948493857043058],[-63.60308539899885,23.937087362149708],[-63.59700777653442,23.935360155412607],[-63.59094432024586,23.936048304204512],[-63.58584118061253,23.93777549849239],[-63.576854012597366,23.945038580850433],[-63.573317187496095,23.949874937120534],[-63.56884283795866,23.953330038173316],[-63.55268883581155,23.970955699548096],[-63.542381384232144,23.975449920799345],[-63.52938189485481,23.972336454345047],[-63.525992764231106,23.968536220609696],[-63.52354283709584,23.963699566543713],[-63.520415195585414,23.952642013984534],[-63.51750143626453,23.949529046869586],[-63.5121297669149,23.951255997206328],[-63.5002552304477,23.952642013984534],[-63.49507927560967,23.950222070320375],[-63.49017801304228,23.940542926207936],[-63.483436311108676,23.932592577457793],[-63.471320121714164,23.928789515760055],[-63.460379425539486,23.917034658745965],[-63.4536850018442,23.91599911659042],[-63.45049423035867,23.922570636065423],[-63.446690179413196,23.92740813059491],[-63.43684526991765,23.932592577457793],[-63.424324829001144,23.944691428792563],[-63.41895232349396,23.946419710939693],[-63.400143608515855,23.941578202285672]]]]}},{"type":"Feature","properties":{"NAME":"Unknown","ABBREVN":"Unknown","type":"Unknown","weblinks":"Unknown","SUBJECTO":"Unknown","BORDERPRECISION":1,"PARTOF":"Unknown","CONTINENT":"North America","INDEX":105},"geometry":{"type":"MultiPolygon","coordinates":[[[[-60.25199888864688,21.649969651045204],[-60.24577065685132,21.619912876270377],[-60.2458789444159,21.612838874895445],[-60.24762420993825,21.605766955649084],[-60.255320685114036,21.59656920113575],[-60.28557567475353,21.571095871538056],[-60.29416471620297,21.564021214935583],[-60.309320005401766,21.55694354706707],[-60.3204548785778,21.554819901501695],[-60.33923654114303,21.555881092535152],[-60.34621197089198,21.557297696256175],[-60.36741560619829,21.56755860117231],[-60.37146739808206,21.571095871538056],[-60.37745024971313,21.580295798313855],[-60.38518387026921,21.62946127717639],[-60.38476976086182,21.63688807428616],[-60.35998344066378,21.68567271062817],[-60.322291281747425,21.731961461022692],[-60.313387184380225,21.739383711489587],[-60.30818440554789,21.736555279215924],[-60.28752877199082,21.71182493414707],[-60.2570942629974,21.659869196684586],[-60.25199888864688,21.649969651045204]]]]}},{"type":"Feature","properties":{"NAME":"Unknown","ABBREVN":"Unknown","type":"Unknown","weblinks":"Unknown","SUBJECTO":"Unknown","BORDERPRECISION":1,"PARTOF":"Unknown","CONTINENT":"South America","INDEX":106},"geometry":{"type":"MultiPolygon","coordinates":[[[[-61.76844510397795,24.277296095003177],[-61.77426065836131,24.2642079372398],[-61.77759543116141,24.25869684926852],[-61.78699847756081,24.252494628473638],[-61.79190392422183,24.252494628473638],[-61.829268339068406,24.2642079372398],[-61.83529841372086,24.266275131889003],[-61.869286740844814,24.286249054856903],[-61.89035601690838,24.305869178713],[-61.89386434884444,24.31001160268449],[-61.89543307908763,24.315519676937],[-61.89520217046791,24.322403075019086],[-61.89054217316166,24.325159266860517],[-61.788710004931716,24.383662090512267],[-61.782912101253544,24.38435193326609],[-61.76389229675224,24.37918851613551],[-61.761431736803964,24.374374106278264],[-61.755634633646544,24.34099092650822],[-61.756787164025,24.333077909772],[-61.76331834673877,24.316621500804864],[-61.76485926181006,24.292449046071937],[-61.76844510397795,24.277296095003177]]]]}},{"type":"Feature","properties":{"NAME":"Unknown","ABBREVN":"Unknown","type":"Unknown","weblinks":"Unknown","SUBJECTO":"Unknown","BORDERPRECISION":1,"PARTOF":"Unknown","CONTINENT":"North America","INDEX":107},"geometry":{"type":"MultiPolygon","coordinates":[[[[-60.69908100363692,23.846483885663737],[-60.699151392449664,23.85858864949027],[-60.696271822634515,23.86516411257313],[-60.67141303414153,23.88868139753862],[-60.66648434819859,23.891449002149688],[-60.66025707420194,23.891102900329162],[-60.61250894556988,23.861012158648418],[-60.60941098503701,23.85686002483742],[-60.57575072984188,23.801837872177757],[-60.57326265040552,23.79699403452075],[-60.57167217110684,23.7914557847684],[-60.568012813191054,23.766868786420687],[-60.56772068522729,23.746437582132575],[-60.577712517834996,23.6698681108086],[-60.58014763124163,23.66224226943738],[-60.586218713517496,23.66154716614409],[-60.59785942009918,23.672638272573607],[-60.655745715243846,23.715606793078862],[-60.67392785939456,23.721497366180447],[-60.67881851335509,23.719075327764937],[-60.68260343943417,23.71422233774821],[-60.68749449644104,23.711796374906548],[-60.69265081944756,23.714570324334364],[-60.69495201601151,23.726349990430744],[-60.69908100363692,23.846483885663737]]]]}},{"type":"Feature","properties":{"NAME":"Unknown","ABBREVN":"Unknown","type":"Unknown","weblinks":"Unknown","SUBJECTO":"Unknown","BORDERPRECISION":1,"PARTOF":"Unknown","CONTINENT":"South America","INDEX":108},"geometry":{"type":"MultiPolygon","coordinates":[[[[-61.01504273815188,16.910675558698166],[-61.020647971948364,16.90920439944788],[-61.023898913565695,16.913981642433523],[-61.023108657613136,16.92133174716298],[-61.01880854780959,16.935663091585134],[-61.016174290732934,16.941908956232464],[-61.01141707784379,16.94705279176886],[-61.006662802942955,16.944113857950235],[-61.00547447638255,16.93749904986713],[-61.00638592855649,16.928312406615458],[-61.00852685413992,16.92133174716298],[-61.01504273815188,16.910675558698166]]]]}},{"type":"Feature","properties":{"NAME":"Unknown","ABBREVN":"Unknown","type":"Unknown","weblinks":"Unknown","SUBJECTO":"Unknown","BORDERPRECISION":1,"PARTOF":"Unknown","CONTINENT":"South America","INDEX":109},"geometry":{"type":"MultiPolygon","coordinates":[[[[-60.83698140117834,17.197763255644826],[-60.836370074144575,17.190795959548996],[-60.83671086627526,17.17428932732626],[-60.84680348380667,17.124761687246313],[-60.85018795946992,17.11962301616653],[-60.914652203800266,17.095036689356743],[-60.91822304073469,17.099074374502322],[-60.91908230959926,17.106412199735797],[-60.91530554834078,17.140539795460402],[-60.91314027390675,17.14787544847625],[-60.909747956825,17.153013082176255],[-60.84920457132042,17.219398338076324],[-60.84235349213163,17.21903399668442],[-60.84060876339591,17.216465098790177],[-60.83698140117834,17.197763255644826]]]]}},{"type":"Feature","properties":{"NAME":"Unknown","ABBREVN":"Unknown","type":"Unknown","weblinks":"Unknown","SUBJECTO":"Unknown","BORDERPRECISION":1,"PARTOF":"Unknown","CONTINENT":"North America","INDEX":110},"geometry":{"type":"MultiPolygon","coordinates":[[[[-61.55675928428536,23.33375706412511],[-61.57050033649717,23.343146439448727],[-61.57673384202677,23.343495753502495],[-61.58790432480511,23.341059293434906],[-61.60064837812022,23.341756683080824],[-61.621280075874566,23.345233541187678],[-61.63920635854114,23.351146547001548],[-61.652908049961326,23.360883514997358],[-61.69086521511147,23.3914789558853],[-61.69424536940588,23.3956460569342],[-61.711224792820616,23.44395147932858],[-61.71281617448633,23.449510854044163],[-61.70346523193262,23.46826781676278],[-61.695691327451975,23.47730173891033],[-61.68387705073525,23.488413880531866],[-61.66197560571172,23.499524757936207],[-61.65752368788947,23.49778970423123],[-61.58638263375369,23.446036438192817],[-61.582113220300556,23.442563149754154],[-61.558037702351584,23.407116558793003],[-61.49280052484569,23.288182278056407],[-61.49227317677843,23.274958905427713],[-61.494276492723344,23.266255945066483],[-61.49829191865214,23.261733761528955],[-61.52795192300905,23.24676108798087],[-61.532167071689074,23.28470340614569],[-61.53852632850152,23.307319516848583],[-61.54350570915675,23.317060820925793],[-61.55675928428536,23.33375706412511]]]]}},{"type":"Feature","properties":{"NAME":"Unknown","ABBREVN":"Unknown","type":"Unknown","weblinks":"Unknown","SUBJECTO":"Unknown","BORDERPRECISION":1,"PARTOF":"Unknown","CONTINENT":"South America","INDEX":111},"geometry":{"type":"MultiPolygon","coordinates":[[[[-60.707151706266615,17.49084842039785],[-60.70334445641731,17.478770533725466],[-60.70303865159182,17.471449764370554],[-60.7044484341752,17.4633998923142],[-60.7143789319259,17.44765719831188],[-60.721191303739715,17.437041127309406],[-60.72894122487959,17.428620173762667],[-60.733450692258415,17.427155779317374],[-60.737041306669546,17.43081739518629],[-60.747420404974804,17.443265895226396],[-60.74715781708411,17.446925763525776],[-60.72636513013923,17.487553359271196],[-60.72296762588641,17.492677072620236],[-60.719840259209114,17.494142084718426],[-60.707151706266615,17.49084842039785]]]]}},{"type":"Feature","properties":{"NAME":"Unknown","ABBREVN":"Unknown","type":"Unknown","weblinks":"Unknown","SUBJECTO":"Unknown","BORDERPRECISION":1,"PARTOF":"Unknown","CONTINENT":"South America","INDEX":112},"geometry":{"type":"MultiPolygon","coordinates":[[[[-60.56635737238653,17.883692391228877],[-60.585611888099244,17.842454266852982],[-60.589035040009264,17.83697845591773],[-60.6138088845024,17.806675447823437],[-60.621219697720896,17.81434483163084],[-60.62514382503591,17.824564737335336],[-60.597865380608866,17.870192566610687],[-60.57426691940187,17.895734144324948],[-60.567750397112654,17.89829026624892],[-60.56635737238653,17.883692391228877]]]]}},{"type":"Feature","properties":{"NAME":"Unknown","ABBREVN":"Unknown","type":"Unknown","weblinks":"Unknown","SUBJECTO":"Unknown","BORDERPRECISION":1,"PARTOF":"Unknown","CONTINENT":"North America","INDEX":113},"geometry":{"type":"MultiPolygon","coordinates":[[[[-60.62518210466536,18.168015121458716],[-60.610564418661994,18.197868676519512],[-60.545134380603116,18.321947939865606],[-60.54126113409268,18.32594776963831],[-60.5175960899538,18.34085799734022],[-60.51218030604975,18.343402868219755],[-60.47978885487525,18.335766796757543],[-60.477455510729605,18.330312746134965],[-60.464408223501856,18.273931218122165],[-60.46358450567424,18.26665389659594],[-60.46345082107749,18.24300241746566],[-60.47224311029724,18.166194355017204],[-60.47366572337423,18.158183469071947],[-60.48164936910822,18.128682783339247],[-60.504649387013394,18.05982518371548],[-60.52429090684725,18.021191488475598],[-60.527697110802194,18.016087858461358],[-60.53283223799993,18.01353793824476],[-60.54431969288134,18.010621808729276],[-60.60034308247142,18.044520799289895],[-60.61741130771256,18.073674352483245],[-60.63059587668636,18.106826689541585],[-60.63266205103973,18.11229269253197],[-60.62518210466536,18.168015121458716]]]]}},{"type":"Feature","properties":{"NAME":"Unknown","ABBREVN":"Unknown","type":"Unknown","weblinks":"Unknown","SUBJECTO":"Unknown","BORDERPRECISION":1,"PARTOF":"Unknown","CONTINENT":"South America","INDEX":114},"geometry":{"type":"MultiPolygon","coordinates":[[[[-63.46919515602928,24.642696306447885],[-63.46804584622155,24.650243373993142],[-63.45927215904344,24.657789823368198],[-63.418576580820805,24.68934459303376],[-63.413369197635305,24.692086203555114],[-63.40612370211272,24.69346006407704],[-63.38347137457111,24.691741809424286],[-63.346855039375136,24.667393950035475],[-63.343537730745496,24.663282251919235],[-63.33866323405213,24.65367769638781],[-63.34202398644068,24.648189634960154],[-63.34654368912849,24.644415476833156],[-63.38847125967135,24.613876905085974],[-63.45068275182386,24.624168729187826],[-63.45584350253798,24.626572583684883],[-63.46766879950982,24.637206355866706],[-63.46919515602928,24.642696306447885]]]]}},{"type":"Feature","properties":{"NAME":"Unknown","ABBREVN":"Unknown","type":"Unknown","weblinks":"Unknown","SUBJECTO":"Unknown","BORDERPRECISION":1,"PARTOF":"Unknown","CONTINENT":"North America","INDEX":115},"geometry":{"type":"MultiPolygon","coordinates":[[[[-63.652170976607586,24.662594481485048],[-63.68368773247291,24.66533565444325],[-63.68974857852645,24.667054402342664],[-63.69644666703888,24.67493899395988],[-63.69640814470445,24.68214516179088],[-63.69304396007041,24.68763119925309],[-63.64498627207988,24.700659843707854],[-63.61923799455778,24.69757164796664],[-63.57559810976765,24.684541331363455],[-63.52358839197066,24.652302006922984],[-63.51274850723482,24.640297812578115],[-63.51093827487235,24.634808954304987],[-63.51303094141222,24.626227944466557],[-63.516391802507705,24.620738248699528],[-63.52218244105204,24.620050160733868],[-63.558113716356964,24.617652313202807],[-63.565393989122576,24.625201430778386],[-63.59846688703678,24.64956044600971],[-63.60358681172728,24.652302006922984],[-63.652170976607586,24.662594481485048]]]]}},{"type":"Feature","properties":{"NAME":"Unknown","ABBREVN":"Unknown","type":"Unknown","weblinks":"Unknown","SUBJECTO":"Unknown","BORDERPRECISION":1,"PARTOF":"Unknown","CONTINENT":"South America","INDEX":116},"geometry":{"type":"MultiPolygon","coordinates":[[[[-60.100391300863535,22.107204792538273],[-60.096405265076434,22.111778569194787],[-60.07190855493139,22.133602963923977],[-60.05884259448079,22.14451155674582],[-60.035743171118554,22.160346631900897],[-60.031098059910505,22.163163757409873],[-60.02546598883058,22.164923155674863],[-60.01251346573272,22.163163757409873],[-59.99973812494258,22.159641071952464],[-60.002560237181356,22.152958917352116],[-60.01115840803941,22.14592287587229],[-60.05179014030046,22.115297795522807],[-60.09740111537465,22.095586326025604],[-60.102284372398934,22.095934886058927],[-60.10277616989193,22.10227340680462],[-60.100391300863535,22.107204792538273]]]]}},{"type":"Feature","properties":{"NAME":"Unknown","ABBREVN":"Unknown","type":"Unknown","weblinks":"Unknown","SUBJECTO":"Unknown","BORDERPRECISION":1,"PARTOF":"Unknown","CONTINENT":"North America","INDEX":117},"geometry":{"type":"MultiPolygon","coordinates":[[[[-60.30024190733252,22.13500936197807],[-60.28834394027653,22.130785042910155],[-60.278502832142195,22.1251540420952],[-60.27076928030416,22.117410288421976],[-60.2227174532524,22.05966576757024],[-60.24438252400232,22.041700251711497],[-60.47595564128771,21.975104250817157],[-60.48801670105197,21.974750214871854],[-60.4949855880798,21.976158737948094],[-60.51793042566986,21.984973635548915],[-60.52805396637089,21.990612144898126],[-60.538666804493104,22.002594880257327],[-60.54954901457261,22.014577523292612],[-60.563475766043105,22.011869306264103],[-60.580043739300244,22.01006674949223],[-60.58330457278002,22.008586371944986],[-60.585429648004684,22.005203117490925],[-60.59982723323123,21.98039053890968],[-60.600836908487345,21.97263485710424],[-60.600961008137546,21.96558674288458],[-60.600119847019414,21.931388980425226],[-60.599390608066564,21.924685975036155],[-60.59395222928104,21.901408781627197],[-60.5901821392117,21.817075273990135],[-60.59004896528426,21.789535258523262],[-60.59907664707746,21.7634007512732],[-60.602613305657584,21.757750168441735],[-60.61406745293797,21.743619861159665],[-60.651123642547255,21.707231327162077],[-60.69479241096484,21.676130574248774],[-60.73298262476789,21.653859321562088],[-60.73861673814773,21.652091422664917],[-60.742664519149564,21.65562591862842],[-60.77597326345791,21.740441810821387],[-60.79182773696696,21.78105880350956],[-60.79512986163394,21.79235847537134],[-60.80468410669703,22.027611509395246],[-60.80416010525274,22.05579091292023],[-60.796480836751236,22.110018278092806],[-60.783445047056176,22.143105286273137],[-60.757732324071895,22.16597700713077],[-60.74492355177278,22.176886025682684],[-60.739559033129524,22.178645193081195],[-60.72794746338452,22.18005098591759],[-60.72408764821971,22.17758640329123],[-60.658755012822084,22.132543718331437],[-60.618366267947216,22.080794906975964],[-60.61955656211528,22.074106458466236],[-60.616411319449014,22.06987968717859],[-60.5917092515677,22.06966035697543],[-60.56734041462927,22.08141352892231],[-60.56608700286555,22.08207905051461],[-60.550828140580826,22.08886079206005],[-60.501436036257694,22.162811620869974],[-60.519233673854615,22.219094070297345],[-60.52303441544301,22.25038357894474],[-60.52440670727765,22.270070935889347],[-60.524237794083156,22.277450362013727],[-60.52102588070597,22.293618230272994],[-60.51446990371944,22.304863024371286],[-60.49264862431005,22.335427426429675],[-60.453407983253854,22.368090235240636],[-60.44896836547905,22.371605870411244],[-60.44315984386274,22.37230493788887],[-60.43974826204645,22.370901741613228],[-60.42127005384851,22.352989723664123],[-60.396141280022185,22.324890390180148],[-60.3936092546051,22.319970547935554],[-60.39200546603062,22.313996862889038],[-60.387039298743886,22.269369913790193],[-60.386729374358005,22.25566107214126],[-60.39736433725526,22.227530339844066],[-60.39903789507136,22.21874085625247],[-60.398282298860956,22.212409386588753],[-60.395270100555486,22.201155868433073],[-60.3775772896834,22.166329133014823],[-60.371626059514185,22.1571823420272],[-60.36389527242281,22.149440955724295],[-60.35289244048397,22.14451155674582],[-60.346467359368916,22.143105286273137],[-60.34066500480567,22.143810957690754],[-60.30024190733252,22.13500936197807]]]]}},{"type":"Feature","properties":{"NAME":"Unknown","ABBREVN":"Unknown","type":"Unknown","weblinks":"Unknown","SUBJECTO":"Unknown","BORDERPRECISION":1,"PARTOF":"Unknown","CONTINENT":"South America","INDEX":118},"geometry":{"type":"MultiPolygon","coordinates":[[[[-61.622134521824776,24.083190423834694],[-61.62548755015203,24.087332708612],[-61.645832063371564,24.1252869322861],[-61.64767775838365,24.130807068877306],[-61.64742649521849,24.1380491979597],[-61.64273739406803,24.145983609711926],[-61.63693960039373,24.14667023405139],[-61.58795040469356,24.131493803487622],[-61.568286509662784,24.124595184913176],[-61.56760801729099,24.118384134912215],[-61.56961325502052,24.11251921788744],[-61.59173762274678,24.094578165442165],[-61.61679438568483,24.08215171815437],[-61.622134521824776,24.083190423834694]]]]}},{"type":"Feature","properties":{"NAME":"Unknown","ABBREVN":"Unknown","type":"Unknown","weblinks":"Unknown","SUBJECTO":"Unknown","BORDERPRECISION":1,"PARTOF":"Unknown","CONTINENT":"South America","INDEX":119},"geometry":{"type":"MultiPolygon","coordinates":[[[[-61.807284993720565,23.558536949820688],[-61.81154911523213,23.562006113320255],[-61.81375542588265,23.56686673174197],[-61.82596143598972,23.598087070042695],[-61.827545814993876,23.60363766199171],[-61.82537882992212,23.628955323719538],[-61.82319814907667,23.636585034238717],[-61.81755385163268,23.638317613889576],[-61.81267737923146,23.63554647020717],[-61.77364127627834,23.602945884487468],[-61.77026796004292,23.59878262842364],[-61.768682741539244,23.59323300780217],[-61.77402228039555,23.5790078476121],[-61.78227184802783,23.570682852798587],[-61.78673179327569,23.56720900206663],[-61.79628091395529,23.562006113320255],[-61.807284993720565,23.558536949820688]]]]}},{"type":"Feature","properties":{"NAME":"Unknown","ABBREVN":"Unknown","type":"Unknown","weblinks":"Unknown","SUBJECTO":"Unknown","BORDERPRECISION":1,"PARTOF":"Unknown","CONTINENT":"Asia","INDEX":120},"geometry":{"type":"MultiPolygon","coordinates":[[[[129.42980226917544,49.65145129266831],[129.40762438177387,49.64152585201321],[129.39935900599363,49.63883923181526],[129.386702582753,49.63491418648697],[129.38143201303558,49.63428949504406],[129.3748990771626,49.63511893937374],[129.29032405706207,49.675422399743454],[129.29086481362293,49.67893304154748],[129.32867343947717,49.69813137827493],[129.33256958912983,49.6995770689654],[129.33897019434448,49.6995770689654],[129.36005375755755,49.691306080675076],[129.398348259246,49.68904994275942],[129.40698254444993,49.68760372155329],[129.41363335370082,49.68450814709703],[129.4305275186314,49.65476099607852],[129.42980226917544,49.65145129266831]]],[[[129.71375600661202,49.93795174034263],[129.72652405926692,49.93260577320604],[129.76932965647526,49.91727177777888],[129.76492430395592,49.88531090743785],[129.73687149572726,49.858236112371216],[129.72794649190308,49.852283228527654],[129.6761621971841,49.81962846202819],[129.6674816269747,49.8171619562109],[129.6622204572417,49.81654714602292],[129.65471998305148,49.8171619562109],[129.64494927667087,49.81921640617659],[129.58272552727345,49.837700529573546],[129.57704848355647,49.84098875672183],[129.53578656094462,49.88264784384834],[129.53269485517697,49.88674714567155],[129.53224874750802,49.89063776098533],[129.53523218643718,49.89268690894093],[129.64592434403767,49.93344869946258],[129.68697555490726,49.94306541815049],[129.69472038628567,49.942244875810566],[129.71375600661202,49.93795174034263]]],[[[128.8180144090688,50.343060847362814],[128.83207754986233,50.34225776530884],[128.92682710245674,50.34326560777138],[128.94181231084852,50.345686312699215],[128.96267021279309,50.3521334729961],[128.9716867963842,50.3579811497125],[129.00138671726117,50.35495766997519],[129.01695123429008,50.326314738231886],[129.02238732522744,50.31299181797416],[129.02149513171412,50.309758410059516],[129.01229451877637,50.29663190076143],[128.90729308665306,50.24830802802191],[128.81398414817855,50.23251137246136],[128.7926151048028,50.230086602621135],[128.7780825597316,50.22745527691454],[128.7653459009164,50.22360517512893],[128.75420184411414,50.2189486115472],[128.74537013246606,50.21306571533761],[128.7414904772653,50.207800326843426],[128.6924900155227,50.12884053618905],[128.6911277628978,50.12233628894129],[128.68298981575785,50.0474236652908],[128.68199766950588,50.03682351757445],[128.6816868134369,50.02947990257304],[128.68280249185537,50.02152325915719],[128.68433525196633,50.01682709439024],[128.70055051050272,49.99620995277235],[128.70288335508275,49.99191912807386],[128.70619452106237,49.98252644419658],[128.70434059134294,49.97987177525881],[128.698396676925,49.97598825624908],[128.6670080341408,49.960654948266466],[128.6576324359149,49.95861071268885],[128.6510024472831,49.95861071268885],[128.63488562451496,49.960654948266466],[128.62097585271346,49.96127253303027],[128.59820628882676,49.931200594709054],[128.5986357980204,49.92730964743968],[128.60344851040918,49.9131768860051],[128.60575706242255,49.90887860386173],[128.6121560127768,49.90068506501671],[128.63590464160671,49.87711129689397],[128.6440803890138,49.86931474697724],[128.67326604203905,49.84263568451682],[128.72113272217197,49.78528681488357],[128.7234204344848,49.780969162866356],[128.72288255438048,49.777471008201594],[128.71876874944434,49.776238180678675],[128.71281498929457,49.777471008201594],[128.56819323064656,49.826406184314955],[128.54031788541334,49.84345319944487],[128.45467845628352,49.90949141990124],[128.45213216307658,49.913789609115206],[128.46987871734444,49.957998222975576],[128.47287138444312,49.960042502849646],[128.5077597866643,49.98068607681234],[128.5458158484458,50.02192650662992],[128.55248760937732,50.029277966477714],[128.57968009208705,50.07289259658024],[128.58036288545352,50.07614771625967],[128.5788472673135,50.08083398591895],[128.57628584726862,50.08531354233387],[128.57238049098817,50.08898050028376],[128.5672409293612,50.092642583063046],[128.55434705548308,50.10383102756249],[128.5460612152789,50.116646029155234],[128.54565099621325,50.12071145488646],[128.5441194355057,50.14368092294432],[128.5518871870777,50.20860730836161],[128.55303173539363,50.215297933834954],[128.55484819134136,50.21793551439628],[128.56279939314408,50.22441753259261],[128.56871299256028,50.228467298618035],[128.57188977506684,50.230286366149876],[128.580081684577,50.23291742420733],[128.58734455480246,50.23615979361126],[128.5932534039622,50.24020785122744],[128.59688117987807,50.24547294307072],[128.58659784126928,50.28288938223372],[128.5669689478036,50.33579740705819],[128.55017444590047,50.373302475505135],[128.54852734814543,50.37772868138579],[128.54806255740974,50.38175683269107],[128.55023392972282,50.39142489589115],[128.55920943337446,50.40491435516702],[128.56333727287398,50.40632415332003],[128.57513712443352,50.40692688159364],[128.58899909825834,50.40448328737354],[128.59674674386585,50.40592063675768],[128.6042508181095,50.40531788646827],[128.61311782900012,50.40390876132555],[128.62213600112403,50.4016974849796],[128.6303893090924,50.399275890352385],[128.6757756706266,50.38296770109993],[128.6907335902636,50.37732474610511],[128.71865682820132,50.36584166432723],[128.73539440894353,50.36080474902935],[128.77169384510367,50.351933859358695],[128.80049102095242,50.345686312699215],[128.8180144090688,50.343060847362814]]],[[[130.05089069643628,50.980189594395526],[130.0337822244922,50.964227279094395],[130.02232411195322,50.952199034629864],[130.017261683798,50.94391559425317],[130.01238858674589,50.94076202748517],[130.000360872465,50.9364153189864],[129.9865228025385,50.93385128874984],[129.94456997850062,50.927139880964475],[129.92265576867015,50.92378318937087],[129.91506449596298,50.92338729513008],[129.8807187764857,50.91706925209676],[129.86956014145375,50.911737419420305],[129.8550249158212,50.901459675590935],[129.84564959185602,50.89434949976842],[129.7740503882062,50.828451926604295],[129.77001014523833,50.82428884877415],[129.7674348308164,50.82013012071152],[129.7590660905969,50.80347235418498],[129.7581966634724,50.79931112074823],[129.75900041794998,50.79494641822573],[129.76173768874398,50.79038600523244],[129.76505953255742,50.78164871184837],[129.76914053386938,50.76795625647317],[129.76138810997935,50.76080494243242],[129.75914707284957,50.75961573291071],[129.74524747534474,50.752260491306735],[129.72324872760467,50.741523706042955],[129.71740216362787,50.739137810179855],[129.70552107222994,50.73476908526783],[129.65150499742234,50.71547426796017],[129.6430218210336,50.715873235138275],[129.63341191783906,50.71746331516886],[129.62337213823272,50.7196491645288],[129.6122526056755,50.72303072366113],[129.60104697692228,50.72800776415046],[129.58251182273418,50.737750830861444],[129.5724994717222,50.73993432493989],[129.5468275093746,50.741523706042955],[129.53139024792995,50.74073153183251],[129.5171054473455,50.73894100372375],[129.51034935283838,50.73754828870832],[129.50453782057045,50.7353646017992],[129.498911655364,50.72781087662975],[129.5015134917515,50.7146763159539],[129.50399498952837,50.71030435335129],[129.5125778171777,50.701146947469276],[129.52014458541169,50.69636781606039],[129.53911340047043,50.69338222281991],[129.54913083803328,50.691188516051405],[129.56201469167306,50.68601396229389],[129.56458398764153,50.6251926377001],[129.5629520711854,50.61660531185682],[129.56055757602786,50.61241452949496],[129.55647396571703,50.60822310181577],[129.55149487951306,50.60502426825744],[129.54540016479652,50.602824132928205],[129.53217236926585,50.60002533847158],[129.52721157522097,50.59683057782324],[129.47619414189654,50.544423685748455],[129.45549286801347,50.520386565691986],[129.4576819400677,50.5113634995578],[129.46984816010223,50.47586004873063],[129.48046124515707,50.45758925348434],[129.48144169318803,50.444527829173815],[129.47656732511402,50.43608765401253],[129.47240742311888,50.43186912797566],[129.4609109977927,50.42724168353932],[129.45413337142853,50.4258387474876],[129.4323830451622,50.42362416364966],[129.40297147757266,50.420806990236144],[129.38707873451912,50.420806990236144],[129.37968756918954,50.420204565695755],[129.35412757401872,50.412557986654384],[129.3451923497078,50.40511938168348],[129.34317440974704,50.39202722527393],[129.34598088672777,50.37853653420862],[129.35366631219497,50.36503924409542],[129.35770641489685,50.35999637717004],[129.36273575987505,50.35092633288662],[129.3648329715095,50.34185331099462],[129.3640902670307,50.337614535349196],[129.3601484958356,50.33337583635199],[129.34858109914273,50.3287369269729],[129.33388614295018,50.326519622631594],[129.31143885784707,50.32490666186032],[129.29404069838773,50.32671941978761],[129.27208829920417,50.33317608725317],[129.25927623264698,50.33841847847847],[129.2363114417194,50.35273738620279],[129.2209503060974,50.369472578304034],[129.21808727872443,50.374104655601826],[129.216231128245,50.38296770109993],[129.2372363904403,50.43910224803298],[129.28120434456574,50.451564512679376],[129.32395969930715,50.48609609129167],[129.3263938874023,50.4903062959408],[129.3307858111533,50.51637363474814],[129.3288502411958,50.52519668980722],[129.32519556549218,50.53420942764783],[129.32275258455542,50.5386155515129],[129.3183991257974,50.543219195864545],[129.30648359419303,50.55263240916065],[129.2987176265633,50.557431820010734],[129.28756172354477,50.56243352096447],[129.27755428147935,50.564636917824195],[129.19651612679124,50.61181630721163],[129.26389388669517,50.642157338770915],[129.30495561402856,50.67086678300504],[129.34234882463295,50.70254153800132],[129.37428804744164,50.741523706042955],[129.37520590063966,50.74569959002532],[129.36999528473555,50.75464522813635],[129.34043210503663,50.7909795811587],[129.4039291284996,50.80030222097381],[129.41150594430223,50.80069993609371],[129.41820765937777,50.80208368187219],[129.4242703778638,50.80426768487673],[129.44780893172234,50.81339017437403],[129.45015173147772,50.81755493987133],[129.44933288305555,50.82191026919573],[129.44157202119615,50.83518809820543],[129.43889748235222,50.848259082272286],[129.4384923579862,50.8569690624464],[129.43854523330737,50.86548104489291],[129.44246077540035,50.88684028789905],[129.44505816531182,50.89098869038829],[129.4493196020132,50.89494149362694],[129.46004055375832,50.90047230363938],[129.50087142105036,50.908378793229645],[129.5156611534094,50.909800376308695],[129.52900073259744,50.912724375685414],[129.5348077181204,50.914894413669074],[129.53589203616588,50.91904344552422],[129.53144924120932,50.92358275531774],[129.52383719982515,50.92832169423329],[129.4636420671377,50.96619798835627],[129.40681515494495,51.00382070972243],[129.39473575166195,51.0130695030575],[129.39195545287103,51.01759778690617],[129.3902492583253,51.0262477592704],[129.39022594227907,51.03470593299904],[129.39759991635742,51.047091005925786],[129.40855904366805,51.059270177498426],[129.4152461436238,51.060646251060014],[129.4239341525414,51.060057928248185],[129.43418538239868,51.05770026328728],[129.5322639489098,51.00066855516441],[129.54775111123357,50.99122119351766],[129.5581580405039,50.98195912754684],[129.56357524097632,50.97703464005247],[129.58096957312696,50.958904145753586],[129.58861723258178,50.95417063291537],[129.6006637910416,50.95002705496839],[129.6323153376374,50.94213856257996],[129.65281742559975,50.93740136426949],[129.66976841550053,50.9364153189864],[129.67757306074753,50.936811020206676],[129.86649519762645,50.95002705496839],[129.8724963202367,50.952199034629864],[129.88119984144794,50.96008526333631],[129.88372961922994,50.964227279094395],[129.88647092967443,50.97684028037677],[129.88367310124633,50.98984151870179],[129.88534602147982,50.99830561165196],[129.89413012719288,51.03864243976791],[129.91835571370035,51.077925235430286],[129.92528939319456,51.08597346096304],[129.9987291146622,51.129502055490335],[130.01251437001505,51.132047262003546],[130.05296363219375,51.130282780838854],[130.06165279685536,51.12969600477405],[130.0806089763398,51.126757696722855],[130.09113697640416,51.12441161159501],[130.1490867805207,51.106570033973405],[130.1620757242454,51.10146952121817],[130.17312537182633,51.09656716013375],[130.18079836855395,51.09185811743465],[130.25264457522835,51.019759304664696],[130.26117390381398,51.01071332871327],[130.2635221844526,51.00637801747154],[130.26295201528208,51.002047668746336],[130.26021460310045,50.99811069842344],[130.24020654410234,50.98491848877397],[130.23421824979755,50.98274917372191],[130.2203978700146,50.980189594395526],[130.18937157310816,50.97881005714204],[130.18091666812927,50.9793994722891],[130.15413183014505,50.98195912754684],[130.14453438627032,50.98353919645977],[130.12671270175971,50.985508477859554],[130.09233990613447,50.98767756812967],[130.0691667997695,50.986693380387806],[130.06223768124624,50.98531347089429],[130.05089069643628,50.980189594395526]]],[[[130.7600575727354,51.20540202678657],[130.68169822471037,51.17530146622312],[130.67574646497334,51.17315262256386],[130.66770557671757,51.172959696827256],[130.59601606064172,51.171783100877605],[130.5908097231083,51.17373843219576],[130.58988454609485,51.178040776331876],[130.59257793512634,51.18214392802822],[130.59784150484657,51.18508099472674],[130.60600461004543,51.18761520933296],[130.6084378307153,51.19114271674126],[130.5899600538478,51.2563391151496],[130.57784778597627,51.31885305448755],[130.57056808713932,51.35694079038897],[130.5698314929834,51.361218727074906],[130.57339593736015,51.36432239534407],[130.67448573506869,51.41165633350124],[130.66289489889078,51.445738730594414],[130.66673926552033,51.47051114482828],[130.67843135168948,51.48210741970588],[130.68270745062503,51.48597168869992],[130.71289082074733,51.51050402686216],[130.72891645405372,51.52266593045774],[130.8551850033273,51.612243665805615],[130.86222674690566,51.61339563701663],[130.9352857613568,51.613970910950094],[131.00701332533075,51.59896733988555],[131.014398066717,51.576058326323505],[131.00556004045805,51.54793032739726],[130.96268368616145,51.50045859359061],[130.93239532099759,51.482686331519304],[130.92784381769778,51.47901224806936],[130.92601387638294,51.470701883053366],[130.9265539262443,51.4666389939292],[130.9341997083647,51.45368026939787],[130.9459781543948,51.4362585048791],[130.95207782107997,51.431610163886376],[130.96474565647134,51.41824537553091],[130.96457956085962,51.41495141248464],[130.9571222278547,51.39556492681937],[130.9203822722713,51.35888234346097],[130.90336528306196,51.344316816367],[130.8946811990902,51.34489881039842],[130.86604680134533,51.34936546162477],[130.85804895287137,51.34917313022319],[130.81426280792073,51.310678302179475],[130.80991855269733,51.30678716508409],[130.79166075247036,51.27972441139098],[130.78805483348714,51.26316049339533],[130.7680167533409,51.212434924007134],[130.7653497900027,51.2085298664027],[130.7600575727354,51.20540202678657]]],[[[131.1229916585354,51.77040476625498],[131.1217071785123,51.76657835947694],[131.06799625130193,51.77116640077757],[131.05909144233107,51.7719328283491],[131.04950063816727,51.776703560366634],[131.05493413558182,51.788933449071486],[131.06123933465318,51.79084263350246],[131.06922368493235,51.791225553078355],[131.07812786862502,51.79045970814311],[131.11375527819905,51.777286167989445],[131.11877259208313,51.77479812680259],[131.1229916585354,51.77040476625498]]],[[[130.80297622300475,51.95473563229478],[130.8036304633854,51.950748523116715],[130.79803404043017,51.94790312823706],[130.7884028446702,51.94941980141855],[130.77522927923042,51.95435518681682],[130.76568623005267,51.95909702419542],[130.75781364738705,51.963644740033025],[130.76055362802447,51.967603176349186],[130.76317093807913,51.96819709270592],[130.77140014140946,51.96838960050624],[130.78101114231532,51.96686929475497],[130.79058545549347,51.963837282780844],[130.80297622300475,51.95473563229478]]],[[[131.65639241548052,52.40819685961492],[131.66283740457698,52.41005908690074],[131.67124570494053,52.41005908690074],[131.70505206117252,52.40968557990236],[131.72506848789226,52.40651892267162],[131.73739571441982,52.40241949607832],[131.77369609425574,52.38769693110304],[131.7850755548733,52.38284718255017],[131.79478224279606,52.378185817736124],[131.80086591973907,52.373713616530225],[131.8019565269812,52.36736987960667],[131.7996983756746,52.35952743105441],[131.79377488075139,52.356912722638235],[131.7195824564498,52.356938259563925],[131.69084007938017,52.365688462987016],[131.67757050024406,52.370541618032746],[131.66617820743804,52.37538910910745],[131.65401503015366,52.384337450003684],[131.65152081671172,52.38844461286628],[131.64822164549653,52.397762538069024],[131.64935452334916,52.40167224232374],[131.650956467999,52.4054029166706],[131.65639241548052,52.40819685961492]]],[[[131.82489759411294,52.696330478768225],[131.83575595468113,52.69393946526367],[131.8491317271763,52.688968467813524],[131.8608249189471,52.683996438220646],[131.8801230834143,52.67478352347481],[131.88798021227086,52.67017805952512],[131.90030393790937,52.66133478721939],[131.90429077925154,52.65727898216925],[131.92475350429294,52.63144871688234],[131.91983529182244,52.6279454304559],[131.90734426631482,52.62351375953376],[131.88818028530326,52.61741788101717],[131.8808115342614,52.61649439020639],[131.87164970995534,52.61722972845741],[131.86020818975473,52.622038126966785],[131.85046969312666,52.626652833377435],[131.83119241142597,52.637521110656856],[131.8095339808768,52.66962677734411],[131.8063196303743,52.677733527121475],[131.80551644614584,52.68546826652665],[131.80740088678743,52.69706867581338],[131.814784944866,52.69798907093719],[131.82489759411294,52.696330478768225]]],[[[131.62470869036187,52.906713340845705],[131.6304867285968,52.90945477116532],[131.63784341921354,52.91036632143909],[131.65502078085308,52.91036632143909],[131.66415005176898,52.90963471975761],[131.67400834717543,52.90817670263678],[131.69599779137303,52.90325030297829],[131.74309465396388,52.890110839998634],[131.7559880914799,52.885907771095724],[131.76453526317965,52.88225626603603],[131.80300217811035,52.855940747410784],[131.8031365919313,52.8489946671287],[131.7589894659855,52.85426876559354],[131.74937219432937,52.85356504976915],[131.7402728511686,52.85429378036438],[131.73041370661994,52.85575512375753],[131.64796265032575,52.87878503829596],[131.63700733615403,52.88280330450956],[131.62912000048996,52.887187045102245],[131.62606636413958,52.89522003931292],[131.62323470702032,52.90306505029738],[131.62470869036187,52.906713340845705]]],[[[131.74987479580128,53.41028337944077],[131.75582795679443,53.41278410206949],[131.77109822007444,53.4145686959204],[131.7876314991055,53.41528455066119],[131.8151002489753,53.413676095125844],[131.82545606518377,53.41206816887276],[131.83794825147888,53.4081404193976],[131.84598623363343,53.403677094633046],[131.85460119304773,53.39545980144911],[131.85917933309648,53.38759726685186],[131.86563162884022,53.3647121568123],[131.84254138658818,53.3052417187827],[131.83930883776196,53.301655311182444],[131.82920753208535,53.29501762546108],[131.82276557509886,53.292681675808254],[131.8152303995306,53.29178431350175],[131.8058560519371,53.29250401506373],[131.77932382758365,53.30002464738004],[131.77354944430718,53.30058134640058],[131.76579139431396,53.3048872356414],[131.75971205960153,53.30918715383475],[131.7511196363893,53.31744061268248],[131.74412094813658,53.32926408831729],[131.74508484807706,53.403324131392004],[131.74665408387278,53.40688951648915],[131.74987479580128,53.41028337944077]]],[[[131.5903202943812,53.44739327757084],[131.59924593615622,53.443647461755944],[131.60751470181864,53.43919172475654],[131.6197421635603,53.430628897310385],[131.6184172963776,53.427062082962316],[131.6047106281983,53.423671357963265],[131.57290663382832,53.42117182864631],[131.56359227774658,53.42188747618599],[131.55296275704342,53.42354352952157],[131.522989500403,53.4343717181357],[131.5133095231851,53.43883417537754],[131.50527868185338,53.44328998232669],[131.4966506990147,53.45148556822266],[131.49604606992048,53.45522945296121],[131.5022038789932,53.45772524771077],[131.5501464128848,53.45291493755731],[131.5903202943812,53.44739327757084]]],[[[131.9612186420908,53.54237535619816],[131.96163306103128,53.538645826259994],[131.95847651673654,53.53509593896532],[131.9281641832954,53.51928981884692],[131.92122267252606,53.5176887051903],[131.91190919956608,53.51840132028921],[131.90071280187783,53.520890179730536],[131.88875690843628,53.52408608565602],[131.86494327342675,53.53367685088623],[131.78585264886775,53.57004514140816],[131.78161553442874,53.57412492024169],[131.7792778839711,53.578024047626926],[131.7853378069122,53.57891020597125],[131.795046878861,53.57812166072707],[131.79770031760947,53.57855485363779],[131.81577744222704,53.57784923618277],[131.82537356131226,53.57695856998445],[131.89486777645106,53.568097206531995],[131.9164201218675,53.56402080684618],[131.92917666020668,53.55993920164567],[131.94110720819629,53.55514989297645],[131.95108983846043,53.55053523214136],[131.9569885685146,53.54645566228073],[131.9612186420908,53.54237535619816]]],[[[131.6641857956639,53.83423688037976],[131.65220087481543,53.83896682855941],[131.64406002945316,53.843343968879196],[131.64357751176092,53.84701866114155],[131.6576022113147,53.875019953183866],[131.69611496125708,53.87309843475867],[131.73544785346297,53.86889531791763],[131.74556717086617,53.867324060062806],[131.75180207757126,53.86312425459226],[131.79827295998146,53.81898696353815],[131.80041563542673,53.81530762111254],[131.7981785065207,53.812499573858915],[131.78686287424566,53.80688746550337],[131.78326896413108,53.80355286799683],[131.78182575918916,53.80004468471248],[131.78254691164358,53.792674685177886],[131.8085395536079,53.76122825053144],[131.8171383910833,53.75314019388773],[131.8295446732245,53.74470153739339],[131.8390731746644,53.74030429420952],[131.85104910958387,53.73554887481583],[131.89235376289844,53.72094181339667],[131.90237518669858,53.71636107818243],[131.9459124613943,53.6913365543929],[131.96319310436863,53.66787461580623],[131.96556311714824,53.66399103354196],[131.96408629003142,53.66046020947517],[131.95878620605862,53.6572835819629],[131.9203889318758,53.639261682530204],[131.9145990599182,53.63819909909976],[131.90502981900238,53.6390873459407],[131.8334344122673,53.649686332046684],[131.79130618809356,53.65652702440855],[131.74292531384324,53.69239217971596],[131.7262838114213,53.704907351299155],[131.72198577419806,53.70896334823363],[131.71963906793945,53.71283913817926],[131.7065917897499,53.74030429420952],[131.70795888732576,53.77686564732966],[131.6641857956639,53.83423688037976]]],[[[131.14647655251818,53.99814201174276],[131.15576052762322,53.997444577746656],[131.18002591455695,53.99100948278035],[131.19031395430733,53.98648431129088],[131.1984713178376,53.98213488227688],[131.2111957749173,53.97029691127929],[131.23787877634135,53.938930232278636],[131.2356741958679,53.936142245984264],[131.22774059109642,53.935443467641285],[131.21819395113874,53.936142245984264],[131.18603083693205,53.9417222589524],[131.17484911030255,53.94416436400807],[131.14526994452146,53.956887666759776],[131.11089983587735,53.985786506232245],[131.1065786779033,53.98979075341507],[131.10772560614413,53.993446112047515],[131.11924058576676,53.99900657369377],[131.12797488697612,53.99900657369377],[131.14647655251818,53.99814201174276]]],[[[131.73033644769782,52.22157812316073],[131.7147029731948,52.1949099844022],[131.71363435300194,52.13723021775111],[131.71391659565418,52.10172281241153],[131.7144033221535,52.09775977255325],[131.71682044530178,52.0936093121347],[131.7209358565839,52.0892659027852],[131.72597695599973,52.08077456956596],[131.72645276398237,52.076812949823825],[131.66123520263335,52.00458140041621],[131.6559133398094,52.00174211104551],[131.6428972811661,51.99795475426296],[131.62748083131441,51.996816048894374],[131.61857899427835,51.997388135492145],[131.60869833868293,51.99908931694892],[131.57693347021768,52.00628754585334],[131.55385183300942,52.01291675546573],[131.5415984577937,52.01707589679936],[131.50031211761757,52.044314643084725],[131.49601317445376,52.048659770337125],[131.4986667032226,52.0526313100233],[131.5044560788713,52.05527842512093],[131.51793624523853,52.058304132869054],[131.53433629553498,52.05867755920403],[131.59712755614035,52.053768154859576],[131.60509081467995,52.053954562533015],[131.61253861406405,52.054899505546416],[131.61808666569968,52.057733439559804],[131.62097174853258,52.06151582464804],[131.64629022300852,52.14457776728465],[131.64593775694735,52.16129180429468],[131.64518112168196,52.16614412189016],[131.64564108311043,52.20167507453606],[131.6438704627324,52.213694400305066],[131.65100874583237,52.24896941975962],[131.65446584115182,52.26058993710626],[131.65703658950574,52.26827320142879],[131.66181577226504,52.270331558029554],[131.68881023227274,52.236792363627224],[131.6971208140362,52.25046784314559],[131.7035084521519,52.260960326818726],[131.71312764299108,52.259462541771974],[131.73385285868898,52.255339114121675],[131.7437239762343,52.25215717245023],[131.7461798176732,52.24803252135161],[131.74554152978126,52.24015184981607],[131.74415675542676,52.23640067513636],[131.73990548178966,52.228712191268365],[131.73033644769782,52.22157812316073]]],[[[131.7737804627065,54.18394344034793],[131.77068511348784,54.17704664232943],[131.7711113644545,54.16997248608444],[131.72687700289708,54.1357832646007],[131.70668607573543,54.138374831272515],[131.68760442848895,54.13993111544834],[131.66969792026114,54.14010216305268],[131.63624574040307,54.13872130387946],[131.6280877653229,54.1380283531309],[131.61598557068447,54.13550331208245],[131.61356630748259,54.135954344916804],[131.59057584575342,54.144424554654194],[131.5743927847159,54.1530580506061],[131.43993274008287,54.24833440610319],[131.39848482390155,54.28972734129894],[131.47133698524956,54.32178676469701],[131.4903397893641,54.328641638304624],[131.4973604332847,54.330179921477786],[131.5054644884237,54.33086671840707],[131.58017050221412,54.335146063854076],[131.64703889452537,54.33702717611809],[131.65573823107746,54.33702717611809],[131.66274643935148,54.3385697865541],[131.66859246730303,54.34147967388136],[131.6700991718195,54.344906695131044],[131.68441853642932,54.37910363367443],[131.68363683208625,54.386277723142214],[131.68156375107895,54.389866014075544],[131.63190439295673,54.468279486690676],[131.6231721112518,54.47610565143339],[131.61275590411475,54.484097246021385],[131.5961705371193,54.49599700695147],[131.58385761122503,54.5041492513714],[131.57960357301243,54.50805331238902],[131.56638725955236,54.52672656308276],[131.56597701339703,54.53029176570606],[131.56743542608538,54.533683554034226],[131.5902537772257,54.56318140686561],[131.60129334141237,54.57266514228466],[131.6068003158005,54.5757106619648],[131.61338604434857,54.57790996331153],[131.62057525337954,54.57943453086476],[131.63670995284747,54.5807877813023],[131.64757390283287,54.57909513830983],[131.68204987904085,54.5718185105865],[131.6952420473616,54.567921370738205],[131.70550398447122,54.563516178252016],[131.7362099908614,54.54673812581194],[131.75854578566543,54.5343638002065],[131.95052813179856,54.42740470963404],[131.95286130786653,54.423653943727345],[131.98044150342284,54.26638267021217],[131.96904254224583,54.220122834012244],[131.96449682191528,54.21771147946631],[131.94936854213458,54.21547464666879],[131.9330987917051,54.21409859105708],[131.92412463216556,54.21426905315967],[131.89498528634553,54.216850614502505],[131.8862991293725,54.216850614502505],[131.82490712338264,54.21651034954545],[131.8105737873496,54.213582857511746],[131.78038852815337,54.1941179263927],[131.77691546308554,54.19084238265296],[131.7737804627065,54.18394344034793]]],[[[131.76426712629086,54.551994296403606],[131.75567962602835,54.55978948806997],[131.74929067534356,54.56724708552637],[131.74665384002063,54.57452529602381],[131.74643524741623,54.57807753710002],[131.79492789719498,54.62660357067547],[131.8004093875678,54.62964126806424],[131.8075835686845,54.63116207878806],[131.8623647568817,54.6380797037839],[131.87091388102485,54.6385900941374],[131.88069644246391,54.63774612050085],[131.8921818943875,54.63538171928119],[131.92033509196776,54.62593056104953],[131.93228637739634,54.6213660486103],[131.94042406777533,54.617143581611856],[131.9466472832547,54.61308755767641],[132.01258922140028,54.56876815941651],[132.0147219562658,54.5652143444581],[132.02639970371536,54.53962244897647],[132.02899857999336,54.52893526402677],[132.02777797729803,54.51858364516601],[132.0373859446028,54.50830520195517],[132.0388109688778,54.50606193400718],[132.0630485661019,54.48908388172159],[132.00968929097152,54.49610895417879],[131.94542777456672,54.50194223576211],[131.84905604962432,54.51637813800498],[131.8373169458092,54.51892340355516],[131.8249674407668,54.522149613438664],[131.81091108300296,54.52689882075534],[131.79899861431957,54.5314796254801],[131.78284537641724,54.539790328020146],[131.76426712629086,54.551994296403606]]],[[[131.01400349688237,54.64417076436345],[130.9969568497134,54.65495668705073],[130.99747264411704,54.66877815921185],[130.99913952675098,54.67214823194381],[131.0052372186422,54.674508475369755],[131.01354820124516,54.67518416795296],[131.06465094953663,54.677034628658696],[131.07354671543172,54.677034628658696],[131.09329708611696,54.675350358286366],[131.13602427772864,54.66894986104531],[131.1500864461984,54.664227849229775],[131.16031967749885,54.65984286098453],[131.20718719260952,54.638418142588236],[131.22362673412167,54.62997984340453],[131.2409811204438,54.61444289718117],[131.24525872449604,54.610553664974944],[131.24378068971964,54.60379369965878],[131.23106092314416,54.59922436198804],[131.20662109433573,54.59719958426262],[131.17906145114435,54.59804458441805],[131.16931053134076,54.59889015928884],[131.14865492786763,54.60142546202837],[131.11680223489432,54.6061616698346],[131.09191023773778,54.612582020358666],[131.07813689337408,54.617143581611856],[131.0536489787502,54.62626494071381],[131.0229489702308,54.6394334261411],[131.01400349688237,54.64417076436345]]]]}},{"type":"Feature","properties":{"NAME":"Unknown","ABBREVN":"Unknown","type":"Unknown","weblinks":"Unknown","SUBJECTO":"Unknown","BORDERPRECISION":1,"PARTOF":"Unknown","CONTINENT":"Asia","INDEX":121},"geometry":{"type":"MultiPolygon","coordinates":[[[[117.2808542814558,-11.802602043891579],[117.1967349319111,-11.724859326018931],[117.17793060465995,-11.620893371352167],[117.20283391166554,-11.490701053279556],[117.32807322260342,-11.368822396192554],[117.47110284453863,-11.346844797066419],[117.54269587114364,-11.40291674985634],[117.55497186358299,-11.533214586782297],[117.63119879054395,-11.593535954402306],[117.77538861720659,-11.50455283299214],[117.92196516083457,-11.569036366182335],[117.96089163662158,-11.662144726148304],[117.93078251093014,-11.939265126818984],[118.02080345425723,-11.848235322381944],[118.110653370017,-11.661471995079914],[118.25478789160074,-11.643712160493164],[118.34447321565537,-11.782132275017545],[118.33015792237948,-12.041953669295262],[118.41337237523209,-12.019865728183872],[118.4351887107933,-12.084188814420303],[118.40109788662626,-12.32711003907468],[118.27148239684628,-12.198490375480247],[118.13606246970468,-12.162779864484936],[118.06969633354683,-12.198490375480247],[118.09323868399964,-12.293456485082867],[117.70264235750673,-12.389653297698096],[117.6441883216484,-12.33414225876477],[117.70260562289158,-12.169920395775753],[117.66808346312783,-12.134203531062617],[117.51471117032035,-12.298453316990795],[117.39711333102227,-12.455436682917538],[117.26745202816346,-12.426902214135728],[116.97224442233183,-12.564503000926045],[116.6813883863493,-12.686166396229078],[116.52445137024351,-12.655050072907718],[116.37848598530455,-12.730174879819456],[116.20738565927253,-12.687551644323669],[116.16556830829161,-12.644543477998198],[116.08210038104357,-12.569527950155805],[116.0695970916529,-12.39836621328681],[116.14848891346678,-12.238679024565815],[116.1265124008864,-12.084188814420303],[116.21934125803412,-12.013572078818235],[116.32897653290355,-11.9439874168511],[116.44202718963808,-11.848235322381944],[116.5386794659409,-11.89142277476918],[116.81139872635802,-11.899269462430675],[116.98473756078589,-11.962670197067121],[117.00930866700011,-12.134203531062617],[117.13348466410834,-12.20118725947329],[117.2617748368061,-12.235389642688025],[117.3611836142907,-12.077042663500997],[117.4919668610515,-12.069896261511483],[117.5250357997748,-11.95551979672375],[117.41573370495043,-11.862846202091152],[117.2808542814558,-11.802602043891579]]]]}},{"type":"Feature","properties":{"NAME":"Unknown","ABBREVN":"Unknown","type":"Unknown","weblinks":"Unknown","SUBJECTO":"Unknown","BORDERPRECISION":1,"PARTOF":"Unknown","CONTINENT":"Asia","INDEX":122},"geometry":{"type":"MultiPolygon","coordinates":[[[[114.37335767829808,-12.019023988159878],[114.01427572102025,-11.742941394370478],[113.97536258984039,-11.578337456298339],[114.16215090727829,-11.577775106632266],[114.40203004780054,-11.464294635828661],[114.61080178473699,-11.446304739102601],[114.99771502018224,-11.766035678560064],[114.83696533818893,-11.870462587425253],[114.72760793361611,-11.931403066317968],[114.53385836425872,-12.191572793698258],[114.37335767829808,-12.019023988159878]]]]}},{"type":"Feature","properties":{"NAME":"Unknown","ABBREVN":"Unknown","type":"Unknown","weblinks":"Unknown","SUBJECTO":"Unknown","BORDERPRECISION":1,"PARTOF":"Unknown","CONTINENT":"Asia","INDEX":123},"geometry":{"type":"MultiPolygon","coordinates":[[[[118.7541832728898,19.893096901022528],[118.35431608865275,20.318449385803383],[118.03246272872627,21.043837607398867],[118.00595650583585,21.287528236712582],[117.95677120572216,21.692472710434412],[117.778365613136,21.95847714042016],[117.81708926529915,22.17614891623557],[118.32485936315025,21.774310365821407],[118.36951616561124,22.016555532511546],[118.33576210178948,22.249989854559292],[118.2437432879178,22.49879730391465],[118.16874072352748,22.827059028450492],[118.18376138628233,23.074764887910373],[118.1199720263656,23.44888001688209],[118.05664759897242,23.932378248502488],[118.01450721294128,24.28751156298221],[118.07893201119808,24.767096386808547],[118.14618568217682,24.837801059857686],[118.27725755641653,24.91645315415048],[118.51506596082805,24.885779537482186],[119.11166147966217,24.59726219911559],[119.37046535708743,24.574400508366566],[119.42767604148334,24.692304102768063],[119.5292014270524,24.78666927624096],[119.63405723858399,24.70854565572709],[119.6902578663769,24.4888058478265],[119.62618706424578,24.244580398381352],[119.66346226027824,23.976274487173384],[119.8179029361694,23.532953275775444],[120.1024251898782,23.311110435835207],[120.22013464231928,23.128189166460256],[120.1740610706454,22.40776861311224],[120.08812958831983,22.142154593952213],[119.78437234075902,21.794517551789973],[119.57171529186085,21.616048928536785],[119.5459986670176,21.559321743958474],[119.57539637662106,21.4054539128463],[119.59903286865831,21.08073533926345],[119.51815083525781,20.83629871408983],[119.59580910265198,20.71419674024763],[119.82430336976087,20.28982185351084],[120.08399806493959,19.650097624956057],[120.25846364466231,19.287788351500723],[120.30220850701802,19.271394905708572],[120.53303974811746,19.081949411250957],[120.67110812460146,19.040973442057428],[120.71256906653929,19.231266408371887],[120.87714041519605,19.545264038560614],[120.96235721135126,19.561975489948185],[121.15889342836705,19.496600238617745],[121.27933244169087,19.373218352020423],[121.41829208122172,19.001716569957065],[121.5781839582131,18.79508269062002],[121.73095628194474,18.745763191502178],[121.90180205283288,19.085830553222003],[122.20284974345962,18.929434162509647],[122.26811018406084,18.913039274768575],[122.3145241662968,18.838616464749187],[122.25417166265183,18.747245408275116],[122.1006143193997,18.655548108470168],[122.02733139011347,18.5307971439125],[122.55380261039066,17.807509142153293],[122.42941486274087,17.698516998892288],[122.15911411776008,17.814740473253018],[121.97017763447558,17.872657256438316],[121.88619996010797,18.156003654984566],[121.75627414028543,18.338794054256933],[121.44120608836107,18.65367624956592],[121.05317466689233,18.99241371265524],[120.93851716968271,18.992089528490922],[120.91585395176949,18.859509823578996],[121.15124924446307,18.403616281107674],[121.07967975085754,18.236994575182713],[120.68677236806438,18.693034288459916],[120.19923441983808,19.014825093359775],[120.06346169269843,19.006154123924322],[119.92385207662149,18.922974395241347],[119.86600842618775,18.773651097730287],[119.81052708186911,18.732026660085353],[119.63998993840544,18.69835422902988],[119.47640484745354,18.830570067757737],[119.18011333338272,19.04504209740764],[119.05424231487352,19.29265304983483],[119.28154571387678,19.647833060027576],[119.44492623391558,19.524742490184142],[119.61200040425823,19.47574876700963],[119.7714501551892,19.591577122546965],[119.68800087903828,19.69013741780037],[119.34319374566793,19.86187780874293],[119.11740016017825,20.091146662147224],[118.86916770683906,20.188837467260722],[118.82137366423376,19.83575118668781],[118.7541832728898,19.893096901022528]]]]}},{"type":"Feature","properties":{"NAME":"Unknown","ABBREVN":"Unknown","type":"Unknown","weblinks":"Unknown","SUBJECTO":"Unknown","BORDERPRECISION":1,"PARTOF":"Unknown","CONTINENT":"Asia","INDEX":124},"geometry":{"type":"MultiPolygon","coordinates":[[[[119.76897425662236,17.00361991264624],[119.57982061311567,17.246534113490082],[119.5384948592967,17.380559880248953],[119.28142344898609,18.04021547956827],[119.03167146918244,18.34768166172418],[119.33128759865747,18.381806961700086],[119.71870272220066,18.374596698408233],[119.8735753445779,18.275191038102793],[120.03559378948059,18.009009983372845],[120.12162162582464,17.49949411353553],[120.11902932758295,17.21452605602623],[120.04695739828065,17.046414641436222],[120.0000737476848,16.785654940090534],[119.76897425662236,17.00361991264624]]]]}},{"type":"Feature","properties":{"NAME":"Unknown","ABBREVN":"Unknown","type":"Unknown","weblinks":"Unknown","SUBJECTO":"Unknown","BORDERPRECISION":1,"PARTOF":"Unknown","CONTINENT":"Asia","INDEX":125},"geometry":{"type":"MultiPolygon","coordinates":[[[[124.110377872706,15.512859446496991],[124.01123496055524,15.665262520368355],[123.89250889634111,15.766641236060268],[123.85368339473601,15.84276856055699],[123.88877641070734,16.045995951775943],[123.81415505279146,16.299288946409767],[123.54031302921932,16.509439967442624],[123.20592787760009,16.79487558812469],[123.10126587849571,17.071989961575763],[123.3211119895951,17.131393135783867],[123.76220896005034,17.21658193302435],[123.93713017988347,17.14995004649705],[124.0979001627051,16.906776512115915],[124.19675105367314,16.418568039994586],[124.31635501761632,15.937237306197659],[124.49257892810006,15.463029153778395],[124.45243686855807,15.386486690760597],[124.3819742704422,15.352301017521018],[124.110377872706,15.512859446496991]]]]}},{"type":"Feature","properties":{"NAME":"Unknown","ABBREVN":"Unknown","type":"Unknown","weblinks":"Unknown","SUBJECTO":"Unknown","BORDERPRECISION":1,"PARTOF":"Unknown","CONTINENT":"Asia","INDEX":126},"geometry":{"type":"MultiPolygon","coordinates":[[[[121.04778498423917,14.687051853879192],[121.03272106608989,15.495446955443406],[120.97008404206058,16.19818241505744],[121.21596713566991,15.96212154638814],[121.4950390607814,15.793591282706423],[121.660688384658,15.777114391718875],[121.92907494496643,15.88800288362628],[121.97498062751748,15.62545036438102],[121.96955350849296,15.387775344308304],[121.8822778212454,15.22605450943745],[121.81491719522128,15.106769070772051],[121.45592766639865,14.71383229867767],[121.06249836410298,14.473679483661444],[121.04778498423917,14.687051853879192]]]]}},{"type":"Feature","properties":{"NAME":"Unknown","ABBREVN":"Unknown","type":"Unknown","weblinks":"Unknown","SUBJECTO":"Unknown","BORDERPRECISION":1,"PARTOF":"Unknown","CONTINENT":"Asia","INDEX":127},"geometry":{"type":"MultiPolygon","coordinates":[[[[122.13629485863457,12.77731412866454],[121.7283124121655,13.13794877151157],[121.61199288932353,13.369850654614057],[121.63218340759414,13.59326761285014],[121.87127438228777,13.72270238340234],[121.95136977629973,13.88587368038574],[122.04170520213697,14.988252308883444],[122.22424401713876,15.099457466590062],[122.3468490861449,15.08279506117174],[122.40705107156185,15.00634783285943],[122.44914124278004,14.83609706041113],[122.3466060390958,14.289399538734536],[122.32265688058513,14.152460207262413],[122.27537181886318,13.294406734311524],[122.36825559918901,13.114005806976893],[122.49345272760876,12.830101408903989],[122.42330791395459,12.57972535231233],[122.33089042947122,12.553560331140769],[122.13629485863457,12.77731412866454]]]]}},{"type":"Feature","properties":{"NAME":"Unknown","ABBREVN":"Unknown","type":"Unknown","weblinks":"Unknown","SUBJECTO":"Unknown","BORDERPRECISION":1,"PARTOF":"Unknown","CONTINENT":"Asia","INDEX":128},"geometry":{"type":"MultiPolygon","coordinates":[[[[125.61635015572445,9.275022236062059],[125.55234896835127,9.546231520956944],[125.35373762058167,10.008971235858752],[125.21540463935871,10.078422623391896],[125.07414823732009,9.70226029790931],[124.94987210165331,9.194186566697468],[125.07742490145507,8.95790510192805],[125.16904250720721,8.712529531260698],[125.26406041611148,8.291204005170528],[125.21256115234046,7.98326281417358],[125.060242662178,7.665908281614986],[124.91364730454939,7.8239573325981375],[124.82425052827661,7.990889117280562],[124.89838970072636,8.246156404068904],[124.85119097622614,8.448140471023553],[124.68497490753195,8.491557899018705],[124.54945502554234,8.078039596624448],[124.46969852122406,8.112988058582493],[123.9444903216038,8.498134677778191],[123.67134365516486,8.839665396623642],[123.55654579617337,9.154969798423892],[123.51133110766999,9.548887244665158],[123.67689029975188,10.10877322629344],[123.60430689647761,10.405217008358388],[123.37460074204428,10.657274479886366],[123.01021077083061,10.839037402429467],[122.8816450103909,10.812550402783906],[122.86305062480838,10.708004063679732],[122.81664754090599,10.568491438003843],[122.60542839240703,10.41095365484159],[122.3117736752086,10.375205312360098],[122.27467344951782,10.680143283050276],[122.18430165882293,10.827878963237916],[122.01532794364908,10.705492908526935],[121.83728952090101,10.11202700594892],[121.64219495866729,9.578299289143747],[121.540336533047,9.630494293196422],[121.4809410450484,9.7090244620407],[121.4563565323651,9.831339524119878],[121.46589797505938,10.02359165444458],[121.59026177501694,10.486410856823445],[121.64575319201974,10.817586670205102],[121.74854264939782,10.991915900313273],[121.91043280357323,11.10543467412469],[122.16108401016368,11.132253729939757],[122.25216000081673,11.210749810241882],[122.28655884746068,11.4974091566726],[122.36976122344569,11.593094922241143],[122.60215253984401,11.741186941985768],[122.94494332438771,11.802867538732368],[123.09546433805124,11.586565779627726],[123.18087188016445,11.143973573271763],[123.31449615596898,11.239957636789672],[123.52894167999133,11.275353594282166],[123.61167296999108,11.388490590565155],[123.67258757347919,11.735673077400032],[123.81836572782267,11.892074192998468],[124.04520744761442,11.762780538278347],[124.13308251068811,11.711044273255437],[124.13957655610542,12.377506662358853],[124.26853497113221,12.386530003240331],[124.41472415583166,12.101611191905162],[124.5267754682833,12.395931526711301],[124.60993195747008,12.482554625044939],[124.79155533764688,12.422624439260153],[124.83696669424042,12.560942025686742],[124.77106028878383,12.991906764284316],[124.65756281894801,13.335797326957907],[124.69946606152318,13.550739781717928],[124.92060864122917,13.216171699102313],[125.29063422123036,12.72622475636308],[125.42317829164837,12.4331261115567],[125.48037422250022,12.23451398640672],[125.37338141717083,11.784051991156465],[125.49279225343793,11.645699509719034],[125.72784928997957,11.707082945646505],[125.78645518878851,11.447029173365024],[125.75864661609833,11.18638155977732],[125.82163392368024,10.76033610498726],[125.9370735250603,10.490617041727978],[125.95890455033958,10.220312409781824],[125.92994392602614,9.95827409507154],[125.83127271701375,9.599546280605772],[125.71120450318533,9.213990684677208],[125.61635015572445,9.275022236062059]]]]}},{"type":"Feature","properties":{"NAME":"Unknown","ABBREVN":"Unknown","type":"Unknown","weblinks":"Unknown","SUBJECTO":"Unknown","BORDERPRECISION":1,"PARTOF":"Unknown","CONTINENT":"Europe","INDEX":129},"geometry":{"type":"MultiPolygon","coordinates":[[[[-3.4387672443354345,56.02088441754138],[-3.4930452115610646,56.00655181135548],[-3.5836161941538798,55.97517901191596],[-3.605596974732983,55.96349969407746],[-3.6476788858596367,55.964289188077856],[-3.7097304382334606,55.99315999747816],[-3.722243195626616,56.00040680792546],[-3.780262168676755,56.047938154049085],[-3.778236928549318,56.11274208519014],[-3.77630054520991,56.11462200998362],[-3.7704015406400404,56.11759431717483],[-3.6992519587460526,56.12996443369292],[-3.661422865558267,56.13324747296932],[-3.656355104069081,56.13356121284694],[-3.6506147901678654,56.13356121284694],[-3.5664785218405126,56.126207493062296],[-3.5489186966785127,56.12370094152101],[-3.541685603829278,56.12135299725572],[-3.5363131709256295,56.11853631322754],[-3.5308407457211977,56.11305617101369],[-3.4931703337453963,56.075267015040545],[-3.414642515858926,56.06898963819578],[-3.4106983719262107,56.069774143032774],[-3.4053974859424843,56.07008443160735],[-3.4005786358802945,56.06992957055833],[-3.359384024942272,56.06616051264476],[-3.3484101917860487,56.06490493335323],[-3.348275767292145,56.06286507323882],[-3.3855488068305615,56.037560922082584],[-3.395168383631417,56.03346991875441],[-3.4387672443354345,56.02088441754138]]]]}},{"type":"Feature","properties":{"NAME":"Unknown","ABBREVN":"Unknown","type":"Unknown","weblinks":"Unknown","SUBJECTO":"Unknown","BORDERPRECISION":1,"PARTOF":"Unknown","CONTINENT":"Europe","INDEX":130},"geometry":{"type":"MultiPolygon","coordinates":[[[[-4.150780053201674,57.233463265778894],[-4.20667569978097,57.22861206832097],[-4.248680382554174,57.228903295993575],[-4.25522284670636,57.229052614414876],[-4.259456090743006,57.22993314263341],[-4.296650865439413,57.23787329339925],[-4.304181864443564,57.240081578831685],[-4.3419480302477025,57.25271663465489],[-4.3434483687461976,57.25389095368983],[-4.354667416830241,57.26813223442277],[-4.386139793782296,57.31897444785582],[-4.386286325210483,57.32336208549233],[-4.385509339934474,57.328041244812596],[-4.381944627393766,57.33388730059408],[-4.368088304657694,57.354778588728806],[-4.365497056828821,57.356381941081004],[-4.3594414876701695,57.35915630659552],[-4.325474491153182,57.371117570266364],[-4.321786682581142,57.37228676487539],[-4.296686989945331,57.380011780384976],[-4.272549312114695,57.38030353702621],[-4.261544605627106,57.37972316716308],[-4.251265296046136,57.37841017618777],[-4.2425925651005265,57.37666041008869],[-4.21864172244258,57.370828802781716],[-4.208271391973077,57.36747190714552],[-4.194596322093901,57.36295192045872],[-4.188458725284343,57.3603226633306],[-4.184153839148355,57.35726001464551],[-4.131807963001516,57.295842413240926],[-4.130802848750779,57.29393892737103],[-4.12643550487476,57.246547603426784],[-4.126353437394559,57.24434016505696],[-4.127616203765795,57.24228534239108],[-4.130205526707454,57.240666808007276],[-4.142315595921736,57.23508302104842],[-4.150780053201674,57.233463265778894]]]]}},{"type":"Feature","properties":{"NAME":"Unknown","ABBREVN":"Unknown","type":"Unknown","weblinks":"Unknown","SUBJECTO":"Unknown","BORDERPRECISION":1,"PARTOF":"Unknown","CONTINENT":"Europe","INDEX":131},"geometry":{"type":"MultiPolygon","coordinates":[[[[-4.960477372892217,57.46492016023131],[-4.948213245958459,57.429497182974],[-4.947473742382936,57.42746500903213],[-4.944308581433239,57.42193910263688],[-4.941206060201087,57.418448547665534],[-4.937404528023129,57.41524892465436],[-4.927305932291439,57.41190465617679],[-4.914457358964559,57.40913960061636],[-4.908804853236449,57.40652182752845],[-4.907128518048715,57.404918584695935],[-4.892919330674836,57.382053444750774],[-4.890037117312438,57.36120052936648],[-4.892416266714665,57.359593437239475],[-4.90152870375158,57.35550802543099],[-4.933469836653351,57.34499222416561],[-5.059494932983189,57.314581971819955],[-5.097324871843095,57.30433821748156],[-5.118359509264565,57.30653357160416],[-5.131697052357639,57.309022697175564],[-5.138252038013726,57.3116558241571],[-5.139712068973339,57.31311896191286],[-5.13409273166622,57.32672417912313],[-5.1330355032627395,57.328627626773006],[-5.100843731468429,57.37505848330473],[-5.071849691124347,57.404630927684714],[-5.070119523660005,57.40652182752845],[-5.070167960407484,57.40870377031433],[-5.072503909764768,57.410450165552646],[-5.0762507328216095,57.411469422263735],[-5.081159694397655,57.4120486841386],[-5.129664326846685,57.41394240456835],[-5.134845668344122,57.41394240456835],[-5.139849575277917,57.41335901927324],[-5.146385234778402,57.41059420614343],[-5.148793240958816,57.40870377031433],[-5.152461697800391,57.4052104283357],[-5.155903378831614,57.40171635096656],[-5.159619514487642,57.39764179351304],[-5.165661218970749,57.39268955153051],[-5.176131173123643,57.38598757249875],[-5.187419337124269,57.38030353702621],[-5.202424211847554,57.37330836479726],[-5.234792099013778,57.360907912491705],[-5.245669652360702,57.357549017373984],[-5.254632736188877,57.35550802543099],[-5.264165155447166,57.354778588728806],[-5.269313968691426,57.35521530862744],[-5.277260471280557,57.35726001464551],[-5.280043541705835,57.35901181978768],[-5.283180440854784,57.361929685152354],[-5.283488289129694,57.36630605071381],[-5.274011308474614,57.38248945008258],[-5.269640567159501,57.38890071390054],[-5.2276351442684,57.449108123221684],[-5.220888005571232,57.45171917363463],[-5.1618898788772585,57.45998852126552],[-5.113518473611511,57.45694421550871],[-5.016067329226336,57.48448546013158],[-4.991973191689103,57.490280830891116],[-4.9746176613937925,57.493465956289015],[-4.9703079667631735,57.4938995568538],[-4.964493389560127,57.493465956289015],[-4.9586160161516695,57.491004326983095],[-4.95621701620137,57.48723794204147],[-4.960705313382891,57.47333056898144],[-4.960477372892217,57.46492016023131]]]]}},{"type":"Feature","properties":{"NAME":"Unknown","ABBREVN":"Unknown","type":"Unknown","weblinks":"Unknown","SUBJECTO":"Unknown","BORDERPRECISION":1,"PARTOF":"Unknown","CONTINENT":"Europe","INDEX":132},"geometry":{"type":"MultiPolygon","coordinates":[[[[-4.820877570166739,57.43937719254565],[-4.842836853301564,57.417577888304095],[-4.8875268223988675,57.419323349349696],[-4.891748987783743,57.42005048329672],[-4.90812031042747,57.423832217034466],[-4.91607997530407,57.42572040541626],[-4.921977728570095,57.428044235406176],[-4.92431691646279,57.42978859427165],[-4.925732995014666,57.431824144879556],[-4.928201000669355,57.43763384388645],[-4.933299455553905,57.464195518338734],[-4.93290142716694,57.46636987058872],[-4.9296822261223,57.472896426710975],[-4.924709058957985,57.4788351485557],[-4.83011155155291,57.54030159470234],[-4.8199366349203165,57.543909315764125],[-4.778801307212765,57.55833588974281],[-4.774880653163526,57.55963463877484],[-4.698098234204301,57.584991461999266],[-4.653361275256562,57.59722451249221],[-4.645112476304436,57.59938181561358],[-4.617436652190673,57.60599745498759],[-4.612698329341757,57.606285750637454],[-4.60385655063722,57.60441406704543],[-4.597052679668017,57.59334054343575],[-4.596755267501539,57.59132490684796],[-4.5969283006140635,57.58902042486209],[-4.598448368058353,57.58671924460737],[-4.6025165525660015,57.5834101784415],[-4.612255139466102,57.57937620070958],[-4.616857376181008,57.577935919340156],[-4.624307830841823,57.574478310692704],[-4.635538958508578,57.56857047392458],[-4.648915396446148,57.5610760152465],[-4.653896797769197,57.55761483706696],[-4.734153733169078,57.501714394478356],[-4.784088397786604,57.46680836069792],[-4.820877570166739,57.43937719254565]]]]}},{"type":"Feature","properties":{"NAME":"Unknown","ABBREVN":"Unknown","type":"Unknown","weblinks":"Unknown","SUBJECTO":"Unknown","BORDERPRECISION":1,"PARTOF":"Unknown","CONTINENT":"Europe","INDEX":133},"geometry":{"type":"MultiPolygon","coordinates":[[[[-5.996022680369681,58.01005516532216],[-6.002714152852137,58.01005516532216],[-6.034718192633024,58.011179487041225],[-6.046928466947765,58.011737580818966],[-6.062590825957127,58.0134203198733],[-6.069746481167162,58.01538286616613],[-6.070419700168391,58.017484384190716],[-6.069725180653119,58.01986653636932],[-6.06427564692438,58.02294821895729],[-5.972907481147392,58.06784363154994],[-5.96828551085274,58.06728703942141],[-5.951895067691836,58.06197704408028],[-5.9489032546806175,58.06071855240089],[-5.922521963886063,58.03092871994188],[-5.9211465216926005,58.02910976058461],[-5.969932558054203,58.012161436203264],[-5.973616139424283,58.01103718507955],[-5.996022680369681,58.01005516532216]]]]}},{"type":"Feature","properties":{"NAME":"Unknown","ABBREVN":"Unknown","type":"Unknown","weblinks":"Unknown","SUBJECTO":"Unknown","BORDERPRECISION":1,"PARTOF":"Unknown","CONTINENT":"Europe","INDEX":134},"geometry":{"type":"MultiPolygon","coordinates":[[[[-5.780203838905158,58.2089552362596],[-5.786889528625105,58.20660201502507],[-5.79914696847032,58.204111880680124],[-5.804094183910948,58.20355669052661],[-5.809400830825662,58.20383428811636],[-5.830067387306187,58.208263208490735],[-5.8329843447446255,58.20148077904447],[-5.818481242783311,58.11651018492054],[-5.784771605923144,58.09742491338917],[-5.785426854939977,58.09533416043949],[-5.794561519040189,58.088639445982594],[-5.798237074559192,58.08752471835011],[-5.826077999725365,58.091987164418256],[-5.84332517887783,58.09324362748709],[-5.856243928853904,58.09324362748709],[-5.880834084057065,58.09017532911957],[-5.8989206655622635,58.08975409353216],[-5.904446075421903,58.09017532911957],[-5.91870557095728,58.09449547146921],[-5.922622310171236,58.09756291524546],[-5.926770613644699,58.102718787602505],[-5.92930652220573,58.106205404473776],[-5.943838763588701,58.13153865131531],[-5.944736167535396,58.13362451870086],[-5.944654496978501,58.14947160765154],[-5.939484069903791,58.231220436517624],[-5.937103633183579,58.23274266387121],[-5.928874088731092,58.23495111639221],[-5.89294393832521,58.24075175785071],[-5.867235908259043,58.23799020117357],[-5.828216918100173,58.23066672603405],[-5.817404147681517,58.22776650774123],[-5.813781526963111,58.22624378490611],[-5.78110480443811,58.21103063392294],[-5.780203838905158,58.2089552362596]]]]}},{"type":"Feature","properties":{"NAME":"Unknown","ABBREVN":"Unknown","type":"Unknown","weblinks":"Unknown","SUBJECTO":"Unknown","BORDERPRECISION":1,"PARTOF":"Unknown","CONTINENT":"Europe","INDEX":135},"geometry":{"type":"MultiPolygon","coordinates":[[[[-5.813757512539396,58.23951175436698],[-5.825381677005721,58.238821107337486],[-5.849485016378985,58.23992493431309],[-5.8547312706303245,58.24075175785071],[-5.899965494773951,58.25014099335316],[-5.90777530788696,58.25193408741761],[-5.920165789231708,58.26090285166656],[-5.923609408278686,58.264073287441114],[-5.923851786902555,58.26600471563463],[-5.920343762724423,58.27193397537612],[-5.9183802635957985,58.27372401110882],[-5.915141769270509,58.274965699924394],[-5.880240177791196,58.28391744475711],[-5.8748537512731405,58.284469720448804],[-5.834750185011737,58.28157575146568],[-5.815369766855153,58.28006285463347],[-5.7900496754644095,58.27799682063442],[-5.7593084041075215,58.270279692031],[-5.7577005502802185,58.268625228930766],[-5.759428273673002,58.24945082700631],[-5.76140154938301,58.24751730064009],[-5.789968359369976,58.24185942242109],[-5.7942592362623895,58.24116937870326],[-5.813757512539396,58.23951175436698]]]]}},{"type":"Feature","properties":{"NAME":"Unknown","ABBREVN":"Unknown","type":"Unknown","weblinks":"Unknown","SUBJECTO":"Unknown","BORDERPRECISION":1,"PARTOF":"Unknown","CONTINENT":"Europe","INDEX":136},"geometry":{"type":"MultiPolygon","coordinates":[[[[-5.7349963406183715,58.38220180951827],[-5.646820210006016,58.360021396173416],[-5.640847343785736,58.35769144115769],[-5.639724688573945,58.35563596719789],[-5.710850291886901,58.297134823520814],[-5.716235101777155,58.29438000426109],[-5.727846291195742,58.29369184066881],[-5.780231955059762,58.2914918861385],[-5.845017512598622,58.291767888903244],[-5.850287329720518,58.29231591543607],[-5.853932698426127,58.29355559147946],[-5.854027467172853,58.303323788917346],[-5.851394866786884,58.31157594149094],[-5.869024093468424,58.314871389437975],[-5.91915847208072,58.32339219262443],[-5.954427559396289,58.32133254339714],[-5.9642908205730105,58.320370123867946],[-5.971583394916458,58.320641645128596],[-5.9787145582966,58.322430398498696],[-6.017808991989104,58.3323154201884],[-6.020811241495572,58.333277080486205],[-6.023104198033562,58.33464929252],[-6.0228537982297325,58.33698280473422],[-5.978701304650066,58.36207577946849],[-5.972424100000618,58.364814850630225],[-5.963395420165687,58.366323740976114],[-5.9313411202228865,58.36549978722269],[-5.805495186448229,58.367008115954214],[-5.802234793182549,58.36851284271413],[-5.780284407712692,58.37713894821253],[-5.741880036725407,58.382066355692764],[-5.7349963406183715,58.38220180951827]]]]}},{"type":"Feature","properties":{"NAME":"Unknown","ABBREVN":"Unknown","type":"Unknown","weblinks":"Unknown","SUBJECTO":"Unknown","BORDERPRECISION":1,"PARTOF":"Unknown","CONTINENT":"Europe","INDEX":137},"geometry":{"type":"MultiPolygon","coordinates":[[[[-5.580027439578901,58.477536966009595],[-5.633743916127621,58.47577050673581],[-5.636951704800573,58.47685713158427],[-5.635427943936747,58.483110535806084],[-5.632827635006536,58.48474208611227],[-5.599345452445729,58.49424848408676],[-5.5950742214663345,58.49492752448299],[-5.578792751669152,58.496285023419865],[-5.572586351706079,58.496422868377216],[-5.5680102540614405,58.495744385114364],[-5.568686430130672,58.493435452522085],[-5.572480319675186,58.48215891940146],[-5.573765269033804,58.48038958295607],[-5.580027439578901,58.477536966009595]]]]}},{"type":"Feature","properties":{"NAME":"Unknown","ABBREVN":"Unknown","type":"Unknown","weblinks":"Unknown","SUBJECTO":"Unknown","BORDERPRECISION":1,"PARTOF":"Unknown","CONTINENT":"Europe","INDEX":138},"geometry":{"type":"MultiPolygon","coordinates":[[[[-5.40192220263957,58.634137792868216],[-5.431094754057974,58.633601698219934],[-5.455045011626266,58.634544088204244],[-5.458011557342766,58.635752253852196],[-5.468721425032837,58.654167452093056],[-5.469399288378854,58.65618201357185],[-5.468988767614627,58.65806334182713],[-5.462512224250364,58.658871208729096],[-5.445683402637622,58.65739177751667],[-5.440886402632812,58.65685701812088],[-5.406642179915288,58.646509488002955],[-5.3950219928797,58.64139952940214],[-5.3931315141321505,58.63602195898385],[-5.395732555779784,58.63427435584806],[-5.40192220263957,58.634137792868216]]]]}},{"type":"Feature","properties":{"NAME":"Unknown","ABBREVN":"Unknown","type":"Unknown","weblinks":"Unknown","SUBJECTO":"Unknown","BORDERPRECISION":1,"PARTOF":"Unknown","CONTINENT":"Europe","INDEX":139},"geometry":{"type":"MultiPolygon","coordinates":[[[[-4.920226032065059,58.70807288374785],[-4.944397306325942,58.68958914831553],[-4.983201352368835,58.67510946825972],[-5.0193366060691025,58.66343667792028],[-5.023974720793929,58.65102367840388],[-5.024219733614488,58.64981483834024],[-5.023647533887098,58.64884779106521],[-5.021870264417916,58.648041305025934],[-5.0191363804413704,58.64755797263731],[-4.990374873856349,58.64376671861335],[-4.987361911869645,58.64344537252136],[-4.983898390789838,58.64368735065669],[-4.981214931857955,58.64408950946301],[-4.974559453864389,58.645946749281244],[-4.93886736886792,58.64892713101936],[-4.928844331555571,58.65242201571652],[-4.899409396931257,58.66088463818552],[-4.895563142141657,58.66195770924875],[-4.889426695475045,58.66155604188416],[-4.880103605291067,58.65980810431875],[-4.879367171931537,58.658199681566295],[-4.889915734072918,58.64153602464872],[-4.895035778924828,58.638577858422906],[-4.901443633040499,58.63602195898385],[-4.944166299889195,58.6247205937079],[-4.975498270158505,58.621328144587395],[-5.027117024313456,58.624315964224635],[-5.058039773372344,58.61260012919225],[-5.065482360611172,58.601414168464856],[-5.0674120746034905,58.59966292272019],[-5.071707117035602,58.59858139513449],[-5.1645781745590655,58.5829325802629],[-5.205242723904688,58.580233312391854],[-5.247742683366001,58.57685828874681],[-5.263123623676772,58.575371049661904],[-5.262409739143397,58.57361621596995],[-5.242976124058053,58.57361621596995],[-5.164817997091794,58.57807120851044],[-5.103201097776074,58.58522758935062],[-5.095100154637816,58.58684743754807],[-5.088905501114965,58.5869805545185],[-5.083877500901469,58.5864432209753],[-5.079739145707914,58.583473929486125],[-5.053545663823459,58.55158159148716],[-5.055893356508283,58.55009521190986],[-5.0802537278803435,58.53994370554779],[-5.139145291414234,58.519891619055734],[-5.152869767009723,58.51026341894987],[-5.152176191539362,58.50822879521785],[-5.153238304011953,58.50633213412624],[-5.2054200633322365,58.494655227631355],[-5.210350524706527,58.49397617479813],[-5.231527754624595,58.492212154704795],[-5.237082517431091,58.491939808121664],[-5.271637668176543,58.493707771713986],[-5.277127403547081,58.49411453005097],[-5.296809827455784,58.496422868377216],[-5.303911887203359,58.498459109844525],[-5.3070976257447136,58.49981628627499],[-5.325970204796651,58.51501336994646],[-5.330827912176954,58.51962368404477],[-5.334781792571012,58.52897414187167],[-5.335969532690155,58.5349340821898],[-5.334898620373744,58.53913317506905],[-5.327389006491585,58.54589923051984],[-5.324814265456419,58.5473860321018],[-5.298681931130217,58.55712740882095],[-5.295705481049682,58.55820808949989],[-5.290546653099882,58.55902146859707],[-5.271990555624912,58.55902146859707],[-5.26605240074708,58.558750347210164],[-5.260608556590224,58.55793695317653],[-5.247613984226022,58.557532429945276],[-5.243585639323731,58.55807471246931],[-5.240766583757941,58.55983090911197],[-5.2446249473629045,58.56104912346706],[-5.24853607452228,58.56172462209481],[-5.254461905531625,58.562129517115906],[-5.303782039946323,58.563751905681116],[-5.310395969094838,58.563885718011186],[-5.315294652408962,58.56348087117097],[-5.319168066087369,58.56226334415767],[-5.379312822038337,58.53466251868683],[-5.353113798333093,58.51324745245783],[-5.350839682717868,58.51162342354576],[-5.3478368055555086,58.510673142607814],[-5.337108875995792,58.50958556761077],[-5.330243948361679,58.50741652835938],[-5.321559289573066,58.50348106953015],[-5.317647240765081,58.500494583670594],[-5.316009441361199,58.49913746919364],[-5.307013782496592,58.486913947512626],[-5.304441525277428,58.4791686377862],[-5.305965198721517,58.47712975429921],[-5.366750691681893,58.45032085181279],[-5.55130313026919,58.40202647421023],[-5.555164054730575,58.40107312634732],[-5.5607440373445565,58.40066038370536],[-5.565340436802763,58.40120840901177],[-5.569649085255116,58.402439671199865],[-5.673888772455095,58.44459963348002],[-5.676155708787457,58.44623491120733],[-5.677094943764783,58.447870010018725],[-5.678236960479005,58.453997341105335],[-5.676906544962497,58.45617760752466],[-5.671360249094264,58.45631239322203],[-5.659921198942743,58.45563159046782],[-5.650821272914114,58.453724295204054],[-5.644362316596854,58.44977462057365],[-5.630390925171195,58.447870010018725],[-5.600387115822079,58.453455166081724],[-5.438829821201685,58.48705187935567],[-5.441792438183712,58.488410097334885],[-5.476440879276516,58.502530267289046],[-5.519821354228922,58.51094172766429],[-5.5285155068892475,58.512435460219756],[-5.5591383710324385,58.51569097338038],[-5.565341786483607,58.515553307176646],[-5.588913462927606,58.512029203289245],[-5.595090462144423,58.51216348415428],[-5.599677617996036,58.51270743130031],[-5.630834173801965,58.51718081098161],[-5.659602474329827,58.5276196301658],[-5.660318624387836,58.52924580971752],[-5.635624350564736,58.539400757388876],[-5.612252972737167,58.54535650094882],[-5.6132148809946285,58.553205139332505],[-5.640217403347241,58.569831599237126],[-5.663611048615733,58.595481028199536],[-5.664584654397955,58.598851784491046],[-5.664138749884495,58.60101083740017],[-5.6350523555019025,58.6239108389659],[-5.605108546032464,58.64247790394392],[-5.602088296526511,58.64395497381267],[-5.589677782627174,58.648794575001084],[-5.582605228689597,58.651078821184576],[-5.563778299006814,58.64973550320377],[-5.5583067357942655,58.649333499643795],[-5.494592320939031,58.640461453155986],[-5.48549183669741,58.63884751149903],[-5.483877526108506,58.63736653682562],[-5.485819155598774,58.63561909419032],[-5.495648698785459,58.634407527740024],[-5.508988052273522,58.626871968878405],[-5.463543604596154,58.58954549313866],[-5.458930057734631,58.587118042680316],[-5.454181294648027,58.58603559230115],[-5.452433070198913,58.588062935408615],[-5.459545525925955,58.62228974130933],[-5.404620940545764,58.63065888162068],[-5.361601707222074,58.62550995249051],[-5.356544294886127,58.63130358145498],[-5.3882301427929065,58.64690092460955],[-5.403812556311119,58.66155604188416],[-5.410546571061207,58.67135482682282],[-5.408553426641,58.67363554627946],[-5.393599170207595,58.682082498057675],[-5.292409755035376,58.70472337184689],[-5.280720293949759,58.70485975750368],[-5.275913089969982,58.70445878966069],[-5.272042786013498,58.70124486401163],[-5.2024718784396855,58.70981118364877],[-5.194373973665474,58.71154975719631],[-5.035470219678844,58.75684098080194],[-4.999059629209896,58.7672417238801],[-4.984564630665957,58.77163795631689],[-4.971126353379043,58.78123083892664],[-4.9672872187671615,58.7822950424337],[-4.9630201821252955,58.78322783364101],[-4.957288521303514,58.78335964664331],[-4.952058148471624,58.78282903204845],[-4.94537519469145,58.78136267020376],[-4.9378734646081055,58.77923404681231],[-4.9291985488143695,58.77550244418135],[-4.887006047741259,58.741361136502405],[-4.886992640236097,58.73909054510328],[-4.920226032065059,58.70807288374785]]]]}},{"type":"Feature","properties":{"NAME":"Unknown","ABBREVN":"Unknown","type":"Unknown","weblinks":"Unknown","SUBJECTO":"Unknown","BORDERPRECISION":1,"PARTOF":"Unknown","CONTINENT":"Europe","INDEX":140},"geometry":{"type":"MultiPolygon","coordinates":[[[[-2.3065501064829985,58.8880285097367],[-2.3232765116999112,58.88710299655325],[-2.330070691704943,58.88736804683728],[-2.3376663689697916,58.88934981938812],[-2.3476114626180467,58.892786933656964],[-2.3548968799263057,58.89674964493949],[-2.3984191380037525,58.92894442844285],[-2.395725609735763,58.93026193657819],[-2.3919482165811026,58.9313150958646],[-2.376845093852052,58.9354008023383],[-2.3724286086126254,58.936059508587896],[-2.348910705194332,58.93711223679772],[-2.302554479627596,58.938822990231806],[-2.2891869729213155,58.93856269214101],[-2.2852679946353205,58.9379007832635],[-2.2792300227729965,58.93553121817591],[-2.2725911062397275,58.931843543588556],[-2.2717941480983295,58.929997685676994],[-2.302996264567089,58.88895443854325],[-2.3065501064829985,58.8880285097367]]]]}},{"type":"Feature","properties":{"NAME":"Unknown","ABBREVN":"Unknown","type":"Unknown","weblinks":"Unknown","SUBJECTO":"Unknown","BORDERPRECISION":1,"PARTOF":"Unknown","CONTINENT":"Europe","INDEX":141},"geometry":{"type":"MultiPolygon","coordinates":[[[[-2.552966890163128,58.908764193403115],[-2.5983949077074042,58.908764193403115],[-2.603868646155873,58.90902884019612],[-2.607772808133119,58.90995292721155],[-2.708395765445461,58.95422467578221],[-2.7098487875811044,58.95580360592964],[-2.7097459787753047,58.95777583671095],[-2.6972849547776883,58.969739216060546],[-2.6925242486255048,58.97276335933477],[-2.681183086734939,58.97591689750382],[-2.6423737321005616,58.98051257295303],[-2.6316217665059236,58.980775880546624],[-2.5516902402164017,58.96172041879565],[-2.548014150392538,58.96066952166852],[-2.5375226682264644,58.9555398317385],[-2.4772677078238186,58.92235125234794],[-2.4760260794930766,58.92076858561319],[-2.478101054800738,58.914040993613455],[-2.4818750132982594,58.91312049758704],[-2.4966594847551145,58.91140283867843],[-2.5129426016126306,58.910478846026535],[-2.552966890163128,58.908764193403115]]]]}},{"type":"Feature","properties":{"NAME":"Unknown","ABBREVN":"Unknown","type":"Unknown","weblinks":"Unknown","SUBJECTO":"Unknown","BORDERPRECISION":1,"PARTOF":"Unknown","CONTINENT":"Europe","INDEX":142},"geometry":{"type":"MultiPolygon","coordinates":[[[[-2.2031304873470257,58.99206322111324],[-2.1744369484365,58.976176508007036],[-2.2293631333197057,58.95777583671095],[-2.2643646606502936,58.96461282207932],[-2.342957312442652,58.986419028423875],[-2.3731859668030544,58.98668222558496],[-2.411843942225563,58.984713561671946],[-2.454093196441942,58.98103918321782],[-2.4614308042050252,58.97880639065078],[-2.4615243026251474,58.97683709822826],[-2.503138990994616,58.97289343072224],[-2.5158709496776406,58.97249990197463],[-2.5211053931571326,58.97302681177148],[-2.605763992859098,58.989439593274184],[-2.6135529064987284,58.991407596205455],[-2.6385882169364816,58.99888359129343],[-2.6502173002240808,59.011337109955086],[-2.651670137676193,59.01290964877903],[-2.655261954864927,59.019719904831945],[-2.6551608528896873,59.02168319815655],[-2.6397921850972623,59.06508523537678],[-2.6388297925673783,59.066780947968944],[-2.612546512210227,59.07591470153468],[-2.5810152771580483,59.08087148402896],[-2.5766082813951448,59.08152340035268],[-2.5502499749470244,59.08373987521674],[-2.534444295421296,59.084910151693464],[-2.521540151302732,59.084910151693464],[-2.5163236143099956,59.08425886321612],[-2.4232810830115876,59.07226417265973],[-2.420273779017271,59.07108907555659],[-2.362493596984141,59.04784531182538],[-2.3601523817129606,59.046409847065156],[-2.360823822275188,59.041311367939485],[-2.3237383628416945,59.01421933440078],[-2.2493035217999537,59.00347507618227],[-2.2031304873470257,58.99206322111324]]]]}},{"type":"Feature","properties":{"NAME":"Unknown","ABBREVN":"Unknown","type":"Unknown","weblinks":"Unknown","SUBJECTO":"Unknown","BORDERPRECISION":1,"PARTOF":"Unknown","CONTINENT":"Europe","INDEX":143},"geometry":{"type":"MultiPolygon","coordinates":[[[[-2.110319763184787,59.1070517556568],[-2.114043808790592,59.101585976345284],[-2.1170571501187276,59.10275522019666],[-2.118522378042319,59.10431749499481],[-2.119906372484885,59.10783126798062],[-2.1187831864084896,59.113816219968804],[-2.117172364628698,59.115766309669986],[-2.112239525690208,59.11875950318635],[-2.0388035528365154,59.151353872858735],[-2.009302955197807,59.15719213942903],[-1.9926688746488688,59.158096721359776],[-1.8981692525951952,59.16211621247706],[-1.8924865796411714,59.16224826226319],[-1.8885759029011597,59.161728454737236],[-1.886871750620559,59.16056044948296],[-1.8848090585776676,59.15732003541721],[-1.8796996289314374,59.14785159591214],[-1.8795387287181602,59.14629375709539],[-1.9631770845776555,59.13006451345292],[-2.0224476323646203,59.12876566918101],[-2.027473003693747,59.12876566918101],[-2.0616792753643294,59.125907034283415],[-2.065223058059383,59.12473599774922],[-2.110319763184787,59.1070517556568]]]]}},{"type":"Feature","properties":{"NAME":"Unknown","ABBREVN":"Unknown","type":"Unknown","weblinks":"Unknown","SUBJECTO":"Unknown","BORDERPRECISION":1,"PARTOF":"Unknown","CONTINENT":"Europe","INDEX":144},"geometry":{"type":"MultiPolygon","coordinates":[[[[-2.2724220696630537,59.153559211683685],[-2.2413130096970346,59.140843442723174],[-2.244319490545492,59.13214465541142],[-2.2639818765995385,59.12239783920725],[-2.260000351848789,59.133311324799315],[-2.2599137219883767,59.135259139508115],[-2.262920664616864,59.13642881865844],[-2.309364688161867,59.14811129648325],[-2.3265319648691682,59.150057027070396],[-2.331987175398501,59.15018872528466],[-2.337029271089608,59.14979689605617],[-2.3405776490550476,59.14863161710873],[-2.3389021141889033,59.147074333375684],[-2.341271617036472,59.143050459908956],[-2.3501971916199875,59.139024947228656],[-2.3535279202806634,59.137858759627065],[-2.3590025925616085,59.1375983989065],[-2.3622257405573834,59.13876834765427],[-2.381420212303403,59.148760059489085],[-2.4161529976088585,59.16704225948658],[-2.4176076456950413,59.16859729124022],[-2.4181758476763133,59.17040863066068],[-2.4144641498537274,59.17040863066068],[-2.3966087033111187,59.169373342227516],[-2.278008209442697,59.155635821010115],[-2.2724220696630537,59.153559211683685]]]]}},{"type":"Feature","properties":{"NAME":"Unknown","ABBREVN":"Unknown","type":"Unknown","weblinks":"Unknown","SUBJECTO":"Unknown","BORDERPRECISION":1,"PARTOF":"Unknown","CONTINENT":"Europe","INDEX":145},"geometry":{"type":"MultiPolygon","coordinates":[[[[-1.0077953518508793,59.70065664093514],[-1.000642364092662,59.69169175444417],[-0.9053011757927415,59.68421364495182],[-0.8100754027444463,59.68084820679581],[-0.806855267890566,59.679601260085306],[-0.8073197153376142,59.677731512683785],[-0.8300057808080161,59.640892161822855],[-0.8579220079854223,59.603820862636134],[-0.907201682589124,59.595916155611235],[-0.9084689590982917,59.59754653686387],[-0.9248515520698126,59.60106139732899],[-0.931118947920268,59.601560862632475],[-0.9341761288747673,59.60018254496435],[-0.935514383474251,59.598173969427044],[-0.9336324767944183,59.59478574709119],[-0.9241120006053445,59.58336052278453],[-0.9202628966222836,59.580848222607926],[-0.9025482932738301,59.567144890548555],[-0.8784295959120311,59.547637534385444],[-0.8780288597749368,59.54587305102489],[-0.880441958821188,59.54423623705404],[-0.8946306479903525,59.53869159987859],[-0.8996059795984169,59.53919344431149],[-0.907369887164028,59.5412115189647],[-0.9132235140203536,59.541083583661965],[-0.9263129020489064,59.536548336625025],[-0.9460364900803133,59.525450254935194],[-0.9532596788769008,59.488937114571094],[-0.9857623330791546,59.415734617164205],[-0.987536265374278,59.4139525071901],[-0.9923833682567921,59.410642768164756],[-1.0223094062638216,59.41357141354653],[-1.0728103187411484,59.429211602312975],[-1.077482394759227,59.43404164194536],[-1.077223024571452,59.43594637166606],[-1.0402874576460892,59.47729117186327],[-1.038985065068813,59.47868559645312],[-1.0360913953684618,59.4807092800418],[-1.0330238784837558,59.482103801295764],[-1.0282370890406238,59.48273630053287],[-1.0243529935975264,59.481721006132545],[-1.0217281470310995,59.48273630053287],[-1.019954557265647,59.48450604450901],[-0.9899118004896632,59.52128402183107],[-0.9856694749475688,59.5273419111732],[-0.9840692834324789,59.531377748920704],[-0.9833421246187678,59.53515999853873],[-0.9843640825950245,59.53818610614543],[-1.0017260480254597,59.578584704936624],[-1.006503250347296,59.58825846197929],[-1.0936026901558369,59.59478574709119],[-1.0990234971167319,59.59440982621592],[-1.1020860356994981,59.593027591584935],[-1.099081178728054,59.59190009694531],[-1.0814543144947761,59.5863755515051],[-1.0629098842015694,59.582984273747265],[-1.05488995071046,59.57355824437611],[-1.059167869767492,59.566139690842235],[-1.1300035743418129,59.547384961579205],[-1.1338890421805585,59.54801434405081],[-1.1625405905517312,59.55493828413051],[-1.1855696246078482,59.56110891408455],[-1.1909224239638028,59.5636245433094],[-1.1913123512997796,59.565383023545095],[-1.190405405950732,59.567020829522356],[-1.1849155468344916,59.57003961683243],[-1.2386724516596737,59.57669995142606],[-1.2844735812427184,59.58072067265175],[-1.290086343480038,59.581348912032],[-1.2976068587091563,59.58348442935745],[-1.3050794927703884,59.5873792013435],[-1.3078081580859857,59.59051759722073],[-1.3190828818852112,59.605573956109325],[-1.3188143285237317,59.60745455666714],[-1.3176767468426798,59.609462157842955],[-1.2984937126925329,59.61460206952746],[-1.2893648393907273,59.616106073148615],[-1.268327048024678,59.61798470638678],[-1.2436514854197058,59.61835994956907],[-1.2382614793434077,59.617609903444006],[-1.1485924683009645,59.62149091505004],[-1.1260536986685175,59.62311810693491],[-1.1113131471309008,59.624373191862645],[-1.04795948476846,59.6327589615068],[-1.027900213532088,59.640139809844115],[-1.124538780524577,59.68695552239586],[-1.168295141320579,59.69106926706097],[-1.2081939270895663,59.69368638236464],[-1.2118948991751943,59.69256444204013],[-1.217079736621877,59.69256444204013],[-1.251846281723655,59.693060403692265],[-1.253329044907152,59.694182749339596],[-1.2519764807564135,59.6962998295656],[-1.2384895091609323,59.70812524027115],[-1.2023203568209806,59.720684414566776],[-1.0999079565421763,59.751597175353574],[-1.0955730037574856,59.75246536566271],[-1.0109277086646913,59.76572596678131],[-1.0062013499700422,59.76485867443324],[-1.004942406337414,59.76324611257171],[-0.9999349959577705,59.75531547341569],[-1.0077953518508793,59.70065664093514]]]]}},{"type":"Feature","properties":{"NAME":"Unknown","ABBREVN":"Unknown","type":"Unknown","weblinks":"Unknown","SUBJECTO":"Unknown","BORDERPRECISION":1,"PARTOF":"Unknown","CONTINENT":"Europe","INDEX":146},"geometry":{"type":"MultiPolygon","coordinates":[[[[-0.8004115986079027,59.70277310827519],[-0.8590255763009825,59.698167342493264],[-0.8767306841436974,59.69854027480093],[-0.8864247511975866,59.699911335973894],[-0.8885590379947291,59.701279114629905],[-0.9096408399326769,59.7168329942423],[-0.9185475155072012,59.747131651016915],[-0.9193422865787,59.750606161380034],[-0.917434067891578,59.75990082637006],[-0.9158466423863652,59.76386868540792],[-0.9140841227039451,59.76572596678131],[-0.8611536278920635,59.80542235728411],[-0.852283900091312,59.80727404993481],[-0.8475318300679087,59.80789092471134],[-0.8414955895677207,59.80801669594412],[-0.8199535979334008,59.80764337840881],[-0.7732365339797288,59.80492716389337],[-0.7689608092678124,59.80282793471635],[-0.7627496936178744,59.77414300650213],[-0.762995874561465,59.77228650068148],[-0.7911633072939578,59.71334934489678],[-0.7922765213447167,59.71136088802617],[-0.7956062813783286,59.706010098620055],[-0.797365406759643,59.70414371998254],[-0.8004115986079027,59.70277310827519]]]]}},{"type":"Feature","properties":{"NAME":"Unknown","ABBREVN":"Unknown","type":"Unknown","weblinks":"Unknown","SUBJECTO":"Unknown","BORDERPRECISION":1,"PARTOF":"Unknown","CONTINENT":"Europe","INDEX":147},"geometry":{"type":"MultiPolygon","coordinates":[[[[-0.6361766180046583,59.78899113996466],[-0.6481300640407994,59.78206510831658],[-0.7261743248661566,59.78255762747946],[-0.7440122153560553,59.78614496311838],[-0.7493626906642501,59.78861726491406],[-0.744668731263256,59.799001130928374],[-0.727924758860054,59.83588410853214],[-0.6843234727112139,59.85705204727663],[-0.6806488297796202,59.858038356792356],[-0.6247049850061832,59.85631580652993],[-0.5989274854193927,59.85213351835583],[-0.5950650038794456,59.851150291853166],[-0.5875926511612565,59.8462259246423],[-0.5869680555003497,59.84450531170167],[-0.5920372798537747,59.83539010028778],[-0.6361766180046583,59.78899113996466]]]]}},{"type":"Feature","properties":{"NAME":"Unknown","ABBREVN":"Unknown","type":"Unknown","weblinks":"Unknown","SUBJECTO":"Unknown","BORDERPRECISION":1,"PARTOF":"Unknown","CONTINENT":"Europe","INDEX":148},"geometry":{"type":"MultiPolygon","coordinates":[[[[-5.130281887147583,60.09699784437522],[-5.13419184487133,60.09651450685464],[-5.140131925260789,60.09699784437522],[-5.1786203814271605,60.10483454376885],[-5.273130315869006,60.13108552024048],[-5.352947072206062,60.18749415606127],[-5.355287153157998,60.19635055616716],[-5.352961205339158,60.197904518500614],[-5.340484171868818,60.20388635552966],[-5.326139433191665,60.205919238639794],[-5.315129810443449,60.20687465724269],[-5.297542579691659,60.207472400969095],[-5.177593217620279,60.177670599254526],[-5.1743005307440955,60.17659077703826],[-5.163516307960472,60.17011802507404],[-5.128101726109975,60.115921159775134],[-5.119221581945356,60.10194346703163],[-5.119829741126031,60.10037372709053],[-5.130281887147583,60.09699784437522]]],[[[-5.0693699923889355,60.28325790707362],[-5.092234705456003,60.25733512614536],[-5.099591637024876,60.25280920938695],[-5.110224681192898,60.24947593863087],[-5.1487952702287965,60.2643561513784],[-5.247612566669245,60.28159391046643],[-5.251464184137186,60.28147629720742],[-5.269617124574811,60.290025686910326],[-5.299121379329227,60.317182110281706],[-5.298506132515136,60.31872048790339],[-5.295576547872521,60.32002505346326],[-5.264700003728553,60.319904834784786],[-5.258124342855364,60.319670362231676],[-5.203033911817212,60.315405565157974],[-5.1982191097128885,60.31469291089345],[-5.111417501372587,60.29916513685364],[-5.104636233418718,60.297027544200844],[-5.069147787681007,60.285159822297814],[-5.0693699923889355,60.28325790707362]]],[[[-5.398228645567111,60.388036549411005],[-5.402671307359068,60.38485716630206],[-5.40920871421168,60.38026292516274],[-5.489116146119629,60.36930101066335],[-5.5050752840188055,60.36765242646493],[-5.51726584885248,60.36717941902916],[-5.5089233726908,60.37248459292928],[-5.508878197108047,60.37613998335504],[-5.50974428411113,60.3776707180107],[-5.512997290381562,60.380499169002235],[-5.523010824022691,60.38367972886703],[-5.5339040839986,60.38662331365945],[-5.53835528073019,60.386742856066306],[-5.53923827899997,60.38485716630206],[-5.553816224375119,60.37743441745951],[-5.62562651044722,60.381441128304004],[-5.630638459970224,60.382149350662026],[-5.649800754165774,60.38685942993921],[-5.652394397321666,60.38815607746508],[-5.687542160125559,60.408504748360734],[-5.689244503204879,60.41167774094756],[-5.68943414459382,60.41344282245456],[-5.6891523506146795,60.418727172545736],[-5.687901794118665,60.42013655021071],[-5.6823128909630345,60.42060743225431],[-5.532055548457242,60.427061764370265],[-5.526134946294233,60.426826455461345],[-5.48170197255872,60.41388183094628],[-5.401466987045316,60.401100301726395],[-5.393184526260455,60.399336327293405],[-5.39058385759696,60.3980409119426],[-5.389926383944799,60.39651240075239],[-5.390817492409546,60.394512203120144],[-5.398228645567111,60.388036549411005]]],[[[-5.142379853350967,60.33268638731795],[-5.150898594292535,60.330912586071506],[-5.156592489589801,60.3313870453287],[-5.192427585394574,60.33801045639534],[-5.263634725982466,60.35821247225586],[-5.331491994345576,60.37908502837012],[-5.3842647176440845,60.40681467384409],[-5.45680217001806,60.41252161248182],[-5.532217874845046,60.43233997378233],[-5.5339466893196105,60.433747713362436],[-5.533929975004918,60.435506516294225],[-5.532133367060728,60.44113493297587],[-5.531236334730677,60.44312718824043],[-5.509693205991849,60.47963371036053],[-5.496922418240794,60.488040460499704],[-5.4942084497753685,60.48932592894499],[-5.450706962661003,60.487690808611504],[-5.44549294212798,60.48698895150157],[-5.415126010325181,60.48220384469515],[-5.402508829878056,60.47963371036053],[-5.3990355849799325,60.47858143957893],[-5.3966527436131315,60.47729478075342],[-5.393191184386341,60.474492576610196],[-5.3899631779828185,60.468180200262516],[-5.385203920527412,60.46221440565073],[-5.383471780712136,60.46081009619369],[-5.379355595379965,60.45811641460931],[-5.346475852539914,60.441018897471224],[-5.334077035067672,60.4365626841102],[-5.313382070851233,60.4304649764693],[-5.29160287447092,60.424479866903404],[-5.235754266048693,60.412032639682565],[-5.158470365369602,60.377790775542216],[-5.151038013855325,60.37413589695582],[-5.146894957847812,60.371425616587594],[-5.132157473233129,60.35053610283787],[-5.132156740168452,60.34876454682534],[-5.138831055096549,60.33387232254029],[-5.142379853350967,60.33268638731795]]],[[[-5.061020663993568,60.45648026988114],[-5.063934838227484,60.45519116482718],[-5.070476977792383,60.455541373865785],[-5.089874374391117,60.458470327617725],[-5.107302834526854,60.46186102758478],[-5.110572426537283,60.46291481224476],[-5.127818115004632,60.48348659649397],[-5.1328996982602835,60.49924097081373],[-5.0688768832543705,60.46888024794154],[-5.0640761029558945,60.46642294975593],[-5.060812341172653,60.45999034599774],[-5.060144957194011,60.458470327617725],[-5.061020663993568,60.45648026988114]]],[[[-5.0966386344096355,60.39851268156553],[-5.098492975394802,60.38297456682889],[-5.107713020829664,60.38415207477078],[-5.169564497635338,60.398628715357106],[-5.295151424638508,60.4301135921811],[-5.314318301877783,60.4365626841102],[-5.3260675533352595,60.44113493297587],[-5.3602040498259935,60.45507526902544],[-5.370213882962411,60.45987491918846],[-5.373254438598335,60.46268022495116],[-5.3957552018840085,60.48430469191783],[-5.393100526001332,60.49177502645397],[-5.313660024419174,60.50250772401791],[-5.307779274880176,60.50204014200607],[-5.298651568532482,60.50040681464236],[-5.201010876894402,60.48196964625824],[-5.1473853771375655,60.46923046644898],[-5.048226900815012,60.44265763390951],[-5.04581748992046,60.44148556416857],[-5.0413894417057685,60.41614343694478],[-5.090179935122294,60.402744209371065],[-5.0937221279249405,60.4015685615385],[-5.096031242900313,60.40004050919402],[-5.0966386344096355,60.39851268156553]]],[[[-4.909297767054781,60.43714898068104],[-4.986101833665953,60.43081592788475],[-4.9928660711734985,60.43292648216318],[-5.013388526416122,60.44265763390951],[-5.025609787495824,60.448867892750165],[-5.032162667836932,60.45448987225754],[-5.03609701549202,60.460691307602154],[-5.007099469349508,60.4654368534869],[-5.003167784501798,60.48643584137562],[-5.020138304181856,60.507002515203666],[-4.994760932065892,60.51019996749808],[-4.9916915100832515,60.50390699935737],[-4.98187777395549,60.49364353866554],[-4.960707365718357,60.482434674797574],[-4.957887783631662,60.48115138627031],[-4.913845558691287,60.472971085083266],[-4.889655409220843,60.46923046644898],[-4.885503125992799,60.468411309054915],[-4.88310432631756,60.467126471212424],[-4.883095347452594,60.46537285118329],[-4.884174452881947,60.46338397265263],[-4.900207366146109,60.440433217040415],[-4.901418157886342,60.43914191580814],[-4.904343383964887,60.437734825771244],[-4.909297767054781,60.43714898068104]]],[[[-5.033562045470609,60.46771123315727],[-5.040581802835191,60.467592514967194],[-5.050647040792181,60.46864578086111],[-5.0541299113752025,60.46969895140318],[-5.059143670829,60.472152191125986],[-5.090285623979046,60.495508809881194],[-5.092676177859097,60.49854275175818],[-5.092676605546199,60.50029136901268],[-5.090725106658293,60.50588852700719],[-5.089847994752081,60.507870134903065],[-5.084985098109288,60.516489932034844],[-5.080236137030833,60.5171870686599],[-5.073450246916086,60.5171870686599],[-5.067568548745966,60.516723433473366],[-5.063228379941495,60.51578939940225],[-5.021714364383022,60.488742674222024],[-5.016698145255437,60.484538843252494],[-5.013628502262341,60.47823150267559],[-5.013638534357246,60.47636050733431],[-5.01424384646558,60.47484262612625],[-5.017618868045456,60.47145234035913],[-5.023245548017815,60.46876448830396],[-5.033562045470609,60.46771123315727]]],[[[-4.894830621203754,60.47951511386384],[-4.901622595710581,60.47951511386384],[-4.907510360389781,60.4799836050244],[-4.950841060997858,60.48512230933044],[-4.956726417686632,60.489207431440114],[-4.997485942100935,60.52114565461653],[-4.996047597444063,60.522542675813916],[-4.984661304568066,60.52556953362601],[-4.980323704619231,60.52638465954853],[-4.9756181966143735,60.52673272506454],[-4.960241859911694,60.522309292014015],[-4.953492205282008,60.52021533077681],[-4.883184005168193,60.48477298986357],[-4.894830621203754,60.47951511386384]]]]}},{"type":"Feature","properties":{"NAME":"Unknown","ABBREVN":"Unknown","type":"Unknown","weblinks":"Unknown","SUBJECTO":"Unknown","BORDERPRECISION":1,"PARTOF":"Unknown","CONTINENT":"Europe","INDEX":149},"geometry":{"type":"MultiPolygon","coordinates":[[[[-3.929867289683238,56.48534599220064],[-3.934850041049054,56.48611291066201],[-3.9377404198473327,56.48749582314843],[-3.9385404256128247,56.489489063786785],[-3.9384090198060355,56.4917902976805],[-3.8723757792720943,56.572926116894756],[-3.8693238226425644,56.574453014911725],[-3.859907765277626,56.575522920581875],[-3.8157450044944388,56.585905270010215],[-3.8120345196439103,56.58697449110731],[-3.7983023273889294,56.59185715068616],[-3.7924383574021077,56.59475710919389],[-3.7787936016655697,56.602230022144695],[-3.7735899323276465,56.605584952456894],[-3.7669085920453464,56.61091849859767],[-3.758294445952408,56.61823491953548],[-3.7381097223972635,56.63696294526955],[-3.736844172461099,56.63924531733118],[-3.7361282368363398,56.643963081457905],[-3.7264145183862527,56.65065607373047],[-3.7146848414452447,56.656736337378405],[-3.6792213728200767,56.66767699425322],[-3.6444932470911393,56.673601076568005],[-3.5824341139531777,56.68377671555674],[-3.5760711392311446,56.68347234007359],[-3.5712116209503884,56.680587344244046],[-3.5701204081657107,56.67967786391616],[-3.536766077822658,56.620213683081424],[-3.5361859016653447,56.61823491953548],[-3.5378849220787827,56.616250999644556],[-3.5483949874196195,56.60710906381101],[-3.6036591931277484,56.562536235394354],[-3.6107715075389244,56.55749422952261],[-3.6747525487857593,56.530568733427074],[-3.6919702821805824,56.524596466777474],[-3.7417036967757857,56.50865998420984],[-3.8028905562889395,56.49255749449574],[-3.852437168512622,56.49716219863125],[-3.8574198637060726,56.4979291668599],[-3.8690266438270404,56.49869610244918],[-3.8823889369448508,56.49670332730399],[-3.929867289683238,56.48534599220064]]]]}},{"type":"Feature","properties":{"NAME":"Unknown","ABBREVN":"Unknown","type":"Unknown","weblinks":"Unknown","SUBJECTO":"Unknown","BORDERPRECISION":1,"PARTOF":"Unknown","CONTINENT":"Europe","INDEX":150},"geometry":{"type":"MultiPolygon","coordinates":[[[[14.623317181239798,57.99547203653418],[14.593667195780533,57.99448903969812],[14.576465976623096,57.99547203653418],[14.570054428588891,57.997013085718415],[14.571175586813625,57.999679636586706],[14.58119556960516,58.01047906630626],[14.61600216817001,58.034430967799366],[14.64866234732054,58.056108746771145],[14.640916108478534,58.07971134400129],[14.567911664746676,58.11121701283704],[14.536051249296667,58.15794416107587],[14.53361736096889,58.1981562433002],[14.509278890466401,58.24475696734654],[14.478443301415217,58.2801987289363],[14.472504777159113,58.287775023048226],[14.470129223410492,58.296171362375006],[14.470426480042656,58.29933445604312],[14.475157951014822,58.3051106263573],[14.48814607950109,58.31501091061232],[14.515784342950996,58.33341643214822],[14.524588644572349,58.337272801101776],[14.539716093554153,58.342058666688665],[14.55164629817709,58.344801866373196],[14.562395062484674,58.347819057639065],[14.567509696332664,58.349464903310114],[14.587303044217222,58.35604649229635],[14.600657284343137,58.361801055823996],[14.631280500934936,58.37946589843088],[14.642968875712745,58.3864436062083],[14.66085088140844,58.39765375984487],[14.67398706914893,58.40749352736289],[14.685571631959924,58.41814452545058],[14.709274227267228,58.439011657004606],[14.712608149880603,58.44146689527477],[14.716713082475207,58.44351065705438],[14.726913516567022,58.446777838781294],[14.8744142606458,58.49329757986253],[14.880498625920167,58.49452078838803],[14.900626385245381,58.49696348200628],[14.907481262089352,58.497780230764],[15.032837794063369,58.496285023419865],[15.049386651373338,58.49560604502872],[15.058788138509726,58.49519981634733],[15.132078141797612,58.49085379486176],[15.13385455051223,58.488410097334885],[15.132721022712273,58.48610051493091],[15.165839635451382,58.450866572772675],[15.094703906752631,58.408037861299974],[15.032939098676612,58.39888482146344],[15.003577316548993,58.390271671104706],[14.996825579135034,58.36837726569505],[14.98992550094214,58.29369184066881],[15.001302866344055,58.275930506027485],[15.003071885178887,58.273447680640615],[15.020656520676607,58.264073287441114],[14.987958410172748,58.16377449093614],[14.986644678112642,58.16113597285942],[14.946199462032462,58.150723408739324],[14.866124073852049,58.131679854299605],[14.838021219600224,58.12500084213011],[14.825424969228939,58.122914311264466],[14.792213099421796,58.118739402368256],[14.779835031790729,58.11664801680865],[14.763129274782816,58.11233404841963],[14.748380179263796,58.107318789622184],[14.744238137720647,58.10522937129589],[14.74109314356934,58.102718787602505],[14.713919421726237,58.079991178507335],[14.711324411995724,58.07705844328656],[14.710214660166509,58.07440559200257],[14.71309378981804,58.05163598604261],[14.71406218424732,58.048697899081105],[14.720469364423321,58.04716143697653],[14.725165728920722,58.03918571158387],[14.697491149509887,58.00837256883251],[14.691821292314135,58.00697093982749],[14.630762735677731,57.99603422641951],[14.623317181239798,57.99547203653418]]]]}},{"type":"Feature","properties":{"NAME":"Unknown","ABBREVN":"Unknown","type":"Unknown","weblinks":"Unknown","SUBJECTO":"Unknown","BORDERPRECISION":1,"PARTOF":"Unknown","CONTINENT":"Asia","INDEX":151},"geometry":{"type":"MultiPolygon","coordinates":[[[[11.844309255802104,54.74388981810085],[9.824369029921993,54.40974158646702],[3.164886410581358,54.01639165685582],[1.301349666558552,54.49161571270265],[1.33974093665212,54.60883102744199],[1.5133884024840365,54.66930446312945],[1.5363076496395012,54.67727982117325],[1.7096015039385686,54.720957224184765],[2.056116759866946,54.745982002991845],[2.1223926816149885,54.77201300853393],[2.5163848253591032,54.90582001389173],[2.6990146258225742,54.92985143985542],[2.916899610627543,54.90636685984606],[3.0925551350269864,54.91058097392148],[3.169746665345454,54.950316146591774],[3.1415342943633946,54.993786069598336],[2.951641623353406,55.06454394458241],[3.2464676670916734,55.19067480691681],[3.562301038112551,55.35510484745998],[3.6604647727430515,55.44842823278291],[3.8566147570620966,55.752737850596176],[3.9198166893366264,55.77956992406031],[4.158674943921446,55.81040868343238],[4.299333856488436,55.74567907521205],[4.354362389070035,55.676233955247575],[4.252219012948471,55.62345034584881],[4.166368517573816,55.63813144238049],[4.198226675918747,55.50867372489105],[4.128357749829188,55.476186876185636],[4.568386740829025,55.417017045433965],[4.649070263996839,55.47914225057922],[4.799454772127536,55.50867372489105],[4.842700336735127,55.61758274006816],[4.670936219334791,55.62345034584881],[4.622714690313455,55.655721294914564],[4.612129898288316,55.70843010838791],[4.698142702293359,55.7493348757877],[4.633742043036032,55.755171309026984],[4.424430400447294,55.77267652707959],[4.44615968409738,55.857082746167954],[4.431473525558346,55.890528338842735],[4.4221327527209295,55.89916337690507],[4.4653107024992975,55.97152910673831],[4.675662124847371,56.02213383978267],[4.935586457547339,56.08280698700531],[5.179674440803142,56.075312000674884],[5.582081905898825,56.1137613876851],[5.678837280956676,56.04365468213274],[5.802272676281401,56.032132589644405],[5.834319539841868,55.98597334606045],[5.9309514349521955,55.9859711803636],[5.952560889679587,56.02348258815441],[5.775575999001949,56.072438628010914],[5.813565002511035,56.18146212680721],[5.91574961630525,56.22720645151296],[6.052804966518569,56.234353993673054],[6.467426153489979,56.24984720153077],[6.499240722742914,56.250737594191584],[6.576214205262195,56.252891762097576],[6.615032316226865,56.21264203383808],[6.693884942958,56.144226344254534],[6.640039568314162,56.10405370956278],[6.763406512762611,56.075312000674884],[6.817158085008317,56.092564492125014],[6.8280892958975254,56.141361434156735],[6.763875175660041,56.19290507639775],[6.860499931925344,56.1900476799752],[7.026754851504274,56.14709295963208],[6.957340251075691,56.23862324243037],[7.021336497552005,56.321881578797715],[7.03833012202309,56.3439690923261],[7.076719713751059,56.339734263308685],[7.2959130742003095,56.31554538668957],[7.5215095916308625,56.338285760888716],[7.296209229681422,56.38085599878523],[7.258890511833701,56.43748156706477],[7.361024758444158,56.46291098073376],[7.264515358110919,56.491128436474774],[7.216370992060015,56.52776141591029],[7.27553063209625,56.5474584253921],[7.2971766738152,56.58117808048887],[7.05008919857625,56.56151179587556],[7.02346583073089,56.606436660494325],[7.265245993641963,56.63725956370361],[7.340668275465113,56.684810470528475],[7.158653699791686,56.78791729780044],[7.030234921016194,56.87113278896462],[7.039428434955421,56.93912868436168],[7.0525785651079405,57.03669755835469],[6.966278596142615,57.1897445527206],[6.903011482120065,57.186089814716844],[6.763450493804694,57.25592950192111],[6.682717973755185,57.21227108652333],[6.532506315268552,57.25320075738329],[6.597292415510082,57.33754216781962],[6.748137926474164,57.40679118487793],[6.741065396411887,57.44926735083223],[6.565189744970467,57.57594018795846],[6.565141701541612,57.635577356959004],[6.600187883108942,57.750888527224134],[6.698595996325625,57.77535965050174],[6.818143843646498,57.74069604856431],[7.000963046597772,57.713028114643855],[7.1414923562145045,57.84532798069584],[7.246943053328565,57.86624566881219],[7.3665254029089615,57.76573404114935],[7.507129143712842,57.7763424075636],[7.500037999275468,57.8976772143082],[7.528120033962526,57.9804751893714],[7.900763854155933,57.98435531228522],[8.210140337233856,57.964076286302536],[8.238308770624661,57.83972452081902],[8.315666379048364,57.77037460000465],[8.730479563434878,57.756953572271435],[8.786749449136469,57.71868393822297],[8.695396504692203,57.578545132931424],[8.494057440274254,57.54550853572102],[8.442294265376095,57.606321153099856],[8.322781883617003,57.599160354379585],[8.231398574865414,57.567442054047106],[8.284399537927964,57.50247124890022],[8.230255399986948,57.40530221576798],[8.119028419006181,57.38721407391885],[8.10102587509033,57.32939636100645],[7.870055187921345,57.321244574294674],[7.934270325072004,57.266827965611505],[7.830897374157501,57.24447104928744],[7.7676777973472415,57.187165057730226],[7.753677500719119,57.118980349817576],[7.760745816363036,57.068603198288095],[7.691436670256496,56.98705711835722],[7.75506533207276,56.96653526301477],[7.8521410217143695,56.935185844703405],[8.069951309795048,56.85216650603151],[8.178860820283068,56.77957232076322],[8.178538290930351,56.7238856632574],[8.090905710089237,56.680899664927715],[8.25353839231926,56.69318994755985],[8.323045591820902,56.64005577421542],[8.379057092454694,56.65930801655922],[8.484207935407785,56.65405320773467],[8.57582365951596,56.61554160260166],[8.744496851315297,56.59739829168272],[9.060806098723381,56.62717660341474],[9.095897027429075,56.57578065627261],[9.074786252806062,56.53894504098539],[9.057916101899082,56.508044903936906],[8.821283336497448,56.4346515219885],[8.868242150503,56.41632045501088],[8.944523369047435,56.386521839933444],[8.96457293068098,56.38940517645643],[8.972494101315359,56.390544266047364],[9.026587372769352,56.39832217983987],[9.18093732786187,56.420507357256206],[9.229021729725659,56.37518415239996],[9.397995588960978,56.37657736395195],[9.514112956375252,56.47420030260721],[9.900885298028781,56.508044903936906],[10.11501019187768,56.566053216245635],[10.234428897572483,56.59509766830561],[10.384867556775047,56.631657462291656],[10.48134074610978,56.60363098370918],[10.621210890305845,56.645659411792266],[10.696100587531488,56.600824866014484],[10.733440928972946,56.56151179587556],[10.979395188714513,56.48973136007802],[11.049653306898382,56.471359121202696],[11.239448851598144,56.50115133893462],[11.302025325203214,56.47138232493963],[11.337714546075906,56.386521839933444],[11.360254298451393,56.32976063681302],[11.421850385552293,56.30416991656903],[11.558583469202972,56.272846134859826],[11.695521107481728,56.2785455394428],[11.711444333231242,56.245759952043215],[11.787295136817324,56.23939023486896],[11.915365628108729,56.2286323337924],[12.006461924834253,56.197196767507414],[11.963777789452045,56.245759952043215],[12.015000173234425,56.28424104452015],[12.001788153312985,56.321235789852764],[11.934869374290159,56.35390589083905],[11.921437831018963,56.38629507060401],[11.913698131166175,56.40493793531141],[12.00482593390574,56.41529566317827],[12.251429011476496,56.44331146114271],[12.408757563660064,56.456019151176385],[12.592767771075653,56.49388223540507],[13.069247596508514,56.52555540194519],[13.239501156207796,56.564768975640725],[13.510610838928269,56.68288644528168],[13.907731260229827,56.75611222380792],[14.450230602372319,56.830054120145185],[14.95440318540243,56.850991656447455],[15.37060004627433,56.74909384868591],[15.02944796222782,56.82107144137725],[15.017549741138378,56.78511535297465],[15.121459376651925,56.74308448084239],[15.195822749001797,56.62856300912892],[15.334577912457625,56.59529301026333],[15.344453370996703,56.59467825742109],[15.577742987315384,56.58015282095409],[15.809655880755948,56.60739970161907],[16.178561719351563,56.70808233460202],[16.19859726163865,56.70699149843509],[15.861763391255256,56.60437222774238],[15.797826608370718,56.577122825232706],[15.803382172572617,56.54680514727866],[15.884450522097724,56.54376740677377],[15.983159679425787,56.5740944138804],[16.071481032264344,56.59526124827754],[16.19790306968178,56.62554121699431],[16.335725776444608,56.67174991552981],[16.383490176897645,56.68775342910978],[16.543480998961645,56.74123119664755],[16.650941123503248,56.76410934737263],[16.540935070700634,56.77011362326403],[16.390182796600943,56.75510532102432],[16.326760972047058,56.78811830772816],[16.291597016255267,56.74308448084239],[16.25107597624346,56.746090459363],[16.24638575921343,56.86593051423013],[16.29825976416687,56.91891806299597],[16.449632911337297,56.91664515716637],[17.00110420966473,56.90172092836975],[17.15572079340792,56.898300874900315],[17.275320836749238,56.91654641786293],[17.30376204763431,56.977976883572424],[17.221224421159064,57.0475108553398],[17.308195740048596,57.05939047691177],[17.27531435472644,57.08872666864186],[17.242373262439415,57.11808173316686],[17.221753205999185,57.13643704311087],[17.26811966358774,57.1393938253895],[17.268866466947326,57.18313102553524],[17.066550126817166,57.33658487009109],[17.054606693981487,57.36972116084205],[16.99252974237544,57.54057315783407],[16.94509152131734,57.56437214192264],[16.917451473457973,57.57822868495484],[16.890031990020805,57.77227813049701],[16.883116959268015,57.8417131967717],[16.91832771992096,57.87984680951778],[17.136454922464196,57.966387217667695],[17.100911171768008,58.12882210682959],[17.186081140447612,58.16510641679517],[17.263565103988885,58.226435457670625],[17.327988486906488,58.27168191693701],[17.432448924769904,58.277497155947636],[17.798199874515248,58.321901852402874],[17.854477865410868,58.332098599285885],[17.90808545001388,58.346863866381206],[18.012400392538638,58.346863866381206],[18.046751025446323,58.293990266106704],[18.3112073061835,58.20728624408594],[18.47461716040577,58.17095657051166],[18.592111016000416,58.0642945939508],[18.635783392834195,58.03014789857686],[18.809896309803072,57.9856047697859],[19.09812883930709,57.972189110731236],[19.39357660823585,58.02753676731428],[19.47098849498615,58.05506623625866],[19.5133609837566,58.12013098679292],[19.464377965565664,58.20865470359489],[19.3283767747284,58.40235480123507],[19.38080682821639,58.456027927158395],[19.392652195327358,58.46815190046353],[19.43361662461347,58.5100713979417],[19.405312362236707,58.58701017631809],[19.452138389925487,58.639030235905096],[19.304164697936553,58.68484192305407],[19.121349743787142,58.58975091631673],[18.982737582076368,58.64449734967321],[18.791545325723174,58.652693267816396],[18.73540743070713,58.85637182530795],[18.608407224809415,58.81596564906057],[18.45763662092828,58.904900989908676],[18.498603346012136,58.9479230268095],[18.405125910284006,59.0019824966278],[18.493453445066073,59.01759733888449],[18.441787823517192,59.070995492943084],[18.560158583977994,59.07996727995702],[18.917355565610293,59.09763780147489],[18.90498007307534,59.12558376591789],[19.094977784255946,59.148360784683746],[19.126915314162765,59.18788384703341],[19.28901595119066,59.166689922725624],[19.306166631422318,59.19042066229633],[19.422470598914582,59.17994172685821],[19.434515168533935,59.22489827566863],[19.840689670393157,59.18458422103669],[19.97383302256646,59.24601491628299],[20.019853843104688,59.21169156783102],[20.193949297171383,59.23018270776373],[20.68492089183657,59.224054845268455],[21.10676386078524,59.18921981930623],[21.225075375410714,59.16404016731926],[21.430234597421826,59.17351394448799],[21.781809902292707,59.154600837649205],[21.92260579081799,59.17727496153163],[21.99672507610885,59.22754163256186],[21.993732206059505,59.22942993814208],[21.950672523786086,59.25656189150883],[21.886994477272506,59.26447030724991],[21.899171370075898,59.317080571364784],[22.015197049151553,59.324957352907234],[22.084381075377276,59.29079738767491],[22.17118657332673,59.27763845177033],[22.229359753163607,59.29605633770162],[22.183662115918278,59.32483071322182],[22.275271352517112,59.35676433159817],[22.464967234407492,59.31557753299144],[22.563514439400738,59.32843596276859],[22.641297697555945,59.39847111921928],[22.732976599400875,59.436590011797094],[23.007178615094904,59.414731486223225],[23.309295103277673,59.357915389888404],[23.464035391439786,59.35808733832412],[23.576782472772084,59.389982579005085],[23.40143624442733,59.47211281652572],[23.162262051202234,59.53826375749409],[23.021571252900447,59.54441774687449],[22.606553443369002,59.52818030367761],[22.38143601107703,59.546872656069425],[22.27590512748291,59.56882190112719],[22.142196388951124,59.63156104776296],[22.19134329678512,59.719258713219965],[22.149087441381372,59.759749116169004],[22.08357328769404,59.75091572933833],[21.776318972770195,59.709449311184116],[21.37540495989595,59.671482129462234],[21.339405122118176,59.63493100875519],[21.142502310866906,59.678808440240125],[20.974466780887326,59.64910930686698],[20.96831196830863,59.62199977486839],[20.721244769344132,59.6362883702552],[20.643829138504923,59.65817558225664],[20.629675702036316,59.73627763591282],[20.591519251461072,59.62976143045612],[20.510220026530376,59.60129550219396],[20.292194386158236,59.59183443312897],[20.17969608655925,59.585749196346306],[20.167834320696297,59.531220178115895],[19.933424067439926,59.59772557112169],[19.854824309974084,59.54161973413897],[19.622869997295666,59.52861684154281],[19.518332278615578,59.49215785067334],[19.489477843601037,59.518207024818196],[19.321522221503827,59.496100361884785],[19.153005222413103,59.473897601753556],[19.100274775031426,59.41918255344018],[18.978861133200372,59.4504623587912],[18.752496392245735,59.424400363921805],[18.72955075803375,59.447860541426486],[18.514600635868064,59.4035151510946],[18.32326815704774,59.40090067669168],[18.155092830598658,59.39567719606085],[17.964310143897347,59.447860541426486],[17.865393447706865,59.50398880713006],[17.935683088558047,59.57350118316709],[17.640240094612288,59.570035912056596],[17.472078173277932,59.533816074578446],[17.466644136292036,59.61165346382106],[17.31584180544684,59.59611430335789],[17.070360024979607,59.65111561967037],[16.92261249641303,59.66348132291924],[16.760756739440396,59.71023515810845],[16.64104071707129,59.79110951274292],[16.577435304112576,59.93335662192363],[16.605389976294003,60.00714017590777],[16.591092292359694,60.0927099416146],[16.60502793667821,60.13838976298977],[16.44996660210998,60.232164050395724],[16.27384833695747,60.30430022586067],[16.32962021794303,60.430076399173025],[16.294132770726627,60.50437100052522],[16.174369740583234,60.542739115353264],[16.040636776430706,60.560340499867365],[16.04037010525444,60.61634756855503],[16.11743204210565,60.678079850687176],[16.31410975628697,60.73091410347006],[16.349078839845273,60.765928589203156],[16.28542117405056,60.82685384636572],[16.404830258376148,60.8530366692346],[16.630059766974092,60.83010969199358],[16.72859976529852,60.81860804360112],[16.876061212799602,60.85929613943006],[16.945897962377845,60.937204712347736],[16.945320331653335,61.02031923279355],[16.99420631541838,61.06884698927723],[17.121222738867512,61.01191305229328],[17.21265840773856,61.01200788414584],[17.40612552110973,61.092914461284586],[17.689377573949486,61.21107873862979],[18.018912645119432,61.32630917128726],[18.250033754713478,61.42656240136836],[18.558742849406656,61.49585713798387],[18.854157799993903,61.49063736938644],[18.846547505943484,61.54282140260148],[18.790004502122574,61.56745961669882],[18.65606148814552,61.59478377282916],[18.662260138045976,61.65771084092976],[18.675439786946658,61.72303918088794],[18.541200964286702,61.76897698437804],[18.154255840674494,61.784825257896784],[17.836772231110224,61.85992682874251],[17.637964226340472,61.86389290717833],[17.56127936572876,61.86455281862858],[17.252312380222524,61.83740987469726],[17.111912202626105,61.82112312171508],[16.78057245981177,61.88526965401272],[16.6535978213874,61.91458764230032],[16.54840483243345,61.89576452166885],[16.36646682972349,61.833886036359175],[16.234168044193463,61.733812078572754],[16.14306771440975,61.709296736090955],[15.925122430408404,61.706367084527024],[15.771130007678938,61.64627395056314],[15.898181105566064,61.60535832551641],[15.961836715670627,61.57249679994282],[15.863857195956463,61.52577075613155],[15.590237328688918,61.45667973170424],[15.717240550685489,61.40978141878732],[15.858131280530651,61.382170767900966],[15.992211149890483,61.32941656115344],[15.767695980550986,61.26488463199953],[15.666709330187361,61.191688715241604],[15.66279126380963,61.18884731022637],[15.571969210008268,61.106712491974754],[15.080434626041376,60.98647244650046],[14.862715196837343,60.93461071537252],[14.693679381732915,60.971766853060274],[14.588261190431414,60.95731789652276],[14.441144205767333,60.85921702611288],[14.230268196285431,60.83296184997984],[14.026626511029594,60.76887395818579],[13.97063163292593,60.71632569583183],[13.914481946992709,60.68995252375493],[13.661281340099961,60.683839674908846],[13.583879109663261,60.68962018349695],[13.668752568464575,60.58983078183536],[13.528418500827346,60.509879857213996],[13.190631498511145,60.54505561955199],[13.296550482262294,60.44427299133713],[13.395210944761178,60.39664964822632],[13.367708248203533,60.21325397941157],[13.198927524164713,60.200976239074876],[13.13573866365396,60.16150431964184],[13.245031435350684,60.013452839474375],[13.273317247099532,59.90592545987792],[13.431756377465987,59.817525239940835],[13.341653088639411,59.782493112754665],[13.669710669565562,59.766115455698355],[13.759528438743356,59.72862565957939],[13.928947814616322,59.74503932432279],[14.193057551184655,59.62508504481129],[14.362128230218833,59.5612158048734],[14.674218034093606,59.52800360567328],[14.768977730104588,59.444770114374286],[14.890442900133781,59.41620252865911],[14.916295562984308,59.34695529303086],[14.778706508463054,59.34695529303086],[14.619378585205572,59.27981278623923],[14.3331003457537,59.21722043453546],[14.168784980145626,59.1834130810254],[13.983599214941473,59.18583166869308],[13.925587917780584,59.20997996883998],[13.634741684058842,59.23409290077576],[13.39161310420037,59.270196845463644],[13.164182134124042,59.28461732645777],[13.121678213884376,59.26298263846497],[12.95782176370043,59.2870216055788],[12.883248616515527,59.22444998824946],[13.169110860220474,59.23891534864117],[13.359173015178696,59.1834130810254],[13.570759533273625,59.17374336927334],[13.655077952412322,59.1301500205719],[13.829581564902533,59.115594856291594],[13.829791657844613,59.14227477523006],[14.051920821288054,59.127725221729825],[14.13162610402691,59.16890151788319],[14.237436708875114,59.16648707161242],[14.401653315021376,59.18824983107252],[14.486175689252011,59.17132443509089],[14.486439133553679,59.20273745279511],[14.54464655593891,59.20273745279511],[14.629049501716361,59.17132443509089],[14.62361943277672,59.15438534187573],[14.369586494963874,59.14954025145691],[14.464336677612094,59.08888139692493],[14.199320752930134,59.03287322649305],[14.156512325284995,58.97178699699136],[14.024096458199255,58.95464347513874],[13.987211042135609,58.974233598511695],[13.992769879159086,59.008464845614164],[13.972065070565124,59.066983276608305],[13.882073438592258,59.06211832728804],[13.876019389810807,58.96444283913981],[13.71674195296142,58.893275016626994],[13.631991334055089,58.8809730651958],[13.499826675773155,58.89573159150161],[13.51005769703394,58.84895132698545],[13.007362080871989,58.84155064909782],[13.087342331620915,58.74272507484649],[13.284160913811816,58.68678029647339],[13.340210115110612,58.55394402213543],[13.31885248016808,58.4814214573468],[13.220537814364626,58.47022733201301],[13.107088420349662,58.48429938704048],[13.143067119615484,58.389544521771796],[13.251549701385613,58.37165495507899],[13.220324264509063,58.312062566003],[13.318697779981889,58.26140472791497],[13.206099233143528,58.17974667301936],[13.149728855958873,58.07726912363805],[13.1636668527359,57.950188099718815],[12.959318298517676,57.732808646472364],[12.93849742675898,57.710625161440554],[12.762497004801668,57.545292520180155],[12.699381911066252,57.5597038206776],[12.526953909453045,57.61477734483226],[12.31270754133129,57.56977131887223],[11.849269108423494,57.5906387348719],[11.824684547354652,57.51803389332894],[11.729185193270485,57.537408976940604],[11.552236375865446,57.47556536164079],[11.46691721323438,57.353713606546464],[11.611694441674185,57.274115874534296],[11.4902708325684,57.18496184993406],[11.308949595848455,57.21574632971033],[11.244091236469835,57.22457375017098],[10.83080992084239,57.16030203929415],[10.419608799588813,57.188039781365326],[10.413721780448652,57.22189852667567],[10.480347516719243,57.24034369409607],[10.450307963649854,57.28331342967966],[10.541386117618762,57.353713606546464],[10.287930860635992,57.478600189866455],[10.119103159554717,57.5906387348719],[10.028678161124256,57.65394132472135],[10.216355429702427,57.68100709054227],[10.174377279105894,57.753013510320976],[10.330137186918781,57.73535548204552],[10.374224756160801,57.79190022092598],[10.295862261009948,57.84561977348351],[10.192996253707703,57.84263934455682],[10.072453516020389,57.92888388623497],[9.873072663583155,57.97925618524795],[9.608069350818337,58.20283220291292],[9.505210995445166,58.20283220291292],[9.493509652131914,58.29414524139997],[9.388058338889183,58.37503906651864],[9.362244858514751,58.3876143883778],[9.252406283369693,58.44105889741861],[9.31352087785698,58.54753261774059],[9.37446498874357,58.62197324240784],[9.219383592644819,58.655574865195355],[9.078022275285948,58.63340035363871],[9.04813013740351,58.69610039594634],[8.902937604684027,58.68502969700912],[8.795439557178042,58.944670982695115],[8.710884392090454,58.97268918561422],[8.808172717907887,59.048114517831685],[8.74792732161812,59.092651172972026],[8.52988233942485,59.06483064723621],[8.48150123647171,59.070397048908454],[8.384969594939534,59.120426852654006],[8.288573399173933,59.192424202232004],[8.349300092734696,59.22554321679344],[8.289152699934297,59.286092048463445],[8.167864873070897,59.247585807411994],[8.155391351014572,59.18689066649798],[8.203505623928097,59.137067015993054],[8.15495526780756,59.11487509114713],[8.045620702483506,59.048114517831685],[8.021185629444597,59.009047948305586],[7.839497984195579,58.98668555534362],[7.645998272559471,59.01463838555162],[7.379306166231509,58.941870263177236],[7.403358949654305,58.91379813506747],[7.233571361027938,58.85187959047138],[7.063825258890637,58.79539459591724],[6.4940926162758865,58.61911645907037],[6.481792841740882,58.57906860049671],[6.38491776625284,58.56760843022726],[6.288100657034306,58.56760843022726],[5.537554054862626,58.5216916426222],[5.465180826988911,58.57333591906645],[5.344291157806717,58.60196592189439],[5.28356985441664,58.55613934900122],[5.150550750120099,58.57906860049671],[5.283858972558834,58.61911645907037],[4.945226880809514,58.670475564963645],[4.65509877831078,58.744399060636525],[4.449401747307023,58.75574515180433],[4.268412682338945,58.88004867354608],[4.365597260047271,58.958687936671325],[4.317387295278365,59.00346248547997],[4.438399839067733,58.997869397670044],[4.4743996449570735,58.9306491712009],[4.571436101827449,58.9754928193023],[4.813246105063005,58.919415561203635],[4.722666421139766,58.96148713115812],[4.765174420387374,58.99227948895804],[4.940772429279231,59.01184074633815],[4.7712930574377665,59.006254594574145],[4.68645985948309,58.983885951617076],[4.589813941817679,59.02301357380954],[4.54758169871241,59.05090312550732],[4.747578175805202,59.109317532524976],[4.905122601393255,59.14815231860209],[4.735593746634259,59.13429207166332],[4.620735912350655,59.16199689198038],[4.772284982370526,59.211748321857726],[4.796738761578824,59.26134990288907],[4.572317910723502,59.16199689198038],[4.554426885542476,59.217266528601606],[4.457762635509142,59.253094880510034],[4.463603264793733,59.20898838526571],[4.4936927262886455,59.17306219769252],[4.348281248789364,59.13983783800308],[4.203029007547447,59.13983783800308],[4.203300814461144,59.197944858465746],[4.154624011897067,59.14260988734889],[4.069970536215811,59.159226951838136],[3.9917259569612096,59.253094880510034],[4.216111998240912,59.34642496632712],[4.2519935203560655,59.255845931357754],[4.270466345242907,59.32176989357243],[4.427673474712921,59.288841730581154],[4.500397365875559,59.308056315985894],[4.439978421484982,59.32999207834419],[4.676111612466911,59.34642496632712],[4.839795562616815,59.39833817176177],[4.627785107994577,59.365571985580125],[4.4583105980251485,59.365571985580125],[4.337418319098148,59.39833817176177],[4.404133770004188,59.42559800751127],[4.537444281355428,59.455533831631044],[4.597284226174101,59.55198860609982],[4.308868187986257,59.554827636048245],[4.118977786804254,59.53569297551147],[3.9711273244552574,59.598537161316116],[4.097682047765903,59.62696267774199],[4.315578724286384,59.70862412037082],[4.238109231599131,59.745976322822536],[4.0833785750348435,59.73334835546531],[3.9426717013693526,59.74565775100667],[3.8651977237985022,59.78914866360903],[3.9564188648199012,59.88530598542837],[4.167327888434848,59.93797019595741],[3.956180183133885,59.98692607245496],[3.87158728562389,60.060333213379764],[3.9629459047622775,60.09704756241454],[3.9203925885599467,60.230512611355266],[3.9555126588869913,60.2486643390891],[4.159489133951003,60.2609474685399],[4.294103260117848,60.2695799820669],[4.45212314239567,60.26110762857496],[4.478211224619373,60.28229358796539],[4.387767853466688,60.30798467158027],[4.23880271482715,60.33058247348018],[4.157054968346681,60.36321020380253],[4.187248107521524,60.39901966441118],[4.25752071349347,60.422965992638716],[4.454440302870342,60.435095561591126],[4.623070940416789,60.500675620331556],[4.820096189808907,60.48009893425983],[4.988858880284008,60.50105193698662],[5.037773997867007,60.60453872969279],[5.326237045788355,60.587151394844135],[5.558435859354757,60.5637922450442],[5.7482092155536275,60.61115921416429],[5.403387691741367,60.654892628160766],[5.304715390331647,60.71334600721011],[5.381999879788502,60.73970820955746],[5.775907084721892,60.737183317878916],[6.064256885700771,60.752062537644626],[6.254316575427988,60.711395265570346],[6.261030150699268,60.798793283652],[6.415588511447532,60.84823956916881],[6.506794788549343,60.90895780183895],[6.766914002720262,60.94086821456494],[6.9218012160191105,60.90649760724241],[6.971098539287423,60.892131526894154],[7.125476428706917,60.9785337669112],[7.406483592863844,61.053123780931784],[7.4201998200542825,61.129858704205745],[7.553495583252114,61.20062705810538],[8.031063783198503,61.33004564005792],[8.136364382326748,61.3635706844149],[8.21368424015654,61.37199002886172],[8.382636107578476,61.341537275609895],[8.495158407134474,61.341646939517055],[8.593396297585642,61.38069169926966],[8.508776504530152,61.41943869982828],[8.55083650290454,61.44161923239599],[8.705314741884994,61.480397103296156],[8.845634738697752,61.53277775409827],[8.985700314353231,61.61520058830219],[9.07016760439086,61.60432217122627],[9.295165748375467,61.60727448593145],[9.245133534468783,61.71091822118223],[9.083256053068295,61.729761926797295],[9.20926444039699,61.79753042859682],[9.34893797541171,61.905098446291895],[9.630256577653409,61.894661836622376],[9.629735483615825,61.95073822909699],[9.65047632330282,61.98799211766645],[9.959603249374338,62.006849041007634],[9.811385850036975,62.06489124064219],[9.698754627707045,62.08061780992622],[9.628213480614567,62.10423052922641],[9.669979396593778,62.1436343518994],[9.760934023817763,62.18294247200268],[9.915653209102102,62.17525670897871],[10.203730236094612,62.1859634008769],[9.998942531154999,62.26898172510633],[10.076093101854246,62.28199676658538],[10.216606332587792,62.28730160571956],[10.433976079033032,62.32879245974564],[10.623590073613252,62.33926566570808],[10.712621495137066,62.37178100423013],[10.59230303220173,62.38175578174205],[10.54791885712548,62.4108750613394],[10.636510783677458,62.426433678139155],[10.818509829510399,62.47753679377565],[11.00128840798556,62.47260342879645],[11.120959945214196,62.45745228854079],[11.246860470070718,62.49821643416256],[11.364664118379974,62.5029960196839],[11.365964766804904,62.52995595194128],[11.210517788754514,62.579008017064766],[11.399679236783898,62.61432905836643],[11.430320244474256,62.655932210311704],[11.539542293205473,62.654491673886376],[11.67376054708603,62.609559035216485],[11.807456183590922,62.597121302439724],[11.954048876453502,62.65485247261251],[11.822197194965351,62.75321498659248],[11.967482517169092,62.743426539070384],[12.188575368419011,62.75213361595276],[12.243922012687621,62.77806938784778],[12.02957257467117,62.8246946394077],[12.147096432834818,62.85766883344542],[12.392204671157693,62.8944850723362],[12.405030928691126,62.93190755822115],[12.47514594326121,62.960100333910816],[12.699460384459456,62.97962468644964],[12.727759441694548,62.969983202391404],[12.81186790491398,62.97730621823986],[12.839741251448952,62.986984431291006],[12.94996299810015,63.083032462340284],[13.133335199656672,63.047329857275116],[13.427745814117957,63.0691104553419],[13.56861743418747,63.0500818866015],[13.66025013700559,63.03577618220204],[13.871124088798938,63.02635852788801],[14.010105234465083,63.08630890654591],[14.182572823283236,63.20491729772809],[14.266498226140166,63.216749370014185],[14.330310383093689,63.19326183732474],[14.296274495044292,63.15308255699667],[14.284348653291955,63.06982426884085],[14.500363271888911,63.13429145563801],[14.582448151925814,63.214662301363944],[14.834829758376125,63.226609807592574],[15.015722965700027,63.28762676749416],[15.163452067716207,63.2713652165956],[15.403546266928965,63.2223772161925],[15.527749372895867,63.31145177425028],[15.60439061004099,63.34884192761087],[15.920442502260435,63.33512806024128],[16.286704786430196,63.26527509910756],[16.33530651743587,63.28636106325623],[16.432292208856765,63.36812489755098],[16.6138622740773,63.428458841412784],[16.6979719894298,63.43543383899055],[16.880586914661283,63.426362325836266],[16.95716006293328,63.467851483406726],[17.075874311432823,63.50689012065448],[17.250944825876967,63.53213833016997],[17.608495515656344,63.55516470010488],[17.91730585080496,63.55314178954823],[17.574984158487826,63.45226552843806],[17.526431030868697,63.41534084036913],[17.555936539202186,63.32712586770292],[17.696493845334043,63.31556284232423],[17.85662450378605,63.39479250834211],[18.240593692900912,63.52152719634564],[18.45055160760412,63.55810796423529],[18.486181036511006,63.523996476753496],[18.57939151255231,63.40231558934979],[18.782534998929428,63.42558685302736],[18.89427828988757,63.45792017652093],[19.067829966373157,63.57448118776156],[19.35533127617809,63.58829648055803],[19.53777871483054,63.58844176097807],[19.622314019084097,63.568117925199225],[19.531649956269643,63.533949429709864],[19.455016162553324,63.49964932531316],[19.504679160012227,63.46760077049782],[19.449486296398184,63.41227210372711],[19.751557825713203,63.396325489477604],[19.771553683703058,63.456326608387464],[19.98060773137303,63.54341350711513],[20.113985334309987,63.54124031103694],[20.70477490452923,63.466264985961956],[20.929685854256814,63.448057798906454],[21.224488033812992,63.44599290765171],[21.456680871568036,63.41388596019907],[21.520562110356313,63.37688609385179],[21.18470227750238,63.32308264040233],[20.82684950520199,63.31811550043085],[20.117832355061182,63.324544082790155],[20.188233344259984,63.31292280915926],[20.406754110499058,63.27096110486966],[20.773281221923842,63.2314779058724],[20.929350788247746,63.18926760107139],[21.15371048535039,63.196524435181885],[21.3567236019839,63.21081813689871],[21.623666219658393,63.206326566053484],[21.87777531792154,63.17117155344466],[22.067040151092698,63.17840953097216],[22.353426088513167,63.213989374693945],[22.52754395453591,63.246978433206884],[22.549491362016767,63.22588603101458],[22.678064768938796,63.17183441962735],[22.827122007839556,63.131704246942846],[23.024826922295926,63.103337631284035],[23.327206599578354,63.091672978785276],[23.53137825711916,63.07753367682907],[23.633044129155603,62.99124498846073],[23.813844972524567,63.037081650402115],[23.95456252653883,63.03000201882504],[24.30592512907476,63.02309313550675],[24.58690234007864,63.02092999370292],[24.757942458261716,63.01626287599834],[25.11372911992784,63.016555422119126],[25.564812906306464,62.97597263882932],[26.50887956012302,62.90161680737944],[26.876223564029623,62.84821973127469],[27.51331081323913,62.72062597572595],[27.73226997634814,62.68851733419707],[28.24647718399802,62.651561166075716],[28.697297155277703,62.61943292383399],[29.44549022337239,62.52441978779014],[29.59455905697644,62.481457795864465],[29.646068633248486,62.412713372368785],[29.738921670528637,62.366683053695105],[29.92311898989087,62.32053567486727],[30.001868857544384,62.274104336629414],[29.975389468318895,62.219561227983064],[29.82300203660205,62.14108881714077],[29.544177518857783,62.05402195125857],[29.313266923426156,62.011486637393574],[28.787451642280747,61.95254894574148],[28.499522967741857,61.93895837091955],[27.95813094417121,61.94111952608417],[27.47231371090879,61.9726178148802],[26.775660667380993,62.00118560363142],[26.21254753356372,62.03245021175267],[25.726205854282505,62.0874282800639],[24.92299874423802,62.165408445480026],[24.542996437511498,62.18335164603917],[24.38114664071922,62.19103294034281],[24.119250109095464,62.26619383570949],[23.97802939801104,62.291952992206745],[23.710440841374172,62.31236686845691],[23.415715125555746,62.294031640913715],[23.535835271002128,62.26825197127864],[23.592312083071025,62.25794019842644],[23.89657682435203,62.17231344113379],[24.07284916883381,62.148932673165696],[24.51087297442631,62.05202253363541],[24.82122218207138,62.00468419338493],[25.14517430698534,61.97843789929244],[25.385043467490107,61.9387327568266],[25.576409043850834,61.864002427663074],[25.626944413807013,61.79677522364481],[25.571619783427003,61.74805641760075],[25.368309911903587,61.71532166854763],[25.410836351595467,61.69632918681355],[25.545985756099622,61.60635685400793],[25.92106479149539,61.444535756237016],[26.013606526318927,61.35864826806637],[26.091426852264327,61.322497093007044],[26.260583242465017,61.29192222738827],[26.67568870495065,61.27834076585572],[26.985411052147015,61.25621491108055],[27.23283472619847,61.14657373114854],[27.380713518019707,61.12972710328938],[27.816937286862828,61.11599071435962],[28.028184323241522,61.09349099126453],[28.161961617732707,61.07940334836985],[28.28127936523102,61.10226520466757],[28.534300070964388,61.11952831868056],[28.57587278274874,61.17334015026709],[28.53299523151511,61.229640513796305],[28.349264584635772,61.299555932251444],[28.18028823352485,61.313361893113075],[28.03984797210038,61.29646026478712],[27.885063416619932,61.301894920347614],[27.659543098947207,61.33797107077833],[27.23570517820818,61.47615181114172],[27.381590158103105,61.59166002438359],[27.543328001797693,61.59182187138008],[27.980635451593727,61.50990002038652],[28.508911048042236,61.45254740024206],[29.269482067641523,61.37849188432623],[29.600213815321535,61.36490736919875],[29.860061948673014,61.39016755532565],[30.127748846220527,61.35985542845761],[30.183440736706267,61.39880343544051],[30.140163700040375,61.4706700051778],[30.034034631993332,61.5118699649792],[29.652306136862585,61.62397286905217],[29.446274405864923,61.730032560591056],[29.494338722696348,61.78422480992828],[29.550408113043318,61.79237855017725],[29.96366225816296,61.862744267923],[30.405192265122615,61.92204690018521],[30.56589303519941,61.96218888713917],[30.82994572318258,62.07894522234638],[30.878925580152988,62.08689130683],[31.040893217829247,62.07650432238176],[31.68893102453428,62.02956911513957],[32.23961001367181,61.94243100773115],[32.35208834159872,61.94253402481502],[32.358841487455905,61.95320249510645],[32.328486477837004,62.03544611778232],[32.39518311038804,62.15913654191127],[32.27241912177091,62.26319831926772],[32.10160339814382,62.3276495732756],[31.798555273617062,62.35311310126339],[31.663766329631493,62.38892354679046],[31.868916378012145,62.544245474437346],[31.860431691749152,62.582035367009986],[31.695234520801858,62.67203120892412],[31.36182117858407,62.74871669043672],[31.33168486470393,62.79558294494431],[31.436706963564134,62.80305590707275],[31.943992487034823,62.768991087999616],[32.57537952143414,62.78679727903757],[32.801061979560345,62.76725885549884],[33.12122444542793,62.67576813927308],[33.3980773943609,62.60849606427652],[33.61877060906439,62.538205010991426],[33.288851660446355,62.53034326270131],[32.79748719248596,62.51726315852823],[32.566857017880494,62.484098631881665],[32.492459512813745,62.40502244468766],[32.58482339804696,62.37692880586596],[32.94484551577127,62.33098455497093],[33.27815236140353,62.243351966918176],[33.574362562328545,62.21241842538387],[33.82792176846897,62.197013990443345],[34.22083073996193,62.218214645241545],[34.642112115192816,62.23159284098155],[34.71149911676498,62.25761783833041],[34.70876387311469,62.335143434409936],[34.698254930346316,62.427436705598296],[34.71683379714295,62.49107832845942],[35.08096760828911,62.52180770471584],[35.40150381892525,62.585144173538005],[35.68107589162866,62.618021656619824],[36.21166943660677,62.69089656131443],[36.624348668836994,62.72850490195864],[37.05750856646785,62.77585813563513],[37.29402890787115,62.82035635220636],[37.4521306736286,62.751501903296536],[37.55812857374577,62.73921860925188],[37.718792681657895,62.75668545350872],[37.82210920857337,62.79623360780881],[37.77627295793887,62.864863535364286],[37.86622869533767,62.8893513021547],[38.06879956569496,62.90900144056535],[38.357295978837705,62.89950625643091],[38.381634500185974,62.84090902695552],[38.48472212493504,62.7523938663526],[38.22544869025443,62.73980072186138],[38.19848427581682,62.717469095842375],[38.24226530954614,62.685191815026485],[38.50367331742549,62.65550238002095],[38.650597352441515,62.66810600916816],[38.99355807519689,62.6933132499915],[39.134077121151556,62.69344055723412],[39.22691164149582,62.66362421373452],[39.31158733999243,62.65620595893258],[39.37379573088645,62.67621981853695],[39.41429530187811,62.708590410289204],[39.41790126300405,62.77296087313092],[39.52881774051281,62.800156493558134],[39.78071976515855,62.817581336789445],[40.103244624786925,62.827674661560216],[40.35638901377653,62.82298515824572],[40.751665126903276,62.78889721517223],[40.990340768302055,62.791569703430575],[41.08798525915845,62.80395437332591],[41.29464847213233,62.87275250136266],[41.55197709907309,62.914383603982365],[41.797322906778554,62.921881369661406],[42.14312089786126,62.89541719950351],[42.28508375302008,62.871155980724005],[42.18372469922714,62.80489037083906],[42.27702133623886,62.77047842520129],[42.36920914843812,62.755746007077704],[42.60212432510939,62.7361503973514],[42.78462693755576,62.738793385967575],[42.82477686345573,62.77342198978882],[42.758042494901666,62.83239623102043],[42.848602177207624,62.8447337511511],[43.17228623871181,62.8352082501411],[43.30405401936043,62.862246954659874],[43.35730640076425,62.908620384113206],[43.29714704032832,62.969185707824984],[42.619826114833494,63.117235013302505],[42.70937826659439,63.1410486391075],[42.83187526210377,63.1931548793824],[42.9434659321885,63.20266992953612],[43.140211827516,63.200466929247],[43.84287799571986,63.19162400827521],[44.294325840891894,63.16367050014895],[44.72417820438849,63.142717747573855],[45.13354367090323,63.11456450135194],[45.93246188449389,63.041215264582334],[46.29863445488286,63.02712048082202],[46.94903541008445,62.9674358190899],[47.33784973288134,62.93143642337082],[47.89109267849203,62.853935503320876],[48.342531419716664,62.78862146589417],[48.515293951893476,62.76352325275044],[48.89129839459557,62.70686478724325],[49.02521659752488,62.69952848851075],[49.07344855811377,62.71447850839504],[49.16831924124101,62.8696909574114],[49.1651369999078,62.91355773807994],[48.877571195981055,62.90844717009447],[48.736592644403046,62.91562222835898],[48.49535307531151,62.949384603298576],[48.26595505015189,63.01194886758611],[48.10418474016785,63.10513861312755],[47.799042407630516,63.14526254063063],[47.13039545907291,63.16600949506645],[47.00093702866253,63.20364775666351],[46.977913223177055,63.2271324868238],[46.99536574863322,63.26929505990914],[47.14793224169948,63.30454285764978],[47.18217077981467,63.325604415306906],[47.16006820523482,63.3512191626345],[46.924034374090695,63.464329190712064],[46.78245786605491,63.496319585568045],[46.410171404537984,63.505166239068885],[46.26140424971065,63.54381428211801],[46.22383859104771,63.61401247685195],[46.27184804068595,63.645568304733786],[46.38396224077705,63.6501536956525],[46.73299059624191,63.70412871055006],[46.94145233364453,63.76648240678756],[46.98889358767838,63.81941551624303],[47.00062859475046,63.89589717070162],[46.82815396202582,64.0463009711108],[46.90406279813975,64.09721620197575],[47.037561617023805,64.08886493545376],[47.55713337160583,64.07020266797106],[48.012760677954354,64.08535869931245],[48.475491132098576,64.09626584730222],[48.70719329476749,64.08798656020625],[49.01568811974216,64.09454619039647],[49.22652364600996,64.07990042984521],[49.402805114768746,64.04608882801438],[49.49509886312555,64.00561936565033],[49.61036647265942,63.902224350252425],[49.6046997571908,63.85865459196135],[49.43275712248119,63.75291149763845],[49.462367785389795,63.70848035010363],[49.79373146736779,63.664038714750404],[50.27417307770379,63.57651719186148],[50.45838670141388,63.53122468451054],[50.75761937293004,63.42135909569841],[50.765919701166055,63.391298711744],[50.69091718550883,63.34011719836523],[51.10304054456226,63.17637976138017],[51.44870185415749,62.990537925415154],[51.69406945270188,62.90596976243222],[51.94410142993925,62.85005813482117],[52.34730331418163,62.811158303340555],[52.45445162937021,62.786636301790395],[52.49098276526104,62.76694111061663],[52.46785777813033,62.695054631383655],[52.56036197238711,62.570012157721145],[52.54237606044111,62.51950972377267],[52.413082656764786,62.44829609847352],[52.179634550711754,62.350823170662636],[52.02666855106094,62.31978901972393],[51.916373354927536,62.2783529567022],[52.159514690785386,62.19542576227527],[52.04792106935922,62.17706015398413],[51.74052701797916,62.13752109819508],[51.119143437223485,62.197092447298125],[50.85847038135101,62.20988759830283],[50.549452659418,62.20439933541218],[50.38161098206384,62.18599048964131],[50.52449907689424,62.13640963335384],[50.786585508323355,62.091999449217326],[51.08330726403604,62.058011192166205],[51.654209441708275,62.02417386666698],[52.04845261172085,62.01129598491578],[52.23791658733158,62.01941308540907],[52.66774848711987,61.99595315517836],[52.96277112829849,62.00153690697508],[53.02347058442081,62.05979491139777],[53.02780771449506,62.11771426031668],[53.383777040022906,62.17043302510053],[53.63286495709176,62.24879656533704],[53.64461895134074,62.292841228885706],[53.60421237319569,62.38803221295764],[53.784078821442286,62.43676873033958],[53.890631480292036,62.533339740955796],[53.809818121488746,62.588711086838636],[53.57933815438141,62.67361145540472],[53.22939751725633,62.755230777610855],[53.153222178499284,62.83639522961943],[53.20126828736893,62.85113053519733],[53.375180748252475,62.873282112097435],[53.77377136972488,62.895565932285564],[54.33560016435897,62.896044335694874],[54.64027687229795,62.86213988176542],[55.045917416855886,62.793793961080254],[55.32135658840084,62.67762572541242],[55.507490124335995,62.52212515448356],[55.685870449375194,62.47918494371735],[56.04629326836512,62.446428961850145],[56.482446048318835,62.439166454798006],[56.719929578425614,62.462297845025184],[56.67482124439494,62.50796566962595],[56.455209208518546,62.53560260129799],[56.14420342116008,62.563082554395734],[55.96888942965224,62.55788528273072],[55.79225072886324,62.572849019512546],[55.70402595342731,62.63050091687273],[55.92477444605784,62.68810968447408],[55.872914493845734,62.72532843831045],[55.75886153411939,62.74751585418135],[55.60765187376188,62.79673601179637],[55.24057138977114,62.90898164591218],[54.99862216354358,62.94761023595821],[54.70246792061306,62.96188638769817],[54.285337249023634,62.99533920317258],[53.99602064008793,63.01194886758611],[53.53756132755135,63.03558897248976],[53.30107620227606,63.00895996922227],[53.12673146030064,62.99436110840787],[52.661095897725474,63.02044758204597],[52.38042810344357,63.017808359023284],[52.29997554575476,63.05612094857655],[51.81625993814648,63.20760272142698],[51.72449845227055,63.29892066677857],[51.75535207375966,63.39441208796446],[51.710601628633945,63.45668508215948],[51.60411428257251,63.486437853721704],[50.96002234443613,63.62451034952983],[50.515482035254145,63.69145411673779],[50.423384145348045,63.71592055756427],[50.51915928537903,63.7869113430837],[50.862508478979485,63.800395063243876],[51.09293783320841,63.83353528130569],[51.21781155138532,63.87733718901918],[51.20288039195235,63.90560092060116],[51.060160892468666,63.98536039545547],[50.819344453398685,64.06625275606793],[50.910787301743795,64.05783212428253],[51.12140807662419,64.05161611895886],[51.29007691009499,64.04110817260874],[51.46708840738007,63.98351594205141],[51.57435466328541,63.91672916724578],[51.56279632174026,63.84046730530972],[51.67746966546964,63.770135034562266],[51.85493905994573,63.71257922323315],[52.052709939972345,63.67701039880068],[52.28564226333026,63.64129619569003],[52.75646117014626,63.62367492899198],[53.297659506766756,63.601531720950106],[53.831427974336776,63.590658531238475],[54.21259888689508,63.53648362401955],[54.31796538163075,63.534287683200674],[54.55635509718959,63.539030294844885],[54.1164956884267,63.65620974458837],[53.86952235520947,63.69184072917052],[53.2515419548967,63.70474681498216],[52.94249957272941,63.71342184943094],[52.717232650998874,63.73327021034939],[52.39242846845261,63.79055951848958],[52.37695077725808,63.83232230896486],[52.783655651504965,63.83920874605093],[52.973828678525074,63.81742159337731],[53.35307792896905,63.80671580230673],[53.53482017248243,63.82662896527868],[53.27918790797436,63.91801651662705],[53.37703003339775,63.92892347167922],[53.6011435600232,63.94205461870297],[53.98692472959794,63.94450776166725],[54.3806447291319,63.91884785511111],[54.9364823680097,63.871453668474125],[55.44404971848208,63.80392469282531],[55.96489469618927,63.760177487457106],[56.16176887508282,63.749247861404044],[56.73016589279756,63.74747717243973],[56.89772502703569,63.76974278718152],[57.05379885086103,63.72552684303477],[56.93652823165097,63.67635192069728],[56.804571738659796,63.64260096486124],[56.97733092566465,63.54095424768712],[57.250003416731204,63.41042555456328],[57.39824924894376,63.39202530103213],[57.358235664350815,63.49790302163683],[57.384554493856584,63.536727068201166],[57.490129996017735,63.529972431655374],[57.85126957856233,63.45931935345106],[58.06666492155813,63.35775672151348],[58.23375936282036,63.385757789618175],[58.3582874000645,63.42287195439024],[58.24403888251761,63.46422885057931],[58.1450457948734,63.4802106081604],[57.981445059697414,63.52809244698226],[57.47846615261284,63.63638912346526],[57.46322036138733,63.665561344033705],[57.42419995238146,63.763517400484446],[57.029129350148715,63.82052604741165],[56.705177583785975,63.8531546979764],[56.339272424184706,63.88342041073539],[56.134173920652366,63.93100159953366],[55.91647581704659,63.93733000284332],[55.536647130472986,63.967225638040944],[55.0587898746468,63.99264437709137],[54.86826589238742,64.02885356604703],[54.69789051567907,64.09874740689665],[54.542298508730674,64.14490049313802],[54.077350805811996,64.22370844379793],[54.02054844090443,64.25258290747233],[54.04819614205234,64.27111980808436],[54.15310664945762,64.28556397893449],[54.812211087053726,64.29831861507081],[55.569740369467,64.30090056690514],[56.16566000952396,64.31561377538343],[56.53701870093765,64.3342018388414],[56.790320084679784,64.29768073099284],[56.923745525809274,64.29163803473264],[57.08441524496722,64.32238846569592],[57.301185113117725,64.35504050465933],[57.68671218072666,64.36745223454375],[57.93266667125775,64.34535550482191],[57.765172847235064,64.306552389594],[57.77325024180646,64.2594078563499],[58.21454463614256,64.28642125486756],[58.33350306053212,64.29878816723304],[58.48690826347605,64.34168779882383],[58.46519037333093,64.37406204839577],[58.20469742741725,64.42414584046946],[58.04305045062927,64.44401056282196],[57.67081006650585,64.47358646253734],[57.45284803568629,64.5070663415727],[57.36831620088348,64.53258281731338],[57.26943908888838,64.59107324842053],[57.47244539593084,64.63373833036576],[57.67702093020601,64.65715255680429],[58.23158746869887,64.75181054328326],[58.456975966102114,64.76148322602552],[58.516145216160744,64.76520637306544],[58.64044847953689,64.77301687089728],[59.16051406984785,64.7828469724557],[59.60363648391864,64.79451029445683],[60.18155010140983,64.8194240586643],[60.67564701246401,64.84603923738355],[60.96855571762608,64.88910884963923],[61.11907031366314,64.91328440010965],[61.64492739885705,64.90992780240296],[61.95371112680833,64.91012771222785],[62.14071431052271,64.89172929760304],[62.20575252249449,64.85078252492454],[62.688563322537696,64.83985696458598],[62.969663293812054,64.84379191447408],[63.259664839864534,64.86267939894209],[63.55724680382239,64.8852226794913],[63.81739091971289,64.88910208898639],[64.17305809882836,64.87259734719112],[64.40365857508513,64.86529085149377],[64.51861802854569,64.88583853388972],[64.41096489005976,64.91909814962304],[64.30106747978265,64.9355979549935],[64.29205532676926,64.96856899423197],[64.53185766578795,64.97601920975815],[64.81905656135785,64.97255674434366],[65.01461238234506,65.00900367338521],[64.61612771801305,65.05733070773381],[64.50293612730933,65.08934689580784],[64.64464770669007,65.13006757608662],[64.91915518872696,65.16524751780204],[65.37268014750158,65.20215588628166],[65.68792032780702,65.20903721637595],[65.99569977292798,65.20404512421769],[66.4171719838332,65.20430334350084],[66.78356453377975,65.18029665116298],[66.91833840526232,65.15599463212286],[66.66438517837794,65.11898810818283],[66.62966453101325,65.08711014631358],[66.83743574780013,65.07300180543962],[67.30998868561583,65.08397880434862],[67.83371460631098,65.07006072273339],[68.38275835139399,65.07752781699249],[68.48590944200866,65.06689592886356],[68.50872791031586,65.04004997321466],[68.37439766811542,64.99663387255808],[68.42556266488575,64.96755354977459],[68.99408158890738,64.96791518291512],[69.22601046184269,64.96988942969028],[69.33677481160018,64.96082557295583],[69.38815975168161,65.01357883057548],[69.78125374308712,65.01381979031088],[70.2462671836272,65.02313977086186],[70.48957177971504,65.0106565661931],[70.86896642171722,65.01269949942632],[71.51174041436691,64.99681554740933],[72.04058716802679,64.97168107419573],[72.58781504798388,64.929887627471],[72.95276547563589,64.8857437941755],[73.16327979017886,64.88587744409409],[73.37494739446193,64.89344477533875],[73.7394274610286,64.84334501907871],[73.74264731038903,64.75832429837504],[73.8744204927572,64.74505853358109],[74.31228335066328,64.70702488511755],[74.03265770991973,64.61597231808243],[73.83659511800718,64.59066889038245],[73.54218317245797,64.57880026424122],[73.01809990096709,64.46239531433756],[72.55060155534585,64.35368360047838],[72.43922771254681,64.32109195316222],[71.8862664669195,64.27775890551358],[71.43238219819538,64.20933843203899],[71.2896365389411,64.07505692258282],[71.5141877297376,64.07310470985271],[71.7376067552489,64.10286162569479],[71.81986306180923,64.15753908853887],[72.25416233432203,64.17665030987817],[72.61888582989472,64.17900390892548],[73.13693504541655,64.21057227906535],[73.57781197636525,64.2439909206773],[73.79489692118098,64.25651876592842],[73.96929577389021,64.28949987754393],[73.76462769683637,64.33425037493936],[73.56082681833209,64.34831193894995],[73.5185481042208,64.3563892761353],[73.48978443467777,64.38465757608998],[73.56636940661393,64.40884747240658],[73.92467112434416,64.38496092635339],[74.28352621624077,64.34071467548978],[74.49411208282596,64.33475900238614],[74.76126882015583,64.31254846646397],[75.00695121719274,64.30660317014211],[75.23827041171161,64.31289370754172],[75.46189998971774,64.34357723818684],[75.64446896102031,64.33558006442385],[75.84185627677553,64.30107069076736],[76.0821592788404,64.24167268484638],[76.42743693192013,64.19427177148636],[76.4946782135083,64.28516373238563],[76.98562654052408,64.28756077716447],[77.37094712876386,64.30420806821664],[78.08645551231403,64.3026777613025],[78.73935952861366,64.2847202821112],[79.01305870797435,64.28081375532014],[79.39195970120792,64.27698652961055],[79.66842619261196,64.19038673013299],[79.93646700211482,64.1509141483977],[80.63165216111491,64.1325516458978],[80.94790299012726,64.11807483030495],[81.19374488955393,64.10983326685643],[81.55904399545909,64.09744458682052],[82.24581732133342,64.11481437084879],[82.60348565691875,64.11718526990681],[83.20852871780836,64.07539894391954],[83.16902096691123,64.18668486161833],[82.94302776724682,64.22803354574582],[82.81585334635392,64.254777358167],[82.7523000128496,64.26707001327534],[83.05216653064477,64.32253833931135],[83.19942452381468,64.32467691414013],[83.49439218109427,64.31265964860121],[83.99353627594165,64.27823445305513],[84.39447959445917,64.24559975974788],[84.92773132295221,64.24186475909231],[85.29921861510583,64.25038349049983],[85.73424582196614,64.24656915472136],[86.35984274578196,64.19599724069015],[86.5787190499277,64.17457668244201],[86.79803410732738,64.12867850098034],[86.68625325553731,64.11807889186329],[86.62329517618178,64.11383073932546],[86.2535860464968,64.06493954608531],[85.88597384344123,63.97497723478932],[85.92943498173365,63.947008056813985],[86.042114107037,63.93846529849947],[86.39330840049186,63.93007738419273],[86.6950933270409,63.92814633677652],[86.97671622300064,63.9088570295827],[87.32946095931688,63.872143169740525],[87.84438723614026,63.82220538847859],[88.11223094157698,63.80042308486885],[88.59999902496575,63.738900983553236],[89.40642399061556,63.63448638031534],[90.38190131561304,63.52881020380764],[90.96019691987641,63.488146476891075],[91.14250117230105,63.49057682438566],[91.18790607637698,63.543116286293404],[91.0762566541096,63.63804299666343],[90.86422016596154,63.773874116237536],[90.87575314151401,63.81575586699731],[90.97412954041677,63.81362516657993],[91.29340612368252,63.75429372240772],[91.69580612838563,63.71462320133392],[92.26657402467106,63.677116100797925],[92.68174428684478,63.65951043785375],[92.89851050817022,63.67089627452641],[93.25947022271805,63.73140733699237],[93.46239038818115,63.740443418527306],[93.75062249426185,63.73178912226087],[94.25078898032758,63.701004308631504],[95.24668705280581,63.605266183699406],[95.31636659130396,63.61210038147103],[95.33676369319201,63.62113240069801],[95.34850590522288,63.6548792263919],[95.27609570265773,63.68840865203157],[95.20547984641601,63.69505784806154],[95.10562186229338,63.71949389896078],[95.15919629681785,63.75949146806451],[95.30639543311501,63.761818390139446],[95.60323157021918,63.7287821534109],[95.88546218156323,63.70450571820892],[96.30674594445995,63.70037703413498],[96.08504853838654,63.764636778920476],[95.76561592092702,63.82389925211703],[95.60850105669448,63.86973379539801],[95.34519367978123,63.93467794391788],[95.08672356191283,63.914996038704885],[94.89029253452897,63.914848243278456],[94.77734998819604,63.92775667417426],[94.74726366202165,63.9644251815804],[94.7958095090461,63.975219420427095],[95.04777006436673,63.986147999757996],[95.3493185591439,63.98851635582923],[95.52380141250069,64.0057895753207],[95.63210398445689,64.08458806587365],[95.7092689419772,64.08464734951268],[96.3841777981249,64.05547244781427],[96.9392051954626,64.03887077799996],[97.67002575170712,64.01595268516904],[98.01422247029502,64.00765114233238],[98.27445240886166,63.9950014986695],[99.01852754107108,63.98698131561602],[98.85459095416728,63.909178306050464],[99.14960954839914,63.90289517656805],[99.40855106868732,63.91393604522213],[99.59196786407348,63.89671283171534],[99.72117972671508,63.84883547379037],[99.54732157891371,63.824598975274334],[99.43715551540426,63.791522469604764],[99.55186878306021,63.75403729706156],[99.77667573936509,63.7497828762759],[99.86687211222127,63.76534603900271],[100.06917055910185,63.78318730979339],[100.17875535716068,63.82508186203857],[100.20770005890358,63.92537596215447],[101.06371375249107,63.92385639296706],[101.47113719564965,63.91550273530033],[101.85128027216336,63.89408109290032],[102.22418762321108,63.876952378788836],[102.4010701049797,63.85307355661802],[102.53122469050517,63.840000729780115],[102.18936509646379,63.764931772398604],[102.44315462299907,63.74740972755546],[103.13338067574765,63.710157908848494],[103.92817028337159,63.68399145665217],[104.34413111665484,63.657431701581274],[104.81796586583869,63.60830109790488],[105.1872807549615,63.551968195137725],[105.57706778903614,63.50440495125031],[105.83139399550303,63.48400362259543],[106.26607280461673,63.488934739924005],[106.62986955952451,63.5029614205085],[106.90203891313958,63.521445849197455],[107.48794105812283,63.565148071337894],[108.11136900441068,63.57924871119771],[109.13033176389351,63.56190290775064],[109.6861605832807,63.544163250286246],[109.98922173997377,63.528467135488434],[110.61862726969107,63.471786365485535],[110.92942751610667,63.449049987476876],[111.30547857886819,63.403202109671874],[111.66130005083872,63.35011654923177],[111.9273437615872,63.28257188274202],[112.15895616886375,63.21011874787874],[112.47466934058987,63.17502624689444],[112.75725284846159,63.1658066546391],[113.03144583829956,63.16367050014895],[113.2864272579201,63.15204486444277],[113.70471827084145,63.05476806504947],[114.0945175094337,62.99503845322047],[114.20966286440114,63.01920485627518],[114.11411501830332,63.08140453628263],[114.25829445713657,63.13625699155129],[114.3266587060861,63.14579867081192],[114.46842368470594,63.13880656167156],[114.9944399898373,63.14160904476337],[115.29541688433673,63.18206969232316],[115.54906670710828,63.1775591022682],[116.01029702632313,63.116340950705364],[116.30831587867608,63.099929421732895],[116.8072048569382,63.09795599444669],[117.53910634417636,63.08902885744118],[117.73950006797763,63.105875244394326],[117.85180857198489,63.17710168509947],[118.11016769025461,63.14893563276704],[118.74980338637398,63.07332695474551],[119.01544598129344,63.04243714778689],[119.5351074815723,63.004436428477895],[120.0283950848327,62.956566236933625],[120.37571806610819,62.898599425324434],[120.66740714835555,62.87689886254285],[121.07836512341859,62.89676064330291],[121.40022920300193,62.94319828088068],[121.28829553417033,62.97938209098492],[120.99143430317292,63.02729817696788],[120.18890371669829,63.14591115712317],[119.84859273518371,63.162204641931176],[119.75462499250467,63.209307840411036],[119.52830969816333,63.28879381392574],[120.18977532706347,63.27527114862286],[120.62743686072479,63.2639510378322],[121.0294982443351,63.254927264362706],[121.52585488790064,63.231900949855905],[121.80906056873631,63.187440884371235],[122.14850323668682,63.20892132112802],[122.7716568992797,63.216486449027784],[123.50910402842894,63.214738119893155],[124.01901869870645,63.193970094176514],[124.40408259768931,63.165966541123666],[124.91542123116363,63.13796559501889],[125.42381929010394,63.12414569454703],[125.78725386850572,63.098283732822],[126.42877204130772,63.051032956534705],[126.71151203806353,63.0416841233885],[127.06073234653536,63.01556559274301],[127.91791902534696,62.94253576411876],[129.36865229328873,62.627094077137286],[130.8617033208193,62.283290478528166],[132.33114688168027,61.92495692618899],[133.1748241250676,61.70985629390486],[133.27672010086104,61.68340121557581],[133.64965592058138,61.58568714033675],[133.7909625893405,61.54829515574657],[133.51568904652098,61.48454123211739],[133.31667555695878,61.47935349143683],[133.33695556515067,61.41530857096233],[133.1899708110598,61.40407448396648],[132.88116293942696,61.392689208877414],[132.71158731764618,61.40638945262465],[132.36699891856605,61.41546745357431],[132.10982368285264,61.47491764536783],[131.88541798186648,61.51117353550676],[131.73458900398631,61.50663242436532],[131.69793871752285,61.538382077009565],[131.58895226442465,61.48269733823859],[131.31765110171798,61.47935349143683],[131.07165696691038,61.51571255398388],[130.8616691502737,61.52931996456451],[131.31959937640207,61.442883946611744],[131.31049339082284,61.39256830191013],[131.48263936567807,61.37466690218067],[131.92765161395656,61.33891388019983],[131.9144156754166,61.401732464719615],[132.0723143138538,61.39467659308863],[132.2348091601101,61.38095446384846],[132.5346378972004,61.29763613354265],[132.74747238446815,61.2614349466518],[133.1717527002563,61.21408014850268],[133.38577273575456,61.254289971046504],[133.4397952401375,61.19744742048362],[133.53748654861587,61.240380263020825],[133.77116428825775,61.180842222975144],[133.9838279222002,61.14431417217314],[134.27501141359957,61.07935775144553],[134.41711275913067,61.045321305382956],[134.49814761558116,60.95095761108953],[134.65950640483007,60.96260810548061],[134.88571097749443,60.9312363585936],[135.3601556985197,60.83936795932282],[135.6283573202316,60.81065212181867],[135.83377632582452,60.76434530728238],[136.06119950659038,60.679891344083835],[136.26302061570314,60.700539747252385],[136.46352190810217,60.62748059053725],[136.62638780135512,60.580536056324945],[136.6628171547624,60.52440923040022],[136.55102005231242,60.48575082049777],[136.3046643741253,60.49439973912494],[136.06495069628855,60.520838547304194],[135.5438113228807,60.5498817667796],[135.19179001336286,60.56430187486366],[134.98720393211684,60.590647504442344],[134.86643989127197,60.64054077274298],[134.66925901033122,60.64915122188297],[134.58499216994784,60.643193393147016],[134.72806859274547,60.54017318632207],[134.77068957127616,60.51950365297332],[134.2672359409039,60.34613279004034],[133.97221990995504,60.312813589618855],[133.8878372741402,60.31272409261857],[133.8602156007718,60.27357719016113],[133.89581310067862,60.237423224552636],[133.7766351994238,60.19497154345366],[133.45313046982585,60.18856763080346],[133.4110695821591,60.16730986267478],[133.4820508894793,60.08829784574535],[133.44003496942946,60.04856410318358],[133.13055192324785,60.042107933501136],[133.19423819703042,59.919349418078056],[133.2716625579673,59.8638493225932],[132.9479694632069,59.773532619599955],[133.0671592824328,59.68318477641566],[132.77850131233967,59.63273487615058],[132.71499123203358,59.604394280311716],[132.82707206542509,59.54467727265579],[132.99533690792072,59.484806364694954],[132.9930135656337,59.42469891194501],[132.85918792782604,59.42138482962037],[132.4818199669627,59.48424671337573],[132.27127212776062,59.53776175866469],[132.00457602762856,59.61304423190138],[131.59693221585022,59.67532823133673],[131.19604146468583,59.684276917502025],[130.86534689452287,59.67452826767459],[130.55562467873773,59.63971894286029],[130.20367708009033,59.601650374509695],[130.1400171556184,59.55749666423898],[130.08684988543874,59.402472920104955],[130.0490868462531,59.34525009550766],[129.90969936784464,59.373713192540954],[129.4019902054434,59.63845298305011],[129.261164545885,59.619471166594934],[129.07051124805628,59.63911775613721],[129.0776004260616,59.53108681940113],[128.94362563536856,59.49300897661038],[128.8866835103586,59.46129634489992],[129.12112294847554,59.35694682300864],[128.97198064831227,59.32494679964539],[128.76955198911088,59.35972951076078],[128.41536436342955,59.46077226659283],[128.10396232480744,59.51428670361522],[128.08725413768659,59.383546538553574],[128.06908267532734,59.425594515995016],[127.9067199441692,59.41274479810859],[127.85664278700254,59.39366143103592],[127.91518368572649,59.28547642440533],[128.00430584144476,59.231185155464225],[128.1710341850433,59.18321936236893],[128.37366609947225,59.1512718539992],[128.31989946056532,59.04134704987018],[128.36037499680256,58.999184135496066],[128.56994594871182,58.96364484093287],[128.52478326518977,58.88851487604915],[128.49913319330952,58.770296371223566],[128.5372813432407,58.66129763312734],[128.6118342936322,58.58498625979075],[128.88198225716638,58.4684059742109],[129.1960093119839,58.39826736116268],[129.41327784318287,58.37833220479085],[129.884762148162,58.38897922129198],[130.17182855635392,58.35226439425061],[130.29714237092566,58.315265658848446],[130.34340380042187,58.22725172526466],[130.30497973503319,58.12505043985006],[130.39419423304992,58.05674958661253],[130.73515009923946,57.94028697429286],[131.06955184684287,57.83696097718954],[131.3993877443282,57.81654845363141],[131.65694258701268,57.72642707611172],[131.9622514563098,57.58332275176234],[132.01622483158044,57.49891614852745],[131.85414058268495,57.48459656125351],[131.5742339011677,57.53360560032158],[131.463101449124,57.582709807690975],[131.3399197680607,57.70510976477002],[131.17131252075197,57.70839450788622],[131.1275305094009,57.65242343699361],[131.1784834920086,57.455515502278466],[131.3079849937925,57.295974730747595],[131.51541086911712,57.153216461593935],[131.96157648683464,56.99168044382569],[132.3509892935033,56.91635305176743],[132.52355148021667,56.85862367051752],[132.6029877319105,56.76417575001252],[132.50081453693002,56.687369955109915],[132.1631063140767,56.67962575685379],[131.87592668553512,56.70120103046597],[131.74940593696408,56.7010448427437],[131.6067743379284,56.65693863876084],[131.52427019056634,56.539258166361215],[131.51573396276822,56.50236011437517],[131.56009922357364,56.37654131568116],[131.66957011730727,56.291080988098884],[131.84294253740566,56.220346994724146],[132.2123853685087,56.11957883589694],[132.33032403171907,56.06328745234557],[132.37158553108196,56.029395186566845],[132.22957444852096,55.968717833061326],[132.01163071249218,55.96465299131514],[131.74249471879858,55.86943562826198],[131.6075342985819,55.793077984496946],[131.69778889484851,55.72823042153952],[131.85125957516414,55.65561552583852],[132.17909841346358,55.43226195610951],[132.25567626501103,55.32354030701089],[132.30448092377196,55.116189352293404],[132.15801361654567,54.855087638867694],[132.0538589500902,54.71942190049681],[131.9909352483633,54.69133665880348],[131.6098959876192,54.85830780874206],[131.17323921370536,55.07922994872491],[130.77283131771713,55.26300090873178],[130.39462281256405,55.472461447099676],[129.92609626880702,55.66838736299275],[129.639552349432,55.76755523786899],[129.14540710030994,56.00247304847121],[128.33321148996663,56.34633963423214],[128.06444559445276,56.490540539687764],[127.74690808923148,56.630003669396],[127.5888672338684,56.71036163201327],[127.46061646212216,56.757617280460906],[126.98274275281767,56.95657406844558],[126.60145828365711,57.147067689259615],[126.26150331514192,57.33953686355308],[125.69334329578638,57.66677370137765],[125.64551957443061,57.71912118167246],[125.65810998214518,57.916924517169],[125.71012446907535,58.01340832388571],[125.57426646624229,58.170583141813935],[125.51260659076429,58.22152934144103],[125.32498534589413,58.29250658113357],[125.19258882546269,58.329523187828336],[125.59608118044267,58.41085828951807],[125.8022838580931,58.478208791863175],[125.931279738994,58.54854718339506],[126.09994391551754,58.74117192687636],[126.11730998082847,58.830055171659275],[126.05046181751943,58.921646697856566],[125.92667716817826,58.99317856396125],[126.09603376260023,59.180899858343786],[126.17028949077248,59.27394375708558],[126.25542892092062,59.45207930736217],[126.2285535392508,59.51215006376617],[126.08851539108335,59.600280789852306],[126.29302833827832,59.688312588803235],[126.75060291248441,59.79168837250596],[126.60295978949907,59.8783061810606],[126.58166684662817,59.98302275501205],[126.48299829423148,60.02891228048286],[126.16623927284671,60.07136235960614],[125.94678115558223,60.2471771485423],[125.66427287598401,60.34014045158783],[125.50842372438963,60.41476238986043],[125.5992202639341,60.453597569256345],[126.14763246595273,60.4690406164661],[126.28810566182294,60.48106944522191],[125.93520603722578,60.54294972591492],[125.10433179683355,60.583434811777906],[124.91479265994724,60.5655344483924],[124.64812410595376,60.53274504607308],[124.4870598356287,60.4970159037451],[124.68506952419396,60.434783134903164],[124.9688456270709,60.2582260550424],[125.12402615305426,60.219129870912724],[125.18758466288789,60.1919656113648],[125.01895136891842,60.170572202663],[124.91359406823508,60.14920698327007],[124.76668284559602,60.00869027919938],[124.64027209394861,59.80183197774696],[124.41501411744132,59.733116439791154],[124.29545508471219,59.745460130291775],[124.17600966526973,59.8106471989463],[124.04940227789598,59.90335975769539],[123.68360011593646,59.918379755730406],[123.48651171410226,59.97050047791084],[123.33141450874459,60.05918339471352],[123.23234096483468,60.15047207736872],[123.1262817346356,60.213998876796055],[122.9922419675038,60.25312153448912],[122.85850380375938,60.25902047744555],[122.71164691840116,60.17116496179707],[122.55690878727486,60.16492966217457],[122.26788014227239,60.23424932361393],[121.97209765446965,60.26712841904631],[121.49403798294486,60.23947975316496],[121.10031877875618,60.21791457384779],[120.81204345047422,60.20248064196404],[120.68570850404235,60.17205404619479],[120.56663459829555,60.10201786694505],[120.76400460749704,60.016676329376594],[120.89077083376223,59.98001461005026],[120.72914803800798,59.87508054803509],[120.70803445846774,59.82860971029495],[121.01735770377059,59.72942398349329],[120.74970369471188,59.65722361195291],[120.61557414551474,59.56909303421648],[120.56551396628997,59.47109332867254],[120.62481838191388,59.376133216961115],[120.74041822966461,59.28069159876101],[120.93416938550908,59.2008241657804],[121.22779739568362,59.15612880207857],[121.69868654382805,59.14699589833591],[121.93555368432794,59.089178435825026],[122.01893677838082,59.06338581539766],[121.68023679331102,59.03383437794587],[121.44599557681514,58.97834098532435],[121.04559145001193,58.99089743195213],[120.73018950377846,59.01978062817909],[120.61036479255824,59.01315237783939],[120.55324649175782,58.99034060659922],[120.49380494708447,58.90551739068978],[120.0745816013628,58.980039870366774],[119.86762408392256,58.89826392316989],[119.66963908064595,58.86859141207014],[119.4523106552323,58.887973973983705],[119.28455411936261,58.91721486755003],[119.18135675517358,58.979033549186774],[119.38629331514012,59.005277149505595],[119.63343521178241,59.03152570681513],[119.66899086783229,59.04130216182791],[119.09035884438583,59.176265011519824],[118.6841710708446,59.220767451501274],[118.31826687644978,59.21715661172632],[118.09194554502004,59.18479391388154],[117.93770300892994,59.197461956195745],[117.4068888976448,59.2929449354973],[117.11873597535495,59.2990101876004],[116.87918542566912,59.289166223378665],[116.75059837612605,59.23783912009848],[116.95837566685381,59.154566999692584],[116.97767019140475,59.10620640020109],[116.91269217946422,59.06085968909387],[116.54885712051988,59.11218859058337],[116.34582675892239,59.137769580672895],[115.93037265218315,59.124400469554196],[115.69753782621945,59.10476943280927],[115.43085029335907,59.120614313024326],[115.05211008750076,59.149207089025815],[114.88973590775196,59.13290617449147],[114.92393253804589,59.10712855464292],[115.09609785123709,59.006920586313605],[114.86388974316598,59.00340487325877],[114.68911729304942,59.03242047434839],[114.49510713448312,59.1131032023887],[114.30018676962713,59.167666769174446],[113.90559768920666,59.14791890412768],[113.51920469563674,59.16036810638233],[113.08990426514661,59.15343783294007],[112.70960690746985,59.14013200464876],[112.40035180313055,59.14622608572474],[112.34396815026686,59.14293429666041],[112.09555589313986,59.08132087496817],[111.95861139581729,58.987107340478985],[111.91296615107102,58.8859299772546],[111.95156733367726,58.777651538347044],[111.781067053669,58.7246968387829],[111.60995901601684,58.651687711175455],[111.60888809219242,58.618491405740464],[111.75586989239642,58.36096180942796],[111.47027241250355,58.208299295997136],[111.33379250290042,58.10245468754652],[111.22412957664567,57.94095794222023],[111.16087916697244,57.65255140966958],[111.10158177133823,57.51904229522408],[110.89329767601566,57.31335812374731],[110.72275428240035,57.22395347552121],[110.63553289470322,57.06520659901543],[111.64599179173204,57.08700996555721],[111.85729757029719,56.87784273279052],[111.90758878507347,56.70498243525042],[112.43255059112806,56.457501948347655],[113.46433595725746,56.37579143280688],[113.69842645411896,56.79749443013186],[114.68038284416852,56.78958153685633],[115.54961232651918,56.50856092547851],[116.59025388133652,56.294596772819794],[116.94988885218199,56.475935163339436],[117.19558900509965,56.44182237511181],[116.36039930365358,57.06275937684058],[117.10434999973026,56.82908208459089],[118.07029192308747,56.31998975659219],[119.18868679682929,55.593398498593],[119.26449222391902,55.49613867522574],[120.13012497858911,55.2008833917454],[120.71499422695855,54.88385628262753],[121.42150741203073,54.5483370070037],[121.61228932976728,54.34245857117701],[121.626465895216,54.248669420545845],[122.60405254865827,53.79457618248454],[123.6836591555157,53.312056034424586],[122.9375410048831,53.50793269023505],[122.46699998002936,53.619996496590865],[122.06538098488541,53.63607224863025],[121.9965980102642,53.61098224954562],[121.92269863692674,53.55244290752012],[122.14412184495147,53.25013558717197],[122.45749989490109,52.927225098176955],[122.64271564810822,52.755676764026795],[123.11551039381885,52.461708886796735],[123.26663756147454,52.396490025790804],[123.85761990519586,52.12080288739704],[124.14206863891341,52.05939091847879],[124.56010168241127,51.86031922298449],[124.88930365394833,51.4730863795512],[124.17304896708984,51.86416343516019],[123.72527909063452,51.95684820990167],[123.64834204937175,51.94784007725181],[123.59675283268416,51.8543634609437],[123.66821485161347,51.68914824671852],[123.74120559444381,51.405887775198984],[123.3971792239231,51.56244003276408],[122.98897559239755,51.85092328341168],[122.82159611494771,52.20193309321394],[122.34390615166782,52.46946492926245],[122.244282562287,52.605826681636344],[122.20468412482421,52.793772770291866],[121.88357258196584,53.007599936995724],[121.66649357465816,53.118013832646994],[121.35515075459868,53.27856081627248],[121.24205117354502,53.34686460932105],[121.28292493566583,53.43425159863489],[121.0426041325135,53.696975435077654],[120.76915112226072,53.919862527616665],[120.25537032957305,54.291508367826516],[119.80006869050032,54.65026355546398],[119.47495988994807,54.84942818505092],[119.20722238179162,54.975944051051215],[118.5533886993929,55.20330312684146],[118.15381406368803,55.440433646681704],[118.11905911195973,55.49073040174521],[117.56376983630294,55.46675516491296],[117.7954149477821,55.43607078286683],[117.97073575235244,55.374200530511665],[118.0686263503658,55.237870143152925],[118.09665259540373,55.13207790102214],[118.11807758873223,54.98234599979016],[118.38109986518762,54.61217779714962],[118.5806108045022,54.42301195061789],[118.68702459097496,54.36238973146827],[119.04925392244849,54.16745132215072],[119.32906285326311,53.90955419037802],[119.57353533981693,53.69898711992907],[119.94831992974274,53.29337638548618],[120.0758712369204,53.14964943099171],[119.8965598328021,52.69545584147697],[119.91038493984713,52.565572537349446],[120.06113240302707,52.369747343505836],[119.983189438091,52.242531243530266],[119.90055381296557,52.06612309843008],[119.93410637811016,51.95541004402639],[120.05424864931875,51.65210920056585],[120.03497085181951,51.46297851864687],[119.93365871231325,51.2178571213224],[119.74361570582627,50.73531215551861],[119.7184506382622,50.58243529039119],[119.7778953234388,50.4335531377058],[119.75918430608512,50.32597078171929],[119.58626658652315,50.19894177567218],[119.4770974551504,50.062018574073186],[119.47628882193439,49.82953473086193],[119.45252947920761,49.67669806538391],[119.31861991210972,49.45066760421455],[119.09166498046667,49.28590767074607],[118.50580986924234,49.12453620663684],[118.26229453446432,49.041185863216974],[118.0179824906661,49.1869855709314],[117.78472991091552,49.21575922014679],[117.70073369945749,49.20104005178214],[117.50861419608182,49.26384279631936],[117.21450253028735,49.43749307727258],[117.03439374897589,49.3453969031271],[116.8806174048956,49.31125331458254],[116.86739824381404,49.50918028484388],[116.67209829035403,49.45104777000384],[116.62099242558727,49.28658318726368],[116.52855183073757,49.10168208677011],[116.30132341490695,48.75814493368916],[116.28709423908055,48.741245673720634],[116.01847375533688,48.42076768525336],[115.98965514372786,48.2609641167785],[116.06606100780776,48.11566734161206],[116.22734513645472,47.96483522589667],[116.29776980660597,47.80300787276611],[116.4738354218659,47.49247799989595],[116.23630124246752,47.45107433989565],[116.15563991859214,47.36883591659544],[116.54250943395493,47.14677962473379],[116.3480301420485,46.999368819672384],[116.73139112751454,46.35148330581795],[117.53900198410352,45.266842002729],[118.20457172575017,44.93406685918344],[118.94060511638887,44.451791695842225],[119.27251353944075,43.864226042193735],[119.89920685123563,42.86782446308581],[120.05940785228775,42.51203393553662],[120.20567945356228,42.21940615631011],[119.92058947905666,41.877777289045696],[119.5933376432202,41.71466685628554],[119.44734183060154,41.01126648676757],[118.35289145792329,41.104054814038236],[117.59586865280285,41.05022636435487],[116.96379329759652,42.0975437637431],[116.34702533553173,43.05771351739705],[116.20475197747456,43.32943578913516],[115.64217427336295,43.375350459079996],[115.38148933588936,43.43369810960267],[114.44491716060297,43.96310717792324],[113.43636056691803,44.65860382409423],[112.80987313621503,45.131593248113056],[112.41010523306872,45.070440570386424],[113.05393248028234,43.97379488323754],[113.11681952563197,43.389984330998445],[112.36311783679676,43.30233058435954],[111.96393012369857,42.69149784542998],[112.61282454642321,41.488526285822694],[111.76569335760782,41.615994110968515],[108.71184953639414,41.67462843452551],[101.15266124275745,41.09289143779398],[97.38291421570909,40.197642202050815],[96.94038178976425,37.1237292313743],[91.34145041676742,35.5341163261673],[88.4711517433637,33.99546153713205],[81.6686328721638,35.067123309115935],[74.73267660467756,38.43115352982632],[68.01692132622394,41.77042187497085],[64.93648429783023,39.778390799326786],[64.45669529039456,40.673541451955266],[60.09428849809556,40.97018317846146],[61.2479446721981,42.17386445028579],[64.58510090265332,43.55081204207169],[63.58514493467618,45.52433475767765],[60.92068685352109,47.14932666045801],[57.03544510465099,47.37696683787781],[51.99600366781043,47.898323597637756],[49.94150132876686,47.41466023235054],[47.62316690436566,47.45034634636652],[47.62616013552989,47.512550958817684],[47.613252327568865,47.60416723683397],[47.623523589402296,47.703121672855936],[47.52993180586673,47.85476478586615],[47.36084148412209,48.05081946721982],[47.176826728560734,48.16337541603749],[47.17358742326304,48.22324154037163],[47.124898106926345,48.29045082592405],[46.997472894797575,48.34037151447836],[46.986477537184996,48.47989604160044],[46.94068753374577,48.54247352325757],[46.87804684860526,48.5841217945157],[46.77788076003105,48.62963856022051],[46.495200657404375,48.77187900611089],[45.797808947743576,49.229869402019894],[44.97496954677214,49.67038857294208],[44.378880315470724,49.90170576806678],[44.0217922966356,49.664259630963905],[43.12571234343379,49.60900259028179],[43.02171255521964,49.44218480952925],[42.87922731857427,48.83969835935364],[42.99055471617672,48.743248088384426],[43.02709952695707,48.7195059303712],[43.24104161588247,48.14557605205044],[43.57994041616878,47.99427114254699],[43.97689060128643,47.95372363270284],[44.91881739706929,47.89274429845003],[44.991209782605175,47.56429918342771],[44.60363863635997,47.555925579490776],[44.61830658018928,47.508235675022725],[44.6219058332182,47.49651186907531],[42.450993755887275,47.67655420464985],[40.45662953384713,48.22633585581538],[37.170607727899885,48.612393129029904],[37.1672820862237,48.621196039032775],[37.052019427335395,48.803356414621085],[37.011107894998936,48.86770822469544],[36.930040649655865,48.994753789449675],[36.80869695520925,49.13124105399833],[36.5039429888307,49.305594753826306],[36.35559990062722,49.34891663774079],[35.974928894080264,49.40144997137074],[35.67827458813696,49.492575937654486],[35.519087984920716,49.57429302145573],[34.8575386717986,49.912067995978845],[34.30605658509565,50.19010307142488],[33.94609621631221,50.31629906203154],[33.692508428668525,50.34398293594217],[33.530261178420204,50.3951734897831],[33.282712830305435,50.55788208239889],[33.184039751078565,50.57631416498896],[33.0647997648329,50.524981688927824],[32.9309787116078,50.53871975102224],[32.74682325485295,50.70536217525884],[32.371241556901495,50.92171165395091],[32.58852419566496,50.981823635479394],[32.792589099376826,50.98214828488525],[32.96112720792022,51.005369382456884],[32.95178854738041,51.17007696327082],[33.04815343164543,51.32042034683122],[33.10929993015768,51.469926437639955],[33.31316301910065,51.47927502909303],[33.502527389042385,51.52017679115463],[33.28198114283407,51.68614117428883],[32.99935006875747,51.770719732809454],[32.779600943066576,51.88187062826771],[32.86346987482836,51.91757912650451],[33.00402401979712,51.926692017323326],[33.312959648379916,51.9626807948154],[33.557497348208145,52.06936012364658],[33.99847602136703,52.20233811550834],[33.88412719525969,52.3163076289533],[33.84868860155011,52.33376518073338],[33.54670784596226,52.30702832792186],[33.053398537573734,52.25396913781227],[32.760351910530474,52.22242353061231],[32.38786954240703,52.2042651051629],[32.22799570080095,52.0805749263221],[31.96158693916221,52.0226549310836],[31.525831496315956,51.999830029754605],[31.11196190966828,51.92375736432922],[30.94455556977467,51.82554830391674],[30.768960296613457,51.80743729896256],[30.56357208390058,51.90511628151749],[30.47484229795444,51.71311315449651],[30.370120020914925,51.654687889148164],[30.187411358393703,51.640934516119316],[30.01129838056644,51.65861342998519],[29.638595231824738,51.649055570466565],[29.456368167259246,51.59935786430268],[29.731930912337713,51.50974265693584],[30.587430331459704,51.19368669768034],[30.62333500094516,51.13898391468713],[30.603020166490207,51.07951276664296],[30.688484418188825,51.00173084753395],[30.913823039393723,50.98832128122559],[31.10324648074113,51.02991782608461],[31.35592632931533,51.07612970581645],[31.771094359763705,51.07222045193552],[31.954541232540667,51.035858349487334],[31.885282447419705,50.95312252925384],[31.865235331308227,50.87484792042961],[31.788452999006406,50.82859867841309],[31.57080124545188,50.79130101884696],[31.451298522526848,50.78186085922015],[31.204356405117277,50.83227445382226],[31.021588992175868,50.818137244765744],[30.783839109428367,50.66055160285792],[30.389854593985426,50.64600919665288],[30.193230273791684,50.58540885407332],[30.025474673375797,50.42684359829062],[29.927186475612935,50.39397637409352],[29.610355959761396,50.41682318275543],[29.3636454732832,50.47240587756184],[29.446467666556504,50.71390825306794],[29.374632205216017,50.84779368564541],[29.246822586099434,50.93970744388617],[28.88682040949423,51.030962914494815],[28.809372457962535,51.035423656257784],[28.563163661960854,51.030441725674336],[28.50704727146307,51.01659812446366],[28.42891891706662,51.076040743006544],[28.73647878999488,51.23631199026506],[28.967609724535723,51.31850256804042],[29.255287144595563,51.37790951966779],[29.332203770344652,51.414253555307546],[29.196624999204534,51.558465335285874],[29.020465707899486,51.58068875904184],[28.71111465697545,51.56671042777277],[28.31734090455248,51.55258154970551],[28.035560647429165,51.58363421469247],[27.95073172715104,51.61498474176201],[27.75204094683304,51.74913912421546],[27.947358481683334,51.87436737012075],[27.691697502418,52.060319782057604],[27.573585717944887,51.949369889695895],[27.36257088236008,51.9490415221391],[26.983321052648886,51.904017167043946],[26.772822647506203,51.86364306246873],[26.557555780594974,51.63974475905974],[26.49425142095067,51.58736921886023],[26.371069574134133,51.48537374982575],[23.679865065408947,52.41215904251853],[20.961727631653787,54.02887235822418],[19.919415906845586,54.103499198182675],[16.83203703217648,54.04134078521211],[13.646241172193266,54.56603025648586],[11.844309255802104,54.74388981810085]],[[63.3075590194547,54.51857494953613],[64.01364295248771,54.297310057567024],[63.30755901945465,54.51857494953613],[63.3075590194547,54.51857494953613]]]]}},{"type":"Feature","properties":{"NAME":"Unknown","ABBREVN":"Unknown","type":"Unknown","weblinks":"Unknown","SUBJECTO":"Unknown","BORDERPRECISION":1,"PARTOF":"Unknown","CONTINENT":"Oceania","INDEX":152},"geometry":{"type":"MultiPolygon","coordinates":[[[[160.80923261300572,-44.68381881173496],[160.89649678943687,-44.4788564627481],[161.0184979028554,-44.36746063817195],[161.10974835231139,-44.372841692078104],[161.2100453804212,-44.43936997789679],[161.09432134402732,-44.73291545428719],[160.85981125761498,-45.10641415321243],[160.99560770094712,-45.171611706393726],[161.4609888218136,-45.43680750629394],[161.62677186819087,-45.47976127893801],[161.80515988095706,-45.45238537724174],[162.27095758213179,-45.26716623301486],[162.76089503865006,-45.135555048581395],[162.915101690514,-45.14616730913495],[162.9874172178007,-45.211417376667036],[162.8466067237018,-45.38546655356472],[162.7630558237116,-45.461397643667134],[162.13441781263958,-45.9299800907193],[161.9914329994917,-45.9569219302942],[161.65857306858956,-45.97886461680815],[161.38550235575948,-46.2343282995349],[161.2754077635316,-46.29270543959787],[161.0914461308166,-46.303610522102225],[160.7810065015674,-46.309461141129525],[160.5289265684503,-46.383777758653956],[160.30971792250517,-46.489434626195894],[160.17959181950638,-46.631240129588704],[160.0810957600674,-46.824505193484775],[159.99799867106577,-46.90262005703354],[159.85915406037674,-46.97552867882465],[159.39691984365373,-47.16283577029549],[158.5915529527818,-47.57003608206248],[157.8318308640718,-47.947166219488224],[157.29330784198436,-48.15453554002287],[156.89368138118803,-48.265457915039356],[156.8261262389868,-48.20549430551552],[156.76123209284168,-48.09518011084565],[156.79525088266695,-47.97927590411973],[156.94184868619146,-47.86783449650094],[157.20966496013926,-47.73042335404309],[157.5961772811428,-47.49002576729227],[157.9515490828888,-47.309786390204],[158.07150970382074,-47.185884213061236],[158.01094786781474,-47.13949086600399],[157.92552254217668,-46.927118427253525],[157.82463128420335,-46.85979770006562],[157.65329270801618,-46.792456081184056],[157.42568052851965,-46.62578862060238],[157.39718900835177,-46.531507245212666],[157.41586659984324,-46.468440054301254],[157.49679242419447,-46.42095271609304],[157.7264749212834,-46.362557288170855],[158.54847267410986,-46.10700484186173],[158.82361157813006,-45.91477386792609],[159.04793443955532,-45.65173036490824],[159.19806650583297,-45.53292023742364],[159.5212277513648,-45.36464171526145],[159.6736933035653,-45.217686491552506],[159.77686137029505,-44.8949840693204],[160.01318410947994,-44.67429839406349],[160.0587902994404,-44.55317262815115],[160.09233355430828,-44.296101733216865],[160.0921025353131,-44.028049295499805],[160.1910114908773,-43.96308041810718],[160.23649877442134,-43.842121204253225],[160.23710238354616,-43.70209868637874],[160.16208409734475,-43.62722566777133],[160.09790466451125,-43.56158793317318],[160.06632329382307,-43.65531904015213],[160.09499352805506,-43.86075474130187],[160.0667962405976,-43.91659811590552],[159.99685694030137,-43.91659811590552],[160.00658889942633,-43.80483057483109],[160.00542847167418,-43.552205532013005],[160.0096777830845,-43.24128176495552],[159.98342624925849,-43.01365380369453],[160.02267698604814,-42.96608136662369],[159.99715168533012,-42.86121443749229],[160.06066986790253,-42.803905563415576],[160.1125442961449,-42.74650876349296],[160.15450372291684,-42.66987107125534],[160.20338486221954,-42.50676447693812],[160.18314270237013,-42.33338812267999],[160.12226552663267,-42.22707829861525],[160.205626339796,-42.20772389340488],[160.2606191041077,-42.24642724219993],[160.42566265880194,-42.22707829861525],[160.5107135607919,-42.18835699080931],[160.45399696270715,-42.30442019567828],[160.3307057726046,-42.38162193766985],[160.30838187227758,-42.50676447693812],[160.3127647956661,-42.59317653820904],[160.34374240111453,-42.64110047424333],[160.38433814609317,-42.70821312819148],[160.4479200187981,-42.65068828094033],[160.5520082704126,-42.66028080113806],[160.68242459161544,-42.765653502141916],[160.81805855961505,-42.81345862070606],[160.90877276287708,-42.842118166642216],[160.87593504801842,-42.94703458003233],[160.82407904630801,-43.00414795364695],[160.89322783302768,-43.01365380369453],[161.0167596211101,-42.93750954149033],[161.08587106075365,-42.94703458003233],[161.02154005242508,-43.01365380369453],[160.99701106368047,-43.156071755861745],[161.0368424802468,-43.231822977709356],[161.03836588170898,-43.34518694039024],[160.9558440045299,-43.35462218006945],[160.86835531070037,-43.42058541918198],[160.85081781218378,-43.48645563172666],[160.75837338526625,-43.47705526583838],[160.70175245631782,-43.458237561980916],[160.72087220260698,-43.505249626853214],[160.76087668539918,-43.58035620410908],[160.77592648923763,-43.674038991241474],[160.8243625886971,-43.78617010105855],[160.76955295279882,-43.87937930038868],[160.70395681668282,-43.96308041810718],[160.61230519573542,-43.94449288196024],[160.59500026933824,-44.00949989472203],[160.5712742856068,-44.14844206349433],[160.61153997462412,-44.22234027975544],[160.48253218685028,-44.23156788810959],[160.38928232471966,-44.23156788810959],[160.32093244868173,-44.213110429951364],[160.26955214476197,-44.26845590911106],[160.346392686101,-44.32372738695677],[160.42246160496518,-44.38811104176652],[160.31054246875806,-44.470725886674785],[160.37888935351592,-44.489064536798004],[160.49624626986446,-44.47989633176811],[160.5894645958398,-44.47989633176811],[160.63140754671076,-44.53486864754768],[160.55915929590702,-44.56232291832191],[160.4962113294215,-44.61717764320825],[160.45663571710165,-44.67194517648056],[160.4909784029995,-44.69546074217488],[160.7244912482573,-44.772198104827794],[160.80923261300572,-44.68381881173496]]]]}},{"type":"Feature","properties":{"NAME":"Unknown","ABBREVN":"Unknown","type":"Unknown","weblinks":"Unknown","SUBJECTO":"Unknown","BORDERPRECISION":1,"PARTOF":"Unknown","CONTINENT":"Oceania","INDEX":153},"geometry":{"type":"MultiPolygon","coordinates":[[[[151.5407970635114,-50.07375403162314],[151.29920129299055,-50.16847126612856],[151.12953165954642,-50.20169030025322],[150.9306491772685,-50.281865423637136],[150.75662998335943,-50.202305558603506],[150.6574241688205,-50.23067063621342],[150.62765683463218,-50.30112411419232],[150.62470665241753,-50.436761560469535],[150.49691232044623,-50.49291279353722],[150.3967716703752,-50.5767788774354],[150.19024765693317,-50.71610571088769],[150.1343809230378,-50.693070462353376],[149.7901865631805,-50.66123117232116],[149.85925854663947,-50.7351215916008],[149.934069897972,-50.81350452017901],[149.61708320294045,-50.97059430164272],[149.06863319233443,-51.25486689715345],[148.75053405700416,-51.42770609522639],[148.4501194161701,-51.52748349099667],[148.03668566511158,-51.636064885843815],[147.86397685871194,-51.71254286641858],[147.69988930148915,-51.75752569769676],[147.3726769876178,-51.82945857651124],[146.96528188319732,-51.95463675322744],[146.80327682027226,-51.95932105516464],[146.46285293585706,-51.87986947308994],[146.16931061673344,-51.914617853046686],[146.130539488729,-51.777839769026166],[145.87984995199147,-51.729062893877504],[145.76232176463066,-51.70828621110205],[145.8294367823625,-51.61257161565676],[145.68774264504032,-51.582283701480925],[145.53336776334515,-51.62651179571459],[145.43845660266476,-51.67868833999377],[145.09321440313147,-51.707909970652366],[145.0793486819597,-51.656468052656095],[144.9182310463253,-51.626820611547274],[144.9811165923258,-51.53766942458444],[145.18745964865002,-51.510064033206454],[145.1907819410877,-51.442355394514664],[145.36839537661066,-51.4058936502816],[145.49502806354064,-51.40569665069194],[145.5191429361185,-51.25353073698741],[145.73044773317932,-51.337367614515145],[145.78843250710733,-51.155269352637504],[145.89615114084427,-51.109424479769174],[146.20329509867184,-51.15917440044341],[146.2896708712065,-51.11793662819094],[146.30632531325801,-51.06301446039052],[146.3166098875445,-50.994236511372996],[146.41236506439142,-50.90215221537123],[146.6490217137145,-50.804940909980544],[146.97491484049615,-50.72589119105529],[147.2583904650453,-50.605060280672724],[147.63359144638952,-50.48357784501018],[147.79740058494798,-50.38531911925598],[148.42780088805893,-50.19670927007531],[148.97879852348055,-50.10628391773789],[149.39671283665848,-49.99688347152137],[149.7588020457526,-49.87764666584178],[149.9497553674629,-49.84402040732366],[150.4549825969163,-49.65219529111776],[150.59158541051872,-49.56082774477706],[150.90450593211284,-49.45925072830529],[151.05948306412776,-49.4541695346616],[151.50665210809555,-49.34234212703023],[151.93375042719038,-49.20586906862783],[152.0701649469672,-49.13265756765055],[152.1356967376367,-49.07405438738457],[152.29946852333458,-49.02495057476893],[152.59911546529742,-48.92165173733829],[152.75395194052345,-48.74932538617534],[152.8696649834382,-48.67510099311927],[153.10976767514464,-48.52257377157957],[153.21369359387475,-48.538967232662614],[153.30029087216468,-48.48607926499605],[153.63521892863056,-48.395942191969546],[153.9211911117168,-48.3006404223874],[154.0878927949212,-48.20025945195351],[154.60182190313884,-47.78073124668209],[155.0581785204113,-47.54919896446646],[155.19072970709848,-47.56587156129221],[155.27486074738414,-47.62507257037007],[155.18806244021337,-47.71759116459606],[155.30109112775017,-47.73887550211104],[155.30466417496913,-47.80485819570514],[155.08604191213524,-48.088060769085786],[155.1170167572558,-48.173392032107735],[155.7620092676444,-47.94575738842306],[155.94558509668593,-47.935334891354934],[156.04915027322605,-47.97553971251244],[155.94174468461082,-48.151870667930126],[155.70388773114868,-48.29218944863589],[155.65335890253036,-48.44223672641809],[155.57163356088927,-48.53678037356751],[155.06195019029457,-48.765076360785166],[154.79577622794307,-48.90318724698368],[154.46012518485642,-49.02615987377606],[153.8100941922843,-49.28034544281273],[153.4328284573245,-49.40193444770573],[153.26241935964086,-49.44565411582967],[153.06250286057218,-49.53265156357098],[152.84260683604197,-49.58587265041964],[152.62877656438283,-49.67251220256756],[152.62710086849992,-49.808180624063986],[152.77774435001314,-49.82391810193549],[152.82552200778494,-49.92008403754888],[152.66880509982147,-49.957369673784385],[152.4471060802138,-49.980860108048056],[152.36923856312143,-49.88283091774942],[152.1217417721798,-49.92599152627905],[151.91624379423723,-49.97850857608973],[151.816337657502,-50.03075445869154],[151.5407970635114,-50.07375403162314]]]]}},{"type":"Feature","properties":{"NAME":"Unknown","ABBREVN":"Unknown","type":"Unknown","weblinks":"Unknown","SUBJECTO":"Unknown","BORDERPRECISION":1,"PARTOF":"Unknown","CONTINENT":"Asia","INDEX":154},"geometry":{"type":"MultiPolygon","coordinates":[[[[141.63887262783177,-15.616052339332375],[141.6017323883843,-16.005749662054615],[141.59223853294125,-16.411210904591826],[141.68771485017083,-16.52897461589933],[141.87389129863584,-16.53686448632929],[141.896521692176,-16.68000557700413],[141.60754444838216,-17.22705828558409],[141.89267495220147,-17.427383209166315],[141.9425950354315,-17.594628163678237],[141.94812070458144,-17.945471021702875],[141.8476240542257,-18.71104602210669],[141.8442326635755,-19.075462566422306],[141.91782247123965,-19.751490766622165],[142.01728415083755,-19.907365605618462],[142.20316465434487,-19.915059061071815],[142.38446934446043,-19.733726645750394],[142.57628752730412,-19.62621540893363],[142.6423062695088,-20.012331081374864],[142.78890535036925,-20.085746604840704],[142.99129244404503,-20.322756021215632],[143.14409565316637,-20.41230964755129],[143.1894195913356,-20.50210883307221],[143.14075307779862,-20.738958204191757],[143.05990629682321,-21.29229484588135],[143.08462020061745,-21.73756421288906],[142.9274214212083,-22.342296814214695],[143.01944715113834,-22.47852420001198],[143.2523345730033,-23.229308113259748],[143.27713820320284,-23.626627657530367],[143.19163602380544,-24.062120506872883],[142.97316842891578,-24.55097765241903],[143.05586731214186,-24.911348055129494],[143.05238318126635,-25.371790914524023],[143.08861785468537,-25.56607423606948],[143.57844990232292,-26.00635427216898],[143.67938770901515,-26.091053847486524],[143.98924680034338,-26.1519646720766],[144.06281106991068,-26.505907502521147],[144.34671025460054,-26.79657817659547],[144.5314238913849,-26.887900544339793],[145.0208539568148,-26.92485474816639],[145.03977811936093,-27.0317335864288],[144.9351196837431,-27.161678868499592],[144.72118805753968,-27.46652191386337],[144.7852394024106,-27.693824662924026],[145.08865442833226,-27.950045288563274],[145.0871984902926,-28.25133385086061],[145.0560291876054,-28.96229375006378],[145.01314766963404,-29.356100671968118],[144.99003308699074,-29.56330111215312],[145.04292870602802,-29.725522946547958],[145.31402808815767,-29.90888958431005],[145.32880107280042,-29.842646707431484],[145.41054490615358,-29.43654428273824],[145.71558371420167,-29.701699102461905],[145.9343790574683,-29.782214482790778],[145.99090499275368,-29.84831398692849],[145.99427755851204,-30.00267454665061],[145.70604392945899,-30.908099516367386],[145.94090404815373,-31.297825874563042],[146.12567612377524,-31.462928850729796],[146.35721587348903,-31.54140114457821],[146.42248466499956,-31.691872153431074],[146.4110225162379,-31.98501302300702],[146.42406332371831,-32.198620795734335],[146.6254789367523,-32.28339729033579],[146.63992647956013,-32.43230501019431],[146.5870123934672,-32.566892826745345],[146.55709669250902,-32.83504851509806],[146.5792584133776,-32.89129380927786],[146.77124830585421,-32.954092625884854],[146.81474476560666,-33.01018319837433],[146.8094496659812,-33.18546898533294],[146.6799792291324,-33.84036424815568],[146.49788904386884,-34.26871594103863],[146.31008171955304,-34.68718507249565],[146.16072835175902,-34.88522535955869],[146.00885838263628,-35.04189078974026],[146.04942729297292,-35.649336200323965],[146.03194822468447,-35.87719624638173],[145.9116630042883,-36.27058337086725],[145.7465306509333,-36.621685847984864],[145.4492766857834,-36.95115439772414],[144.8865062250396,-37.720252007835334],[144.19367454164328,-38.51638498867808],[144.04751875185352,-38.87142365011543],[143.80970232843652,-39.23035385551776],[143.47489340388407,-39.5743666114726],[142.93552759133357,-40.00268333958704],[142.6705963133723,-40.29196315550354],[142.19577947073284,-40.646744142788634],[141.95606972948758,-40.726152683815414],[141.73352187540243,-40.76904554712086],[141.42764185392642,-40.969196866024625],[141.04442177773092,-41.2585630782416],[140.47966716805507,-41.90206383675154],[140.09998584942653,-42.16764280826893],[139.81687571687507,-42.3730226346124],[139.63561491552878,-42.64102735597423],[139.39301991742602,-42.86165424192219],[139.16463114350287,-42.989030580506174],[138.81548542250232,-43.127755239992716],[137.69731191014463,-44.92443149211002],[135.1523233529965,-46.978529321458815],[133.39787122247844,-48.42539570397005],[132.27770056342567,-49.316449517690536],[130.72706788977223,-50.40354398065167],[128.80911929998592,-51.36752019471231],[127.95169841093583,-51.66232400652293],[126.68383211569972,-51.62055355084559],[126.98662744481074,-50.89273644925865],[127.1430147940429,-50.448621299623696],[128.1376672705767,-49.139334922435935],[128.81497329937454,-48.32895277119813],[129.15936364836878,-47.640850783982344],[129.53035352176022,-47.25194793191459],[129.87143966098304,-47.25194793191459],[129.75252792813504,-48.02230898247753],[130.28715340900055,-48.1762404941775],[131.10311842923971,-47.83250340810131],[131.77440359826733,-47.72819548852868],[132.09132249259818,-47.23409181569997],[131.75180171100612,-46.873674259660056],[130.97706109889938,-46.67275006553375],[130.32195019742707,-46.54388521194507],[129.44025301643788,-46.74603598350976],[129.09601467836413,-46.43280483816443],[128.38552662853138,-46.17136136444798],[127.65388171627562,-45.65814018684993],[127.03028189673819,-45.503772494066155],[126.81898777885951,-44.93525091223807],[126.39233134387125,-44.57402632282483],[125.67588208051338,-44.06269412827952],[124.74255245343625,-42.94443020408881],[124.53708592819828,-41.39278501118229],[122.76523434626252,-40.663948552269666],[121.25069352013438,-39.98523656671092],[120.64748830051765,-39.75383689750118],[120.13148733312666,-39.9466071846763],[119.66394146898102,-40.05852880286017],[119.16825627871614,-40.17023779862436],[118.51521543685922,-40.208461011189065],[118.18335474861851,-40.20302776804466],[118.01239642467905,-40.22179274143659],[117.5585165646968,-40.34524630751206],[117.03587430882109,-40.54774953383688],[116.62156920011228,-40.718803804918515],[116.36312366221945,-40.77995780655282],[116.16287466938041,-40.81671244129583],[115.9664749547279,-40.90177489966143],[115.55174649611172,-41.19766934921994],[114.99496816830775,-41.62872696775479],[114.68394625643893,-41.74803389340048],[114.36647084455193,-41.742758434741106],[114.14078612927824,-41.73730086760889],[113.72048354732155,-41.79738096714374],[113.51103472059701,-41.8746760762941],[113.32318233695601,-41.70933678606525],[113.21937568319065,-41.67395060178789],[112.90821613596793,-41.68052784505812],[112.21170184708467,-41.75311664099964],[111.78404797138793,-41.81911590550279],[111.6014455662296,-41.80173310681464],[111.31081254779431,-41.82007825164782],[111.09341337083167,-41.91505131898449],[110.67206243611166,-42.24509845425671],[110.49963494485203,-42.2981115984622],[110.12831560378531,-42.246202265210236],[110.04932679434468,-42.269779571490496],[109.65198627321226,-42.562136851689814],[109.37523764134717,-42.713604210375195],[108.93111655077296,-42.82453111239497],[108.66790990412963,-42.85974261628548],[108.05576648201833,-42.826291894009884],[107.80292661941957,-42.80366627469155],[107.56052641712422,-42.72306381970185],[107.3782697833866,-42.57254182465211],[107.20261606160373,-42.29311178524982],[106.97046944794113,-42.14711216112796],[106.82315193512966,-42.12980406431221],[106.77533669570714,-42.10053920197779],[106.95947373573034,-41.58586220674611],[107.03626463158507,-41.478518318147906],[107.2171976738353,-41.52582035951014],[107.42415166270722,-41.48963477595547],[107.65357300311437,-41.30997603253045],[107.83486367907946,-41.1116386547746],[108.23064290352627,-40.529810192122774],[108.46187469186269,-40.00238734809905],[108.52192900081761,-39.73031447757706],[108.53203249852355,-39.4692079711819],[108.43392640947735,-38.620452359450766],[108.46803640595894,-38.33406221968593],[108.56563475530282,-37.955930461374436],[108.76294669026737,-37.50342996121523],[108.82330283730988,-37.18447720025978],[108.81995396552854,-36.68611116924086],[108.70610973311057,-36.24312192417599],[108.57754200693608,-35.89690501086132],[108.53037542651674,-35.776555988726514],[108.74197772243515,-35.34564201208625],[108.74126247617956,-35.08852994213566],[108.61413306412977,-34.55058892654803],[108.36353045963615,-34.05511060599453],[108.34042198687553,-33.76935727881531],[108.43215873967065,-33.65467606016244],[108.48317678222801,-33.74644042709242],[108.4767660782453,-33.96381840363357],[108.52877958711903,-34.04370849063735],[108.5732012278623,-34.21454320252751],[108.68295241719213,-34.30545501882777],[108.83173556988756,-34.31687315805614],[108.86955899155855,-33.75790097618924],[108.74507437897634,-33.562775406679144],[108.69990672256279,-33.40162092526157],[108.78298273427271,-33.25159312223049],[108.97116987412271,-33.66615600116567],[109.02479016709302,-34.14626592156456],[109.21922018587695,-34.17835372968312],[109.26785721660542,-33.906688974036705],[109.39906998222632,-33.887926081850964],[109.49281477162818,-33.6101938249382],[109.44825100402542,-33.37343410211811],[109.21994051795201,-32.693211969669434],[109.17397731947415,-32.34664172880807],[109.21129942680935,-32.0550288362591],[109.30580626857946,-31.68317814850372],[109.54908037938355,-31.380893705988537],[109.7670799032592,-31.11347820011583],[109.9559799931429,-30.77246183857129],[110.0687557690274,-30.239909431082584],[110.04803021347897,-29.909849850134048],[110.11449336610147,-29.718243591839002],[110.40184093199117,-29.355355516240255],[110.49444732370267,-29.184521335000593],[110.5439625392168,-29.10266065079546],[110.57264036920255,-29.44378511751759],[110.51813668077553,-29.665599826183495],[110.53838010952416,-29.761395573963682],[110.68679438184716,-29.775748058044275],[110.77743931800052,-29.716565850464686],[110.93816237638764,-29.420653716487525],[111.06618788114878,-29.168208576956722],[111.46434650213807,-28.921667906390283],[112.08291625715634,-28.59145046591063],[112.33917392717328,-28.41843934776351],[112.71281625080616,-28.10928749418533],[113.0315458459785,-27.859509714434328],[113.3515673820451,-27.68469302915513],[113.7130306276195,-27.623160796199276],[114.0205884553167,-27.61477194638516],[114.32759593988412,-27.613973287438586],[114.52204254772593,-27.59072904541858],[114.70074909796182,-27.49164351986004],[114.96853125601442,-27.24766865092895],[115.20204847169508,-27.178492888414066],[115.61902430465906,-27.139299800813784],[115.76021744855855,-27.062651054739426],[115.96000653572554,-26.763981373944688],[116.04235597205911,-26.710127305049674],[116.23413528083003,-26.724954159148357],[116.5897882878613,-26.84653127241191],[116.87001641365703,-26.822834816192],[117.30962610497286,-26.660794387822914],[117.84669105754023,-26.405942318406],[118.03231173824251,-26.289989230369315],[118.43288897785838,-25.926152962766427],[118.69473375664705,-25.60774021981884],[118.90052897890288,-25.264952846217525],[118.995763321739,-25.10088302468898],[119.2218677166711,-24.897042954187217],[119.72847157774856,-24.535007854681776],[119.78383127539114,-24.440535996076488],[119.8036079464836,-24.212150630921208],[119.79233631467052,-23.761764511209105],[119.84291600365194,-23.48398172821927],[120.44106029860434,-22.852811058301228],[120.6900730695539,-22.45964580140811],[120.79972252523928,-22.55560852360567],[120.90157783493791,-22.80356658666038],[121.01879167002835,-23.56814388505905],[121.10410746223302,-23.71065921014663],[121.25036965505701,-23.38478381704107],[121.31437327009579,-23.121869407841025],[121.47894427580032,-23.25686066777571],[121.59132914587212,-23.296359337569488],[121.74537784006222,-22.95310750745634],[121.73521478595464,-22.87324592165451],[121.51323279000388,-22.737894816080797],[121.46297168100655,-22.60186980749963],[121.52934098416235,-22.280634280292034],[121.56119343918603,-22.216223404672647],[121.95375443450197,-22.239267385317056],[122.21842813576573,-22.383200771690262],[122.5055729009599,-22.36634729946065],[122.65674780317092,-22.349862479198094],[122.77625986330024,-22.39237378931041],[122.51741105109437,-22.133112743473568],[122.34242143137375,-22.053058473381114],[122.45787192556253,-21.746147319522855],[122.45899433730358,-21.57633820599793],[122.57335392915743,-21.28427857898303],[122.79789286854728,-21.080608227767986],[122.8786121480006,-21.039725092348903],[123.16138718719705,-21.266421949540263],[123.25569439037129,-21.241813775805344],[123.25374544633026,-20.98174726891159],[123.35273380623792,-20.704468600455584],[123.45571750257992,-20.49192241634021],[123.49105704163782,-20.18905370283182],[123.66746688238307,-20.090190078817276],[123.8567364692785,-20.02404247021988],[124.2138796092422,-20.047643981872405],[124.55737586776708,-19.413334810986747],[122.7551554010979,-19.022982642228005],[124.12780217258491,-16.892407979536685],[124.5834964213368,-15.246047093638785],[126.11939920299001,-15.173898761061883],[126.06345748183554,-16.417831166765783],[126.71866235094694,-17.4118756646177],[127.25859284587669,-17.317629782666778],[127.95652539961675,-16.25121379414842],[128.68293060605814,-14.740053147729958],[129.34780223964782,-14.061997755851943],[131.5336308698295,-13.891893162759587],[132.73770341013577,-13.867573554306016],[134.39817463027592,-11.882663549363436],[134.45690783144724,-10.71828714140788],[134.1101000678961,-10.519247953562674],[133.73390955336993,-10.643675346248509],[132.70076358981402,-10.966748210392884],[132.17189104591264,-10.145417005279867],[132.99720278162985,-8.717781386745896],[134.13857492888695,-7.22949549148235],[133.91382225887494,-5.525180773366155],[133.74150562685554,-5.277637963813297],[133.66269161479704,-4.914432158203117],[133.73474948912238,-4.603735278587379],[133.67012347120706,-4.461946850697986],[133.58382159285304,-4.533214359659574],[133.46865973379147,-4.781976810624959],[133.39648981967187,-5.198924273785197],[133.266736148096,-5.580271324863285],[133.10838048822416,-5.748971501617807],[132.78464023210606,-5.971181258550884],[132.72005453775802,-5.865205894413837],[132.59110354821024,-5.440595935548148],[132.60556593695708,-5.34310727316484],[132.78543749169597,-5.174190704802303],[132.72810488400938,-4.908380002060073],[132.65629730986078,-4.757819140633319],[132.4119797599773,-4.510125033603799],[132.10294096821772,-4.2625219864624615],[131.95196237110488,-4.227467987762191],[131.93043416631116,-4.094328472796532],[131.95202891850636,-3.952149075360388],[132.1389590121329,-3.924942539327941],[132.3115118600871,-3.9777160902295976],[132.57746136271047,-4.12789689781955],[132.6493679837984,-4.109919064539231],[132.8219319547729,-3.8962226057287337],[133.06637731322508,-3.6377896939082968],[133.13111049010016,-3.6731450088350512],[133.26050033515796,-3.8415849741644212],[133.7206230645316,-3.813528391367652],[133.78534431516402,-3.733364256705619],[133.83563681534656,-3.4043550755625067],[133.81404891544565,-3.1465611521113543],[133.70620209831296,-3.1646712181457617],[133.54806889536766,-3.289639860064905],[133.2748728616368,-3.334927067788163],[132.9800864119514,-3.3091510268761657],[132.6350098961569,-3.336864179952757],[132.1748611326417,-3.2849093601606825],[131.9950831319113,-3.089823281475716],[131.93753698936166,-2.9654786480052526],[131.8798173165429,-2.547476513081035],[131.793411367289,-2.3341415595300172],[131.60642594296962,-2.2367885952295326],[131.0455766217519,-2.1583741932938394],[131.16765285560436,-1.9710302425172705],[131.19623098718046,-1.8106683207961742],[131.20306083406,-1.4366003807791836],[131.41151323412865,-1.4181536981379026],[131.82818146405248,-1.15855270544928],[132.05074897309967,-0.9173502995896762],[132.25178175520895,-0.7385342798982276],[132.40996784502596,-0.7558752282222952],[132.58978397306657,-0.7998758265909826],[133.25897947562157,-1.20766163935149],[133.48915807986216,-1.3138520243126335],[133.899087674239,-1.4105864881516468],[134.06492075222008,-1.855394942568678],[134.12263898820723,-2.104518146277853],[133.98636435893437,-2.576686330276921],[133.9505123885418,-2.817031634386501],[134.04408467696834,-3.0569263835217373],[134.08727063720332,-3.368023744452681],[134.13041986404656,-3.6701111666270196],[134.21665444633018,-3.9985941281762045],[134.29571311903854,-4.122690457852666],[134.38195178593415,-4.202352142109689],[134.49708102637288,-3.793404090886319],[134.5330055291438,-3.864375102039513],[134.56894226400524,-3.953109598456988],[134.68373983760577,-4.627484797687414],[134.75555984014713,-4.733743903139918],[134.8561541057951,-4.848749963155055],[134.98552118815064,-4.919295790475192],[135.14364819922966,-4.954294070798963],[135.409734696478,-4.829326094365026],[135.64714244071223,-4.553592232043117],[136.22252707577167,-3.388226345916624],[136.38068244631367,-3.378860287262698],[136.32315060206713,-3.3822673731089274],[138.33708632241937,-1.3916994622215708],[138.60208622514975,-2.740654381902803],[139.54403807926795,-3.333709489998751],[140.22703133550615,-3.660534419811623],[140.80300264479527,-3.914952520013266],[141.94501840687738,-4.41915022434352],[142.31872910578718,-4.631018173828015],[142.77868750972775,-4.8159132138200755],[143.33205019957967,-5.053670941409668],[143.6983825072178,-5.371610170800698],[143.96411801064514,-5.574527302100001],[144.23005470730874,-5.6268570493201455],[144.40264438054132,-5.590926544651988],[144.5028464890546,-5.909286066348065],[144.61764595937137,-6.068195814871308],[144.89045658694678,-6.2884423806578384],[145.18478521602657,-6.535022970141952],[145.50738584102515,-6.984369243031586],[145.33356283658404,-7.575582057613324],[145.3384259177764,-7.716487990104921],[145.46542495913948,-7.8569434306521],[145.7589246486727,-7.926462161482304],[146.56923426049556,-8.416398333013769],[146.72702060159375,-8.433480667783064],[147.04098007967113,-8.546729743132646],[147.10962390381897,-8.704529598828227],[147.267680098289,-9.037354373187194],[147.33124082004454,-9.396315372511697],[147.2505086380447,-9.466579819239303],[146.74639047483203,-9.511838370081017],[146.48531375148622,-9.608852509090562],[146.43263499061106,-9.705196983640596],[146.4344732477825,-9.914941312582592],[146.64062521460482,-10.525099333959194],[146.83240289420917,-10.846723551735462],[147.4237714445237,-11.461956763781398],[147.46361978137222,-11.981865770174132],[147.71323249325027,-12.620670388526358],[147.83206060498694,-12.70658420557242],[147.96886477430417,-12.69754714466476],[148.29400864743909,-12.644842601408012],[148.44449809211412,-12.653026231604226],[148.4685915677119,-12.773680274214646],[148.26859754052163,-13.110211781704677],[148.34953392439868,-13.23901954108232],[148.5183572349398,-13.324514261346941],[148.7039574344574,-13.349758741846719],[148.97251536236595,-13.452073661636492],[149.00516419088964,-13.529286291006647],[148.97996533384287,-13.61519480986165],[148.67288422489617,-13.744782318964639],[148.781549334932,-13.89020923299157],[149.23460004971392,-14.060184293003863],[149.45032346260538,-14.239233600303127],[149.4898191348261,-14.700291989330825],[149.44132629461646,-14.8368348322025],[148.9536323066483,-14.829741270932326],[148.87118451606094,-14.736204454377498],[148.84629150524742,-14.454663692354174],[148.79835015329445,-14.39500850091515],[148.3559242104179,-14.327931206986023],[147.90262461439886,-14.166773560062701],[147.62554773533364,-14.09056249616306],[147.2878181150417,-14.10010629698545],[146.9438562140802,-14.083998819981657],[146.70453794331507,-13.95624482575819],[146.51212447652813,-13.742539928204971],[146.45362675612407,-13.425099888603329],[146.36694617977304,-13.262042893607012],[146.06572216960575,-13.073651954527245],[145.8798805534991,-12.867494613247706],[145.83420271423623,-12.746946123288078],[145.45999857945287,-11.76261123658923],[145.23925544034256,-11.260076357200138],[145.03918723247716,-11.225919208176837],[144.3774077081673,-11.019281515813672],[144.09571052108976,-10.828740816495232],[143.85243599469635,-10.794649661756237],[143.65512285066694,-10.90836121809651],[143.47422664599551,-10.952398174062537],[143.15176683161482,-10.674852821925313],[143.23140525314753,-11.144388129464069],[143.20582910141928,-11.27478892514274],[143.0895420489911,-11.318555755889886],[142.9267078727438,-11.240871356967066],[142.78114359749173,-11.302095671938993],[142.8884506698824,-11.54479043840161],[142.82875750971095,-11.614350767849084],[142.36097911644958,-11.641744537112286],[142.12517317476406,-11.824441528722945],[142.39807913501508,-12.040096321987889],[142.55613640488153,-12.247218189772683],[142.62656636290865,-12.488911094560379],[142.4282793242538,-12.610348431407935],[142.06681858241396,-12.870100806887196],[141.84651285705473,-12.999953820778591],[141.57910768267115,-15.310657872768905],[141.63887262783177,-15.616052339332375]]]]}},{"type":"Feature","properties":{"NAME":"Neanderthal","ABBREVN":"Unknown","type":"Unknown","weblinks":"Unknown","SUBJECTO":"Neanderthal","BORDERPRECISION":1,"PARTOF":"Neanderthal","CONTINENT":"Asia","INDEX":155},"geometry":{"type":"MultiPolygon","coordinates":[[[[44.62190583321822,47.496511869075285],[44.62190583321824,47.496511869075285],[44.73919877591962,47.44855116133141],[44.82985207089318,47.41144740000671],[45.01609516390804,47.42847817546995],[45.177158830124945,47.40293018610608],[45.174723065210266,47.22351824699705],[45.15056386572988,47.12804843804982],[44.946624554864194,46.86891768997134],[44.87136863131708,46.22015024145609],[45.084821952604194,45.720469255149546],[45.8855610696726,45.036396015780625],[46.759834796386365,44.5097271146995],[47.79940492343786,43.941493354326866],[48.51750827176819,43.66357795444857],[49.08267154954974,43.760912824481615],[48.71793024544814,45.008898095335375],[49.20273316759282,45.327221058295336],[48.96133829258123,45.605269145070274],[48.314550654441945,45.918878085273455],[47.986548676182764,46.449776726872535],[47.73041312827724,46.89369444110378],[47.76315296428939,46.98070005659371],[47.66811869098549,47.0893113450652],[47.628530059789746,47.21300345474405],[47.57651259240527,47.320851459032156],[47.620590498414366,47.397668437296375],[47.62316690436566,47.45034634636652],[49.94150132876686,47.41466023235054],[51.99600366781043,47.898323597637756],[57.03544510465099,47.37696683787781],[60.92068685352109,47.14932666045801],[63.58514493467618,45.52433475767765],[64.58510090265332,43.55081204207169],[61.2479446721981,42.17386445028579],[60.09428849809556,40.97018317846146],[64.45669529039456,40.673541451955266],[64.93648429783023,39.778390799326786],[64.32263396714133,39.37875322639386],[61.56674429158431,34.47533676913506],[61.53040110528614,34.123972686321544],[54.733914719673095,33.73980801567334],[54.669894645504016,33.927218592526685],[54.51541365094456,34.097988119511136],[54.456960118758886,34.40910009855498],[54.28321914104159,34.64841207318932],[54.18208830910669,34.64243584276575],[54.1519066717212,34.730079136034405],[53.91504507386152,34.79091507115161],[53.567021800990396,34.79692517758085],[53.40783704309174,34.789024122330034],[53.33590048145836,34.68193777287264],[53.19617690958541,34.67318033394465],[52.97993323825287,34.63678935334082],[52.92842304086817,34.46035991776065],[52.708089073586,34.393519365781216],[52.57838442653811,34.17770975687025],[52.44221890762578,34.03942350754074],[52.3365969585087,34.01843992813953],[51.726043230400876,34.35455468572437],[51.30558395518656,34.404858706868104],[51.03522822432197,34.5791873845231],[50.542188840323426,34.73268693664431],[50.41261416887522,34.87805886252425],[50.251009804138405,35.013691311117],[49.99123789454196,35.297664402192524],[49.52891206214203,35.50571617663936],[49.271970517557335,35.54551346636757],[49.18634057767147,35.558768250787466],[48.90104986339697,35.77967244957988],[48.56254444493473,36.27917460793341],[48.202249207873955,36.800405126297434],[48.09121331987918,36.924934679576005],[48.045311759058464,37.19967065038852],[47.65665221518491,37.55003825667135],[47.382542128973164,37.87895060056173],[47.002420533946975,37.81366640223776],[46.80348676748526,37.832559503276656],[46.73779479614991,37.890398731523796],[46.60945450204713,37.915862167246615],[46.506201785166596,38.0377672429909],[46.44799657621426,38.293804415852016],[46.26546017308764,38.248666038737724],[46.20325729379368,38.20374795482476],[46.12160597356542,37.89546384379207],[46.05362171971424,37.81154307747304],[45.90311899686097,37.80612500362854],[45.86265899690393,37.8046692454793],[45.58813615142958,37.758878716935996],[45.41018485992886,37.78429781039369],[45.34739301529042,37.75834199357832],[45.31405593589402,37.700127261231295],[45.35271935787106,37.60964624120003],[45.46331390874308,37.291656479371085],[45.31795703923605,37.304874530408085],[45.138490792628374,37.06767852413974],[45.33296091224243,36.97770173511361],[45.49543867281198,37.073082329311895],[45.62742827515519,37.06350943825078],[46.06599528045202,36.204118150888405],[46.093292502372975,36.14718655541505],[46.26063132256577,35.840529153592705],[46.453744607743765,35.60621261290956],[46.57909732242029,35.28968393566769],[46.609496491362385,35.235665603839315],[46.87147979390936,35.24980333889801],[46.98730049145167,35.18916274950998],[46.917350199809896,35.07549375695771],[46.998639064650234,35.00029782451637],[43.10754807664664,35.592088768561815],[36.058662728718666,36.28080942151691],[33.768154195132645,37.674633134953766],[31.908542125300063,38.87722078035963],[31.930301558234824,38.885871783748385],[32.031053967603356,38.95578595023536],[32.1283290559181,39.02324563563616],[32.17057755531561,39.052510995835334],[32.407483352195435,39.43001723343214],[32.47377425222272,39.62285199876517],[32.52027398039203,39.84535148463565],[32.55805678474998,40.09260546541227],[32.58627957076249,40.44935301568062],[32.63607313466411,40.441797490173],[32.687881591897735,40.48211076825194],[32.677453257657405,40.57016838573694],[32.669759746313275,40.70574470166738],[32.7606350221208,40.8305331712193],[32.778163282831486,40.98478750091686],[32.8346257785317,41.08154720392963],[32.92837103227992,41.37053643379335],[32.90622593594045,41.46890200167257],[32.98191469683082,41.46890200167257],[33.027048310252376,41.549876435689896],[33.03629774920389,41.684510017100095],[33.02230515697303,41.81871389085555],[33.164702730115316,41.99861712898801],[33.2573262530069,42.02771981231749],[33.29390636590922,42.100383259974436],[33.26368350516631,42.16567329331741],[33.13168917065721,42.39940285920487],[33.14505490929907,42.64380503802658],[33.170769094444076,42.67011390659906],[33.094329545757205,42.87761830921212],[32.89708354128281,43.01063768412468],[32.94295628939501,43.04856219386094],[32.94769147598868,43.110119657283406],[32.987500676222695,43.162134787292025],[32.93357858380715,43.25183162336454],[32.97712479840912,43.256546918531875],[33.06211459497749,43.38599337237809],[33.029474860117766,43.43101936682742],[32.895303526625206,43.61563943877398],[32.83941647324814,43.65300996264446],[32.867301176113784,43.72298802170285],[32.950815957600526,43.79953727339333],[32.953270491686375,43.80178636518912],[33.18013258117849,43.962298403672705],[33.17604481710117,44.031723114641096],[33.14607182666278,44.08487840941236],[33.01049011789878,44.1955671819416],[32.94619056452677,44.216288083348395],[32.77129974818678,44.07101804779553],[32.67854239170865,44.05484463902583],[32.62663950670152,44.02941691872686],[32.6676083018909,44.013222577105495],[32.63415480547628,43.92753055554677],[32.564537869635565,43.9182562991804],[32.53515314351129,43.936802580286184],[32.50957103977464,43.9020184506101],[32.39075561213949,43.87881496706904],[32.23811808741992,43.96692882626451],[32.03913591146963,44.04560106378212],[31.837541432755494,44.10796449926623],[31.67795270329545,44.08949741413513],[31.364375686906975,43.87202032393197],[31.24430421330385,43.757923163890766],[31.26016124364159,43.67634542060652],[31.2052138340786,43.65767749198764],[31.15914410763099,43.629657149544755],[31.162581218775916,43.596942471515355],[31.077163851417115,43.66467604257779],[30.84076080138947,43.582423304524504],[30.56697100210023,43.50799875856704],[30.319896241502867,43.51319123409119],[30.072373775425095,43.54113840089414],[29.77399522675588,43.64841656892435],[29.323497700334904,43.97500968288311],[28.805088768985993,44.164712560797206],[28.366480712411295,44.236542953573135],[28.084804760095803,44.20806064027868],[28.051287293941215,44.10724987530225],[28.048440492764026,43.86552159641512],[28.05132419340718,43.701680951347115],[27.98891455849671,43.63922816008506],[27.883077760068648,43.639014213506194],[27.769078844566337,43.70111472791731],[27.319182252729046,43.603870330340605],[27.142573319213454,43.61487147906489],[26.971969930481507,43.68822498543056],[26.632616472265223,44.14929933282245],[26.47975636784165,44.008789462394006],[26.13818988962461,44.1875060043206],[25.955149844221552,44.16476951116716],[25.746154643986376,44.00174184155738],[25.63083891715525,44.152942108009576],[25.65119395085291,44.20332880322949],[25.74182062020861,44.27053653698668],[25.684321345474284,44.337341876715016],[25.27512860679118,44.342113700321356],[25.049330647127494,44.34725499083989],[24.998306790289735,44.452836387488986],[25.222798842129546,44.53095660052327],[25.17901827767931,44.624994477251725],[25.050870827351687,44.70208877896168],[24.860040924509402,44.72930465487532],[24.8089159912252,44.84484820583591],[24.80691830540678,44.97657226049528],[24.82641562619645,45.08602547626926],[24.77557712186991,45.184129352959104],[24.605645249960222,45.232811898658504],[24.328681182571167,45.36808836719409],[24.181115394590094,45.33526865280666],[24.06784307598713,45.367598692354086],[24.05233729575737,45.4650290591769],[24.09482159853285,45.655808872825475],[24.151539471595648,45.633441643995916],[24.36473270800063,45.51523562135624],[24.581752700803044,45.6180940312061],[24.403970860436537,45.72530455557835],[24.405298311679843,45.77215985449804],[24.276964691024222,45.820710805665364],[24.282242517126992,45.86919801213889],[24.5067550050129,45.92895801420313],[24.56252143820274,45.971745733402564],[24.526517293947144,46.02496492189522],[24.460229742464147,46.05810853852399],[24.32069254713961,46.07125287257941],[24.314125917309287,46.14125932242446],[24.383535691531193,46.16748322739915],[24.307377268218012,46.22858448095212],[24.219794252443357,46.27216743226892],[24.207577419703725,46.32874499487873],[24.11461670144909,46.33309276842768],[24.21111330114578,46.4004473977416],[24.316077884692934,46.50225116354831],[24.379817620781896,46.51523297887405],[24.398934157099216,46.5742319849035],[24.257802476367775,46.58968824621474],[24.03109167178845,46.54549309807722],[23.671692170032195,46.48493959522559],[23.60187589192446,46.49792488266892],[23.602146716208313,46.61992575937738],[23.646619035989392,46.666292006166714],[23.634269005913996,46.739427169439594],[23.606156855136206,46.844337088875555],[23.64388572131875,46.94084449126849],[23.76584441488632,46.9365618962941],[23.816815086762453,47.086164721638085],[23.886406448706012,47.094693843196325],[24.11732424296249,47.247877961408584],[24.326342274791575,47.24362890794632],[24.372389805681994,47.290304431953786],[24.56380303361707,47.30727002150351],[24.628310047591043,47.23088765181031],[24.742979442616654,47.19379649784394],[24.81353643948327,47.18359207157142],[25.029335808279967,47.175621309541654],[25.081173115552396,47.222390726221654],[25.045936902092897,47.269099614291115],[24.929436837834732,47.315738786758736],[25.03943910737317,47.3496255246312],[25.173056224059223,47.336922511040534],[25.225555409578984,47.30727002150351],[25.150794946404776,47.22663639259581],[25.235517565721345,47.23595526726894],[25.657808682936658,47.26249061512577],[25.911560270905923,47.24748500851799],[26.06795102016924,47.23088765181031],[26.18420262403235,47.2138915965583],[26.23586831014512,47.277584419888775],[26.194923492597653,47.31150161505275],[26.0032539839667,47.32421454138583],[25.90999744583634,47.36655414812329],[26.00774778394788,47.442982549459586],[26.558946735100957,47.497480653881404],[26.727240409660453,47.501690569847064],[26.871969529258738,47.543820395405106],[26.69199897841407,47.5480303521682],[26.454097603285003,47.53960684609529],[26.367032579958966,47.53960684609529],[26.32989831412475,47.59189490382524],[26.057807517592195,47.7285505543337],[26.154940950274106,47.916457459019554],[26.537888552464114,47.86676180277902],[27.043435131602152,47.8497604199932],[27.141746601851434,47.89146140714879],[27.60231631186933,47.777396748552626],[28.024717647477626,47.788293958141786],[28.174932138778132,47.87479241653294],[28.1392791750164,47.9705418053063],[28.373512360335365,48.05679783229252],[28.5416036475967,48.13253172396134],[28.989845591990886,48.33362849778135],[29.21426418777914,48.40882772599657],[29.614646010216987,48.48912816584272],[29.96637173340203,48.5145722272994],[30.276427779474222,48.49027054757333],[30.65012868148825,48.44615908538813],[30.974167256168492,48.43179212756888],[31.24716231549993,48.561439173837535],[31.37613406517326,48.3776910473931],[31.56755670155732,48.273145645545775],[31.687708247374697,48.23832178324625],[31.927172107103704,48.233732400995265],[32.16590946708725,48.284184274723884],[32.40876331197344,48.023577601060694],[32.6282818684225,47.933125544262815],[32.84574275313613,47.99409264519366],[33.007974011073564,47.97419455435733],[33.447478477174144,47.76741720067033],[33.96177759159458,47.75308878790196],[34.42058709585345,47.68271310204443],[34.72341066672707,47.68324316289066],[35.137424723580835,47.78055850114267],[35.34142475184708,47.79613317182415],[35.616838185778846,47.74584961413654],[35.934276510981476,47.71083054141241],[36.25108394941293,47.71647405758305],[36.461562032166135,47.7676588731604],[37.00921912860807,47.96659814152017],[37.021786374900756,47.97115712958498],[37.16148395671819,48.08952541392687],[37.18864129316626,48.112479231856426],[37.26308389716625,48.3180572797172],[37.2623524223879,48.367963087847535],[37.170607727899885,48.612393129029904],[40.45662953384713,48.22633585581538],[42.450993755887275,47.67655420464985],[44.62190583321822,47.496511869075285]]]]}},{"type":"Feature","properties":{"NAME":"Neanderthal","ABBREVN":"Unknown","type":"Unknown","weblinks":"Unknown","SUBJECTO":"Neanderthal","BORDERPRECISION":1,"PARTOF":"Neanderthal","CONTINENT":"Asia","INDEX":156},"geometry":{"type":"MultiPolygon","coordinates":[[[[0.5317308462923067,54.66447142611175],[1.301349666558552,54.49161571270265],[3.164886410581358,54.01639165685582],[9.824369029921993,54.40974158646702],[11.844309255802104,54.74388981810085],[13.646241172193266,54.56603025648586],[16.83203703217648,54.04134078521211],[19.919415906845586,54.103499198182675],[20.961727631653787,54.02887235822418],[23.679865065408947,52.41215904251853],[26.371069574134133,51.48537374982575],[26.230205020367755,51.36860695316355],[25.949550204055686,51.30464657097712],[25.865294032277337,51.29088750329632],[25.789751090470727,51.13129369828162],[25.8325493427851,51.08105454420602],[25.9092291572219,51.05136764805641],[25.97390075428775,51.026304257754376],[26.017065377875397,50.943722924070016],[25.934246599492567,50.800705185578416],[25.85069469255877,50.69886950705349],[25.681895516424046,50.6847278743425],[25.53420779717357,50.6706034918939],[25.400980370883214,50.591580091434246],[25.24040439765426,50.39102621585264],[25.18553940359035,50.17985179130918],[25.201505499155203,49.91983880684207],[25.199262470412478,49.845734082213674],[25.19591179182957,49.73406685823987],[25.182524646063975,49.64792519210213],[25.084225616792242,49.61900699609892],[24.95746559860149,49.62838636583071],[24.83111844056829,49.58499860233799],[24.74872343262935,49.3390390803044],[24.771590656209654,49.14005330640723],[24.75090347918883,49.09127855344547],[24.596398943676114,49.051972031613325],[24.484943346408077,48.92455818986765],[24.494860163711554,48.83636866533464],[24.593423595802978,48.848512535621005],[24.709912340169268,48.771510721625496],[24.733299371577793,48.7183988124687],[24.914109615298504,48.58840031002398],[24.93247868761249,48.510837938882084],[25.04275256401977,48.4370648329797],[25.053964809903555,48.336770279890565],[25.118385651137487,48.236881349743754],[25.15385554326608,48.21190719568007],[25.415741814806317,48.086849013456],[25.76173070984134,48.00183306039484],[26.015856192880754,47.946763081254026],[26.08539814438088,47.9039588948133],[26.011308211558827,47.73692760332718],[25.8992805353827,47.67778765965385],[25.686567418501085,47.70341831861444],[25.29119470670526,47.79130369606053],[25.163707849681614,47.76621787380928],[25.08868985868459,47.71179893677027],[24.676580017536473,47.71598993444052],[24.555308163584016,47.5785360902007],[24.527546278568476,47.480611118082585],[24.20922277002226,47.36655414812329],[23.97786894924553,47.26485331701397],[23.90317849445748,47.17136288084668],[23.78753629823065,47.11600854108163],[23.69555255253813,47.009303366745385],[23.59711338501694,46.97937230837978],[23.648565375418162,47.073365361121624],[23.648139671667717,47.12452994498477],[23.612778635081384,47.18837790582193],[23.83249850832972,47.29454742255414],[23.913352297237306,47.34538969689133],[23.810626523654975,47.41433382505159],[23.77836927069731,47.409141129849935],[23.51050567503167,47.42917424067449],[23.408988987503893,47.482330165868945],[23.360372368084864,47.62832161846404],[23.036205675983876,47.64813417930645],[22.733210392751598,47.66288858119456],[22.49726177483371,47.70761344234779],[22.46458323199599,47.75904211628477],[22.289221654185518,47.69265255252938],[22.195860525176585,47.6489013209872],[22.033375784744717,47.64470759111518],[22.00711735326519,47.73283007976664],[21.873411908381062,47.72243724751967],[21.768939260750564,47.61020298233409],[21.604568221222326,47.54382343747998],[21.480982299944383,47.53308312444924],[21.34886347002735,47.59009967086458],[21.25036277354178,47.56486467894625],[21.25578320271808,47.51734347376378],[21.333943929491802,47.450924849278934],[21.420340013573234,47.32845618591605],[21.54819699079197,47.30727002150351],[21.915568641681734,47.086164721638085],[21.851908260918975,47.06056412429132],[21.688645283085904,47.154345195851214],[21.676749189259038,47.19263720350174],[21.560428614245758,47.222390726221654],[21.42082910233963,47.26060953687793],[21.378610318079886,47.22477475713118],[21.293397281709883,47.222390726221654],[21.328566190951204,47.175627462940874],[21.328915769727196,47.128788279683285],[21.474492329835634,47.06909677569429],[21.53251250535078,47.07337153365833],[21.59121512783297,46.987925912915884],[21.585775652361995,46.94084449126849],[21.487145251097196,46.93227874962263],[21.282692438863915,47.098962202845925],[21.13718619192286,47.15008708839361],[21.049952399441757,47.171365957945355],[20.997676623749758,47.175627462940874],[21.003726745405718,47.14156921926063],[20.974794569653827,47.128788279683285],[21.039087540126097,47.06909677569429],[21.085815065852326,47.030670123645834],[21.155862388820776,46.97937230837978],[21.237304518131147,46.95797245167004],[21.301264748898703,46.94512343632743],[21.347993072770553,46.91089505866722],[21.31334747882986,46.889516244445986],[21.109996626743666,46.906624115693646],[21.00537938173256,46.919453904914455],[21.01069294655184,46.98364629172991],[20.940241673892743,47.09043110040874],[20.864280981526537,47.158599673638555],[20.695652878678214,47.19775685494088],[20.485746428673078,47.33269115447591],[20.584137953500225,47.37501362809999],[20.58766097413595,47.423953387331736],[20.56029548219887,47.46795623610263],[20.484756613276712,47.480611118082585],[20.432987880278606,47.40884176090973],[20.253465712569117,47.34538969689133],[20.36391500723981,47.26420896070442],[20.280777074434997,47.129835831884805],[20.272988509969906,47.03921667283994],[20.33150565568591,46.99519969220712],[20.366644139401465,46.93227874962263],[20.50976816984689,46.808412278075764],[20.56520218859741,46.795250300705845],[20.64220469303437,46.6188870966999],[20.899078198880034,46.46328852533684],[21.069053177473222,46.28958705822431],[21.005651487214518,46.23731118083776],[20.913005584719592,46.20678339169978],[20.947218549758098,46.276522376471384],[20.888515299105975,46.3461327808157],[20.824207037334993,46.393910009854444],[20.766014418820536,46.40693001666998],[20.70198631334274,46.42427811200286],[20.592226797782548,46.35916783122986],[20.642902582948533,46.28928064011346],[20.709266157982153,46.25910245133582],[20.757494507211646,46.141195871291],[20.687731182452765,46.07125287257941],[20.427787186411816,46.01831139520239],[20.53154534655982,46.00110183626647],[20.64819278082389,45.948398102404155],[20.811030615820943,45.92641391999289],[20.898937647731135,45.842758161435],[21.00345228655213,45.847167252707195],[21.067390241712047,45.842758161435],[21.09311098643743,45.79516686278902],[21.25654112705928,45.69351898143981],[21.382550628476338,45.688152187148994],[21.453340975935834,45.57730227018433],[21.569571864487976,45.57286261885663],[21.679954389913974,45.57286261885663],[21.837969288489013,45.45721784221124],[21.85008166992275,45.40818661963171],[21.774863353851842,45.37694352075268],[21.911563736697257,45.07659870523577],[21.85705631186778,45.009020155339016],[21.78151186510322,45.009020155339016],[21.66960665483419,45.15743142793067],[21.57643309452454,45.175487608924314],[21.47756720998039,45.282264462068206],[21.429557671142,45.33673897776099],[21.359835364876936,45.33673897776099],[21.1628186400609,45.283064098674814],[20.971464428974002,45.24276119165164],[20.90221649039704,45.19344031281393],[21.03621016305593,45.15752602044714],[21.050091064956113,45.08529665546435],[21.067088803217878,44.9729334731933],[21.16633488061034,44.927779210141665],[21.228328522647633,44.93784819102697],[21.317022359290277,44.96842218668632],[21.317792879102072,44.89160921546944],[21.42309129317387,44.82370524524932],[21.21423620702612,44.78743951321786],[21.220507013889527,44.74206058708694],[21.153695346917697,44.7176766348395],[21.0228062422724,44.75113488542423],[21.06267434544584,44.8327661170202],[20.98247021094274,44.86600535565967],[20.770640899947804,44.88758411430145],[20.701460722999627,44.92325580329881],[20.707745565347395,44.84349936710598],[20.808797332746927,44.6673367786316],[20.89644537393404,44.601027037476136],[20.885465474793516,44.537170131719925],[20.98086377187556,44.45719137911201],[21.112943521333694,44.078912488452964],[20.814994037234413,44.20152492816828],[20.6813397162463,44.17330105484625],[20.57784981777985,43.99927907429251],[20.362359648273237,44.289991175103296],[20.15591574071904,44.43435364157125],[19.98888530896461,44.26136518052068],[19.796630155292632,44.40029741082851],[19.73166560328051,44.51680726704564],[19.800081206328,44.682939219123625],[19.777749686337394,44.77665370614855],[19.67770814551632,44.88097213562258],[19.4570718056363,45.04497639602172],[19.378438927319493,45.132231694403615],[19.377637911842562,45.197640379946044],[19.54398170361556,45.431430348913516],[19.798222821190674,45.394008907512195],[19.958966470148,45.50791021522893],[20.043744286702506,45.49185560366325],[20.759010802866875,45.238358063803034],[20.892470572725763,45.27668601650543],[21.074007413926825,45.412653252988],[20.962633090967728,45.431284677277546],[20.849560958789166,45.45271146643998],[20.332584611073425,45.64058357092432],[19.86697327447256,45.67199547518188],[19.719204868320812,45.65020149687237],[19.451614054042988,45.628178421119266],[19.283088536993855,45.57398467453505],[18.869287059967206,45.99667068679487],[18.974565895493868,46.03414724655374],[19.080526837311954,46.013044975604274],[19.16459638146354,46.05578375686843],[19.206073355855175,46.124954902252504],[19.05702894591571,46.214834970936714],[18.965921295555482,46.1722729908856],[18.76137562963646,46.18780107874643],[18.307363575277954,46.45626334396132],[18.21227315800826,46.57643418934929],[18.178740916309774,46.61871502600478],[18.101998142084636,46.791524801751294],[17.879219631344878,46.95689776066837],[17.463898402567434,47.15385875883362],[17.46795658769078,47.204907655160454],[17.56387329975387,47.18258621947891],[17.563379044672995,47.2686148770297],[17.405808093364815,47.41787965285619],[17.548275074181266,47.63900287393443],[17.465152382863085,47.71762684627188],[17.516378728578932,47.91809610060372],[17.402721683016377,48.017883627588745],[17.458645874521494,48.157709792380146],[17.562976823962348,48.18560729328306],[17.531796737741665,48.34324864083633],[17.39488831223556,48.37164958398151],[17.309524822104926,48.40913553031432],[17.281846977848332,48.421276547130034],[17.100376228488123,48.475569833702394],[17.087104764516216,48.52774478647767],[16.86450683828391,48.695956908124316],[16.80269313021252,48.71411156619724],[16.511646718310296,48.79950440127741],[16.497335912397173,48.806700330722684],[16.24575384485934,48.93301876047282],[16.009997280828134,49.060112678770935],[15.678677200404175,49.18902754843263],[15.631402685090265,49.20739322407286],[15.586173337694621,49.23097215502728],[15.355427504279485,49.348576549417295],[15.139111787927185,49.45855859823928],[15.056748150634217,49.533349299735114],[14.738570917178329,49.583382490434126],[14.651451250881115,49.636723228648506],[14.4860541565057,49.675194871141294],[14.220776385562486,49.615991651588466],[14.072570059030546,49.77852449119585],[13.683036984896326,49.952972330557046],[13.606770149736102,49.98705170625671],[13.34994911808813,50.21058876808892],[13.460317768249762,50.20817013498696],[13.702221771650278,50.202867333584145],[13.462894377019671,50.27543768564303],[13.184374202300972,50.42867438804102],[13.097301833953102,50.561034194118875],[13.114643780078664,50.707067780149295],[12.988188942049517,50.81524357512675],[12.718226149460417,50.94936850193602],[12.564810472817056,50.98953298975649],[12.483762783674125,50.80416962407162],[12.431670047118683,50.767042625533165],[12.44912561542371,50.71849857167098],[12.340390140673989,50.684210857973184],[12.288212805640622,50.604061044812525],[12.205570705495328,50.58685296098292],[11.987925014895895,50.7956030426523],[11.953333072319515,50.88738063283794],[11.830589810841088,51.08254771870591],[11.85589413070293,51.08628567611862],[12.021879960475538,51.110807804610644],[12.060883521428277,51.16160312112974],[11.938825191870416,51.26574588020191],[11.843124141276105,51.27417548348398],[11.738914822388328,51.21231410685835],[11.673575709014978,51.25169586411568],[11.486511402892397,51.27417548348398],[11.451978291133678,51.17288127437966],[11.273708867657648,51.15596760880574],[10.89125486920501,51.04010500885108],[10.917239086837263,51.08820161258232],[10.74336390232127,51.04576796378061],[10.726143915940954,50.9664036437342],[10.665283851270326,50.95220438522096],[10.665370247923907,50.91242304805739],[10.787213295346103,50.88681590434863],[10.804826271327205,50.78989501534773],[10.884604590497162,50.75175509356728],[10.991956098155052,50.67563898583722],[10.957164760673349,50.60692800223173],[10.874590227888538,50.566945142944064],[10.786987467618404,50.524497402252514],[10.801424276246346,50.43598252616485],[10.87461706901248,50.255138626298496],[11.029632615189538,50.131338569078096],[11.209753929677307,49.98705170625671],[12.03643627752937,49.691385520270295],[12.16373498743167,49.571762600794194],[12.235127151650783,49.38399901741625],[12.362862500503095,49.195198768417505],[12.523650209640753,49.01399961886669],[12.539981617000432,48.99555210278434],[12.836809138639646,48.79978490817078],[12.860617026431045,48.77951845875908],[12.947938431369169,48.705109186320385],[13.133502383087754,48.637463160751494],[13.157201501371647,48.564522409460764],[13.327090672640507,48.50627417347547],[13.8060838635189,48.41716991004995],[14.306454025221013,48.454065586113074],[14.467643903410867,48.40486151047993],[14.485305281228296,48.33090773535721],[14.307156784819627,48.244430978858865],[14.214074045431197,48.14090676701866],[14.32728080611946,48.06568693440671],[14.722351821037888,47.96557074520987],[15.20936183716057,47.81971462154543],[15.501816962332352,47.710565016222304],[15.558608744704866,47.68934277388197],[16.230296970917244,47.42421597664196],[16.26110907120674,47.357618229733696],[16.57110568421264,47.19214825806476],[16.715749192489174,47.01949077307441],[16.652980412406972,46.860502154554084],[16.604332586567363,46.73676482559523],[16.408079863513475,46.839917752256156],[16.272292049191485,46.90077355455188],[16.20860665453451,47.07840176735419],[16.09535668628161,47.14030952069093],[15.883730302930301,47.176092041252794],[15.687306170175846,47.1793900506694],[15.500346332094331,47.26477354025495],[15.526867539688824,47.34336034427211],[15.38147432185328,47.36690284696637],[15.263266538085137,47.33158576746958],[15.17883724468339,47.23676601296646],[15.088482296271273,47.091917879341885],[14.984980250327169,47.01606852513271],[15.012394255710092,46.916920591698755],[14.9430704609543,46.80603230376994],[14.951145673499356,46.696523418575595],[15.272826153275897,46.57039109792371],[15.531824730983173,46.470167712352755],[15.505653975352821,46.353549557251654],[15.533799568786632,46.19244864036348],[15.59317750718885,46.13941601960083],[15.523772113254939,46.05015402444414],[15.25321458549602,46.05918659926113],[15.093523049218208,45.97695145586259],[15.018689623023041,45.891361933258075],[15.084758454198482,45.666229865993415],[14.875486099472495,45.5510754792204],[14.651432235544668,45.220069425144],[14.408658669076905,45.20173896782844],[14.337894582667861,45.22882750897854],[14.257849426489813,45.28235872909305],[14.240478841165489,45.47685746134418],[14.38555264568031,45.53047914428602],[14.497362503266116,45.735961867956576],[14.39462481622317,45.8055724523663],[14.53404528982514,45.89951884432447],[14.684169289099135,45.87145531972322],[14.732883557429334,45.93567008717983],[14.689382784029188,46.06346671100006],[14.597240416492077,46.131318284112744],[14.481154526588185,46.47556261187863],[14.336283992121102,46.64111938734151],[14.314179066666567,46.666329496049926],[14.232199548556093,46.88916865946608],[14.138123003523546,47.017651397415],[14.004461465754552,46.99664435758711],[13.934516403937383,46.934163154187615],[13.552691203267909,47.11502836122739],[13.434587426288694,47.13866475607949],[13.509438341936958,47.244077172274864],[13.459041175072668,47.38803802341173],[13.260925461407595,47.51067516835166],[12.900746909526589,47.42177625684919],[12.911362366232042,47.460911745679816],[13.035405038797016,47.5307429044716],[12.91498692818494,47.627535779300935],[12.797765445938099,47.628706945692535],[12.63374652669086,47.56068732708497],[12.519787665462653,47.74389974358117],[12.43311078150301,47.817455591134454],[12.376237456792873,47.89838768307764],[12.342584247549844,47.908836969704296],[12.101040607171234,47.98377613048273],[11.948664544127874,47.99103547469681],[11.89676590992137,47.993507763119716],[11.628896355643324,48.03840106588491],[11.318294407080973,48.16355739110553],[11.085009168011258,48.318365990658975],[10.682442957651102,48.53176295421325],[10.67933544349873,48.53379637323357],[10.244384470346548,48.81758299048257],[9.884675010013986,48.94951988106808],[9.545646472203332,49.178371947416885],[9.297916780626633,49.46843861222431],[9.145436750829148,49.73697388243357],[9.099284430539093,49.817901273358984],[9.069622935848187,49.84733309989904],[8.968460033881248,49.94756719998746],[8.950852697915789,49.964989904164405],[8.739116207549284,50.11598356862464],[8.66299320596108,50.146764993124144],[8.541744359440797,50.195753593205765],[8.062759660429238,50.30767787835168],[7.830356454229823,50.35413228830368],[7.633370300633863,50.33976979117343],[7.352681648522537,50.19618246687557],[7.218938281766392,50.127637276015996],[7.136858682862167,50.072284416722184],[7.101640692764459,50.0485179711257],[7.043442583325766,50.009222418381135],[6.790299463338309,49.95194285620873],[6.670712333512013,49.93750995498195],[6.597639731092271,49.89576974585512],[6.5372738207893955,49.861264838146326],[6.453089405345914,49.78967400576096],[6.389749713611286,49.75773890331675],[6.1299428440110635,49.62655960298598],[5.78589423758794,49.40465090069507],[5.61707096829165,49.37537995999022],[5.490439489624483,49.36066609883721],[5.173891625744347,49.30689603226297],[5.011951671854652,49.316307754779956],[4.821720498619514,49.36920923867433],[4.476243369009546,49.5373707589748],[4.349456279742501,49.56600072627775],[4.208711148148683,49.55616246056686],[4.11729502675829,49.53196688317158],[3.913125538190836,49.55085039876089],[3.6101318445026616,49.65590446299633],[3.370876060973803,49.64112502715111],[3.0826621994679884,49.525413045596544],[2.9421543323996997,49.43847965795448],[2.724527866678785,49.24942107968375],[2.6686222748150823,49.118032210432624],[2.711395460599839,48.942180710952535],[2.73295320508886,48.870784351736035],[2.7507744307583133,48.81168067230328],[2.750909186493922,48.781397421576564],[2.753991801769336,48.62125776239536],[2.817420234534586,48.58656421183392],[2.7962032567086843,48.41755751953708],[2.3519783639736835,48.23264596940618],[1.9711902813831423,48.097053993032766],[1.8653639317353126,47.98112070842246],[1.851733911089582,47.9788469224105],[1.4439273692102734,47.910774172131475],[1.2936903929178027,47.887779999642255],[1.176454624163191,47.86983035783717],[0.7894183438138058,47.762677028300395],[0.6882401004713299,47.67209315441269],[0.6593570841385485,47.64620866377208],[0.6381336541803618,47.57474040933794],[0.7438682474348116,47.52871904023762],[0.7085566983387022,47.472392563007354],[0.4546306735924019,47.4210983546842],[0.21454804662816665,47.13764828740841],[-0.14511825050718458,46.85041815957126],[-0.1840873458370219,46.77981961996937],[-0.25739100104439155,46.64678536648231],[-0.35758827868638654,46.48059226328555],[-0.21405995842666065,46.17283085531433],[-0.1848540351838946,46.131467436644535],[-0.15043812974011245,46.082692088518236],[0.11458229456598622,45.971959333128304],[0.1568554738193023,45.902518499595416],[-0.09733375000218336,45.77933472994727],[-0.18530338716815853,45.73942159289293],[-0.3961569982189244,45.64364717464783],[-0.514135689120745,45.46141638107072],[-0.6059407470455678,45.428934426394946],[-0.7968699980594756,45.07348968985909],[-0.733658914781942,44.94918397637344],[-0.8396205382567433,44.91075609420874],[-1.247826723764031,44.89185563593282],[-1.4874357014569408,44.79793889500898],[-1.6635547272720308,44.67077443857253],[-1.7797007747027647,44.3742436158172],[-2.0555407467118503,44.17880685518072],[-2.1613154300870163,44.26268505697668],[-2.4085458464568426,44.2515131075532],[-2.535925355820773,44.14520707921836],[-2.6771942601587013,44.14520707921836],[-2.726531251164598,44.190000197275396],[-4.082737018382849,44.17320727519682],[-4.373016873814823,43.9655145017638],[-4.797103218803413,43.89791322243332],[-4.94600439558828,43.74540445247173],[-4.9605443740144795,43.632051820287245],[-4.995995658382429,43.59798614794632],[-5.023946594145698,43.68310317271382],[-5.052187453199692,43.68876426296651],[-5.052541077375274,43.59230508400085],[-5.215242270904419,43.541145209867885],[-5.388134944639581,43.59798614794632],[-5.708865722487128,43.78499880563401],[-5.796556830748509,43.93735862860894],[-5.778475627257073,44.04142039412271],[-5.919568144321689,44.086331979049504],[-5.968666168282239,44.17040717643577],[-5.894237019252985,44.234743998268705],[-6.080570355050165,44.43546126599793],[-6.366116395165709,44.54652331620253],[-6.422551929715117,44.560382955763394],[-6.62005108849344,44.6130060618783],[-6.8621578540952965,44.5976425477511],[-6.966237983440889,44.55840048004194],[-7.183963775666008,44.44461704373536],[-7.365963531292432,44.42415730844654],[-7.589098205363302,44.49368696422169],[-7.828161364065032,44.49368696422169],[-7.942348749784295,44.52228313563726],[-8.244379685892666,44.40777418434182],[-8.264798081279318,44.47733412594571],[-8.086041103201083,44.87182777125161],[-8.0808319682533,45.12228111347922],[-8.079139883653077,45.20214619489212],[-8.151642209329472,45.24623645293325],[-8.041487486271086,45.453960239006044],[-8.046552881525443,45.50559430844895],[-8.056302240913658,45.60501418970408],[-8.001031805251847,45.64840617707138],[-8.057328226853711,45.702059182733],[-8.212455997608302,45.66951956164906],[-8.409350442540173,45.63277211523834],[-8.4448147696914,45.80283039106936],[-8.247359564569901,45.82255181526357],[-8.12747414151435,45.90550831563133],[-8.14145435993472,45.96954271071229],[-8.209820026029355,46.05445433167193],[-8.340454132794463,45.89739752727784],[-8.512102189491724,45.84620101155907],[-8.657433403656722,45.86195830089984],[-8.677828654516878,45.93279455411804],[-8.588755480728713,46.081872175658795],[-8.520045588902935,46.312106042187544],[-8.529844283045852,46.424728063188745],[-8.422481898530233,46.4668178570222],[-8.270042683981421,46.629592497253796],[-8.248329481322527,46.65273668126745],[-8.043951087895136,47.05514209074652],[-8.090478365532263,47.09710257360328],[-7.807516578193503,47.73925282727864],[-7.930733490249993,48.067009608981024],[-7.924963834839851,48.21493624655233],[-7.976331588615113,48.34751044798255],[-7.868327125168329,48.44233072127848],[-7.9113025156514505,48.53932911948577],[-7.847920768006993,48.678072385217796],[-7.700102898464658,48.85078495457611],[-7.833871851380891,49.01231174735466],[-7.946535098341068,49.158463886096584],[-8.150666922900283,49.18245118355521],[-8.214023142887081,49.2163643154988],[-8.228134007296662,49.327877991145826],[-8.157770910744029,49.41017582852133],[-7.988875741475808,49.5020563323008],[-7.841076349688387,49.53598568441968],[-7.6158560458658195,49.54597611544978],[-7.362483105299552,49.55600581855186],[-7.306213118319479,49.613717856123316],[-7.271110263082243,49.752555193313384],[-7.053004085913928,49.84350101491802],[-6.750362488013845,49.82971809682965],[-6.327964743275004,49.70634595113311],[-6.025300817804508,49.68292555646491],[-5.7226881715361495,49.71212512246199],[-5.490493027992407,49.76983581517733],[-5.286443454580326,49.817858940681546],[-5.145685341784346,49.81808753639258],[-4.899228910410556,49.72305986515794],[-4.624666017369969,49.67090040742771],[-4.2516077714588905,49.64277481815878],[-3.6392490434328226,49.6294232791875],[-3.4069806627970793,49.62022611744586],[-3.026832280059295,49.57287555777153],[-2.829835229874373,49.62597717367564],[-2.661056975381092,49.70287788910702],[-2.44988772169656,49.69366735557033],[-2.097681979712447,49.53598568441968],[-1.8987335186139063,49.53989064049865],[-1.8302413446972599,49.54123493756269],[-1.6966708621588489,49.52042041522185],[-1.5468387234294547,49.56131408589868],[-1.3818931644018195,49.68367129020359],[-1.1559893764624123,50.44237796926521],[-0.9987207524436563,50.472124673423636],[-1.0809159880905153,50.56613945823091],[-1.1708957197896694,50.48204226979231],[-1.1178476135553703,50.851515770779486],[-1.0275201570575876,51.11516359791795],[-0.9826993311562663,51.06650920823737],[-0.7882529376841432,50.96897787107595],[-0.7136107411902579,50.84660544607068],[-0.6388770325074199,50.772943630340414],[-0.7481472381529408,50.98851061431914],[-0.9948263252496251,51.173429208336444],[-1.0893536672007536,51.2472447640301],[-1.0790745960552992,51.32569217668824],[-0.9370188016836999,51.47546537509413],[-0.9483007795612688,51.492460616330305],[-1.0150291504451154,51.5928649980389],[-1.0925733496235608,51.678045069579746],[-1.21933531789183,51.74500943879768],[-1.4866961512637782,51.77588438542753],[-1.6852719829854348,51.95205921470437],[-1.8459125915171042,52.05094393693915],[-1.735361591240402,52.18100737438997],[-1.825127021043702,52.23613534746469],[-1.957840251487762,52.27584134760143],[-2.1558100288700315,52.31898058760485],[-2.2262118012262104,52.37138711300649],[-2.127944582969431,52.48497468725459],[-2.2545971085050107,52.5369721717119],[-2.453304090702531,52.48331704468921],[-2.6413915498959977,52.558101460703334],[-2.95896417523473,52.63321261915202],[-3.1970820260211443,52.687193050839376],[-3.323177523980119,52.68298976656911],[-3.403911677914842,52.75748467754019],[-3.75830325433332,52.70784215464578],[-3.778299253697268,52.782264729259225],[-3.8793807210752087,52.81939780288315],[-4.021025248620042,52.83176512011637],[-4.041159984850776,52.8626539691414],[-3.707106025826958,52.88733707162627],[-3.7372400307000087,52.955101623531775],[-3.93953290059115,52.98584207486947],[-3.767391629278756,53.01655231345493],[-3.731817208185218,53.076665725271575],[-3.8380400722733854,53.07172997387144],[-3.9392132300344365,53.07784726496097],[-4.10121052864544,53.05335354119533],[-4.080513570330567,53.18173726662596],[-3.963899181394164,53.178275136218254],[-3.8444135260854613,53.22082489747438],[-3.6405687008362455,53.24650341780885],[-3.4224001309064507,53.297343662191885],[-3.3416325169350554,53.242650866371555],[-3.2706439748756044,53.29127911992041],[-3.08856997533649,53.273053699482816],[-3.0431220724403567,53.34866179423946],[-2.937705187911936,53.3656580098666],[-2.6430107293792853,53.38824520585513],[-2.4947245137848983,53.28199808901764],[-2.41259072342288,53.222163898351255],[-2.390582871257907,53.206118494167455],[-2.259105230112702,53.18173726662596],[-2.005920356630037,53.26089293429906],[-1.8846252808781372,53.21221535517987],[-1.7776129801359792,53.24925167201517],[-1.6011164173293853,53.285200652465406],[-1.5911647150605361,53.21829824757072],[-1.3628253103653183,53.23717222127988],[-1.2470131843504038,53.26697535264023],[-1.3480674862499176,53.32162030359566],[-1.3580104303096794,53.39429151691422],[-1.3351879157282507,53.49395185685974],[-1.3473491029091165,53.6170617958998],[-1.3979487060797529,53.61107216687173],[-1.6098657374232317,53.805639282034704],[-1.6500554705510753,53.92088111307132],[-2.212697434971786,54.25456800563867],[-2.511095318256073,54.297421948480796],[-2.6677642175481795,54.37426483860898],[-2.735222229730539,54.4506310364978],[-2.973663618972551,54.484059447632184],[-3.0144942230686507,54.32678787055411],[-3.146193871203084,54.238987943324105],[-3.2878242478734534,54.2272580807881],[-3.388793703237501,54.29755798596092],[-3.5885325848955394,54.34529423315783],[-3.641636416613074,54.30341045072141],[-3.8414680008452815,54.324640180382694],[-4.206702274845583,54.23459678506334],[-4.481738325212306,54.080205985272734],[-4.602919927000206,54.14499145519732],[-4.8961269403594345,54.18615916922848],[-4.431696922104007,54.31744984847929],[-4.238009585020661,54.44919635484241],[-4.066594901524824,54.47593943513008],[-3.883690922259122,54.582567507370925],[-3.8328084212415674,54.71520783554173],[-3.741823443651018,54.69795012858628],[-3.6000964702970712,54.75543400529219],[-3.5999270921432003,54.82995806633238],[-3.2155388184403404,54.8585600799643],[-2.348190716289625,55.05164612825829],[-0.8537721453803729,55.04887337805664],[0.5317308462923067,54.66447142611175]],[[11.389817738120698,51.80949715837173],[12.78550202241972,52.27089332660578],[10.307054114761495,52.41215904251853],[7.774079089091673,51.95522756218215],[5.498538817081403,51.27301467661963],[5.1940061996892,50.84265047201273],[5.380239899784279,50.336386113330754],[6.356392754533223,50.432499932045424],[7.282957873900065,51.27301467661963],[9.643559557326721,51.48387155619512],[11.389817738120698,51.80949715837173]]]]}},{"type":"Feature","properties":{"NAME":"Homo erectus","ABBREVN":"H. erectus","type":"Unknown","weblinks":"Unknown","SUBJECTO":"Homo erectus","BORDERPRECISION":1,"PARTOF":"Homo erectus","CONTINENT":"Asia","INDEX":157},"geometry":{"type":"MultiPolygon","coordinates":[[[[116.95187188574654,12.554969844388173],[117.19592699899842,12.771388737880425],[117.45109838637123,13.07373098884126],[117.80018642546702,13.736520825718234],[118.9438140451099,16.597109020416376],[119.31017705160849,16.178031659118854],[119.21312816269096,14.75838076138056],[118.68061500914928,14.303054515549075],[118.62559136769458,13.717739569130442],[118.56346806763248,13.230112462573398],[118.50915646371256,12.721243360377981],[118.3462967274974,12.11095756426947],[117.91526363747386,11.640842940064537],[117.42476045550906,11.226499582328659],[117.04143899158123,11.026077255824598],[117.33864461095162,9.02322249902902],[118.05524229362678,8.544545099573506],[118.3687189572299,8.253898114246864],[118.87239051864933,7.9482979214402185],[119.51476590074793,7.788054587498179],[121.14364179210517,7.7151795591209655],[118.78736327886118,7.056428059220221],[118.7024846139934,6.9591202928154114],[118.50885541395564,6.870269880862503],[118.24293422411468,6.851817022212703],[117.93357323382524,6.903843357535967],[117.78355892237309,6.709153240215093],[117.83468453767625,6.550318927995886],[118.25373621050538,6.118428285678268],[118.18994550958304,5.923609272534255],[117.98923990148938,5.799119836167049],[117.70193364977678,5.736288323619196],[117.4722078021356,5.664771710155408],[117.44563561812883,5.570461683552953],[117.4297578488491,5.514085257620107],[117.58978586686334,5.080384203745531],[117.48950487757922,4.9914145684761495],[117.53760779452958,3.7132747734580485],[117.79088994286556,3.2429032725570055],[117.8128668791626,3.118475403208484],[117.67054945633588,2.6643457741459793],[117.70693475425625,2.522071683503218],[117.89472970409875,2.2289153315966206],[118.23344210649044,1.945051573994685],[118.507488107142,1.6342076422294576],[118.760341279392,1.1539842190898304],[118.55210958128599,1.0464447661517924],[118.21416213616261,1.063233964103689],[117.85432451917733,1.2135877559709762],[117.70347348257617,1.150769642198278],[117.531629448285,0.8562595550244706],[117.37469519189365,0.2766094252750942],[117.33888328897798,-0.023798935427230807],[117.31807844808984,-0.19583074972878226],[117.37632188429615,-0.6055294163134177],[117.42705200557457,-0.8726740206817184],[117.36311854634175,-1.4073699087013694],[117.24804788508963,-1.4077172160137599],[117.03942998747542,-1.3103654870822206],[116.56564835262725,-1.9174160674748548],[116.3647373652802,-2.3275528459362573],[116.01992070515081,-2.711268669901662],[116.2142233605666,-2.95090154034148],[116.23590584563301,-3.1998561533916607],[116.3078890130318,-3.386366752887441],[115.9987485177847,-3.4228539475907036],[116.19298218416031,-3.7866710740291225],[116.19297404342747,-3.919926717881824],[116.14267142218442,-4.062208738339381],[115.88387517458118,-4.480270806468412],[115.78315762789046,-4.72901665921396],[115.71841064581079,-4.950942200303254],[115.46665620406246,-5.323991126512561],[114.8697374051214,-5.7066446566338485],[114.58924921831341,-5.884512034830982],[114.45257549602698,-6.008792488574583],[113.57448177705109,-6.726784434892311],[113.47222427668319,-7.825288940409122],[113.1431139335402,-8.419462528858217],[112.52543039781256,-8.700339893219256],[112.23914507839974,-9.40508307927195],[112.17614741126877,-10.117242432397507],[112.12041716373648,-10.392412857583047],[112.22204389371795,-10.679654230613608],[112.27101297600208,-10.740471922485337],[112.646938895746,-10.956909813384344],[112.83272454866952,-10.999834395080123],[113.12709636094627,-11.00766669580023],[113.3380228879089,-10.893950844221365],[113.52503902804118,-10.884707535126031],[113.79466581786485,-11.031764866498957],[113.80617120793978,-11.153427033356534],[113.67056735541468,-11.414386294762558],[113.57675657513248,-11.718228887020185],[113.79406012479465,-12.193755816091148],[113.58206133192981,-12.064622333827579],[113.23330009998219,-11.944485109241137],[112.97877318050499,-11.789335480403391],[112.59567537128012,-11.59975249830701],[112.35861627465704,-11.600455362414309],[112.08173119676326,-11.757322945235748],[111.92280960778344,-11.7924473858666],[111.60828165603435,-11.732717497273974],[110.96394137803027,-11.647936242452117],[110.31233748633063,-11.563149587877902],[109.96409184543282,-11.407992398281603],[109.61170645529215,-11.11371766881572],[109.13501158900743,-10.906426787108245],[108.71877681999966,-10.767839158239612],[108.64280405476441,-10.742542349024971],[108.21943452540911,-10.717677051578889],[107.95690105576733,-10.901222739630553],[107.75516181755418,-10.927923959451997],[107.33333224690021,-10.833465209785006],[106.99474580474424,-10.529673645756118],[106.8375718701374,-10.486564333970696],[106.11987573034493,-10.445131622919975],[105.96367907971958,-10.349673814750972],[105.9941032695122,-10.26236331031326],[106.21510235149147,-9.973647108424395],[106.04563702044396,-9.808145940251647],[105.8023771833226,-9.747684591908298],[105.5811135452074,-9.660894320810254],[105.44488444223687,-9.643824523381983],[104.88388371507556,-9.568713811808918],[104.85041924234548,-9.453082627415588],[104.99321165841333,-9.43862447349711],[105.17027040020659,-9.496450331629301],[105.34093497670814,-9.416631946601468],[105.391451409077,-9.091412402708894],[105.40484929986663,-9.004539977914716],[105.54098142657712,-9.039373157513715],[105.54034135988913,-8.77397279760637],[105.54018640709094,-8.729261640942562],[105.6483440946996,-8.582866656620833],[105.69973846701997,-8.410186929187612],[105.78625439478026,-8.485857984858649],[106.06559597472607,-8.555269540806872],[106.27993642070396,-8.526254293575597],[106.37041091523675,-8.801727854361655],[106.60908019532144,-8.746768033075886],[106.69078889894803,-8.562187515372841],[106.7039853378471,-8.454652968961428],[105.63099464949458,-6.892545238964576],[105.62077397519231,-7.307170019193824],[105.61180207415624,-7.474661108253857],[105.5106002747612,-8.13515118538146],[105.46622537922737,-8.231994592960346],[105.41531847336721,-8.276107755991555],[105.25922713942748,-8.118328378034859],[105.10504537696515,-7.793251644108422],[104.99063908786016,-7.740776364842445],[104.85768528993985,-8.04037873375409],[104.81244066742107,-8.20759532398209],[104.36433993909341,-7.821880442847926],[104.26307872229637,-7.874992221309699],[104.4153949723055,-8.34061650927288],[104.33457707138324,-8.472646385537033],[104.24996845558495,-8.349902122324325],[103.69262327479667,-7.462810465714133],[103.36643005475526,-6.987623098744492],[102.93550455785804,-6.450250950548096],[102.35348788983869,-5.85062659895396],[102.1882519265026,-5.567840579571294],[102.10923272939648,-5.258024096752309],[102.03016570971819,-5.045518243127168],[101.5915994511694,-4.647742640626567],[101.28955683293114,-4.2226251972184805],[100.77868844072788,-3.273391571389371],[100.74976548127181,-3.0511513372445287],[100.77117566426185,-2.8376129960107987],[100.63405293580057,-2.286274374019215],[100.2662695671573,-1.361297000365129],[99.97047055513796,-0.7029590667194727],[99.69641081271219,-0.21371544223353214],[99.5303661442368,-0.023798935427230807],[99.40100248404539,0.1239870517036302],[99.11302022302364,0.31024229768154615],[98.99701204967299,0.7821354582032102],[98.67786331890163,1.9213034522613486],[98.70623488150397,2.0727541035810892],[98.6553490252786,2.2684565850091296],[98.58311269740106,2.3928546537559376],[98.28024273709933,2.712307288132088],[97.9559662674987,2.9604244100952775],[97.71109530852426,3.0930976453349146],[97.56712592225578,3.1549156135551146],[97.50891393189515,3.3770309215506447],[97.46425807352833,3.839061140872883],[97.37710457318694,4.096395586757551],[97.19628732734759,4.3977292803366685],[96.81334007597194,4.920042961668788],[96.63980618827571,5.185483291255257],[96.31658629225468,5.10472775197397],[96.02737059863365,5.529172161018233],[95.72387702529504,5.908934373304482],[95.44168046190555,6.341462451480573],[95.16587922540215,6.9324223022608775],[95.04610726212074,7.328992797170062],[95.02144524228883,7.558056826906963],[95.04131646087433,7.68143166750507],[95.10501350024717,7.752074115885674],[95.28431487782629,7.779027343362603],[95.45052890405357,7.717894259557661],[95.56667408049057,7.638985929177686],[95.86617796948144,7.287374740761956],[96.032766120612,7.190884250734365],[96.4509307179561,7.0951076339814225],[96.60211252602322,7.0779261359751455],[96.84577508408888,7.140407681053972],[97.04590101252892,7.22920021641064],[97.22548583388533,7.238556548898771],[97.44528954457172,7.196687082194167],[97.75042796078327,6.777772515239496],[98.25638523296726,6.022078332609964],[99.07542549512767,5.306600544530639],[99.61972468759244,4.811572047105065],[100.21653689814937,4.194961643043823],[100.74513475410859,3.9217452267689272],[101.28885126910579,3.895059905709066],[101.20035373754362,4.516356096431659],[100.99021946696652,4.950403799552696],[100.66556711653786,5.347915218965969],[100.5712114489177,5.463175143920157],[100.46884935240698,5.878996692539179],[100.47468678017844,6.188640450731162],[100.48111707405053,6.365480493571875],[100.42245330405915,6.621554098931836],[100.2261143989891,7.018248110210634],[99.81877536762443,7.650052050127897],[99.60532091712207,8.020833687499115],[99.1226175338945,9.062359173286742],[98.41745650128605,10.048394120945847],[97.89563848585725,11.338343188085906],[97.7820255341448,11.572357432402375],[97.73649337963423,11.944905057263007],[97.39750255665099,12.349637398989083],[97.00252398321553,13.00487246184285],[96.86934609439633,14.290960356536605],[96.75388722052425,15.72346007718587],[96.62411044457714,16.950981403536655],[96.65295718350794,17.950802150137584],[96.72117456550411,18.39025261938751],[96.70671064185325,18.686755923177987],[96.42629769041683,19.587060520332418],[96.26423433871577,20.16692108954204],[96.11596961467345,20.870125186776427],[95.40933715274019,21.081999732232436],[94.38667407269321,21.018497376762824],[93.96976065403089,20.976133865957593],[93.65720619553484,20.912545765364033],[93.23276689052189,19.90970107296165],[92.69808328851703,19.176624021274897],[92.28460525755263,17.471702870692866],[92.02407137160007,16.049951224096134],[92.0124591353164,17.317174114731394],[92.19850499629139,18.677190027387464],[92.44431341298828,19.716264690061568],[92.75875705873489,20.038410762472942],[92.68831337580957,20.572545222829724],[92.64122035425169,21.99391507570613],[92.54921982311373,23.032184618337528],[92.08530159831966,23.562162941079997],[91.72912532614792,24.631450309331793],[91.25197517535422,25.51276090301078],[90.53517373542076,26.486730844246665],[89.84954969174272,27.07179933399334],[88.55083088982651,27.27931152351927],[87.64854384457023,26.905242426267606],[86.32941622592598,26.528717857859796],[85.08999820633608,25.980543671437832],[84.22070560810366,25.341768271784087],[83.41880010742207,24.69635369650492],[82.73361647828588,23.95696584939206],[82.11863568201966,23.187180980868607],[81.3946015789998,22.22966670176837],[80.8585843995864,21.440917104095817],[80.17876245669409,20.8953017626223],[79.55321824578454,20.48359479848142],[79.30849728126552,20.06978034445516],[79.11549437928588,19.781319573710054],[79.17329068257881,19.47713320302061],[79.23082967671313,19.006459642403026],[79.16790908505283,18.71627953090994],[79.28828653737038,18.525695866212708],[79.31591867328856,18.484079016630403],[79.45337744443955,18.276686188057678],[79.47649362965669,17.976761796083515],[79.4222468584952,17.617389808488973],[79.21197896729444,16.65989345052377],[79.17240662023487,16.478118742608167],[79.10317737402757,16.161809776601643],[79.08366079418263,15.875553635359768],[79.0771155153814,15.780959158285048],[79.08083575726579,15.753741364346567],[79.12999342924442,15.390886678942415],[79.30645429423839,14.326196904647416],[80.78432070220832,12.276541992286539],[81.88224983427949,9.835100070929306],[81.52764212393716,9.036981050747299],[80.9054974521464,8.400853650155172],[80.10247314168316,8.754502567773798],[79.78664013047543,9.998990961233684],[79.61269529704808,11.606028698959017],[78.9182581195041,12.345729309022838],[78.39902013249369,12.665791968560702],[78.2627750981685,12.656768537653374],[77.92924062685199,12.4831455923284],[77.81277826083232,12.232192561500149],[77.7931989078648,11.807992137163401],[77.7318384806957,11.651792201712574],[77.57738619005157,11.477826666981821],[77.52782473539511,11.443518191827],[77.41848203799142,11.36782829941444],[77.3506653954973,11.32088497742946],[77.3082277293463,11.286019102977656],[77.28003644778906,11.259888855409535],[77.18132273996268,11.164017826779176],[77.11666907754524,11.163819584347234],[77.03696732045039,11.198335862352549],[76.3506898427651,12.089470249911868],[76.2951818721018,12.331446092583255],[76.1516157064363,12.650541620141496],[76.05629044769688,13.045416640563554],[75.94483008513136,13.50225462576624],[75.83239654098793,13.822627263897648],[75.77602466274672,13.982537825875362],[75.56082796814688,14.588624278261255],[75.52697810973028,14.66683202957162],[75.15236461063104,15.525752829415808],[75.05264962874001,15.752356310056424],[74.98218361666034,15.877683419546239],[74.80782907614699,16.186842097918607],[74.54243707739246,16.654864294337035],[74.20743902570482,17.67775292859785],[73.98809634865391,18.174970682006446],[73.65894966291773,18.611839937294874],[73.19799092965502,19.349677301421426],[72.50401258116796,20.188320032693337],[71.50884029665639,22.049183032112975],[69.86944226758494,24.994753125061433],[68.89418240957953,26.730748002423265],[67.2560508901706,28.420461243730095],[67.10171097864861,29.021676644946307],[66.81794606587985,29.39227634577323],[66.9307782886426,29.414783240982153],[67.40490934376204,29.349315220193308],[66.67188428947696,30.216914286918648],[66.57715945632015,30.25329330140706],[66.11549046051124,30.595345433059773],[65.75694958928293,30.99396672293601],[65.71522042660861,31.095184968569065],[65.3629117731975,31.152155202824563],[65.14144532615236,31.281541142164027],[64.94489330748735,31.46833095503796],[64.738858158275,32.02648737136573],[64.6773548931782,32.09762411243475],[64.51629447034327,32.168420702281765],[64.2220051778413,32.210394292829456],[64.1699287426549,32.245809154693305],[64.13980281906136,32.38065074955869],[64.14776282939316,32.61433178735479],[64.02942711705676,32.839792671398264],[63.813523565584234,33.02913073794339],[63.68524999367368,33.03584381525786],[63.21249097544387,32.83076518189091],[62.68872032079892,32.787218136121744],[62.351133440216415,32.71587408896089],[61.94777744071314,32.67961577270812],[61.7608373216316,32.72149410797243],[61.62727048907645,32.83396542760643],[61.55128691928734,32.93230543433876],[61.397855514751825,32.903548755710325],[61.53040110528614,34.123972686321544],[61.56674429158431,34.47533676913506],[64.32263396714133,39.37875322639386],[64.93648429783023,39.778390799326786],[68.01692132622394,41.77042187497085],[74.73267660467756,38.43115352982632],[81.6686328721638,35.067123309115935],[88.4711517433637,33.99546153713205],[91.34145041676742,35.5341163261673],[96.94038178976425,37.1237292313743],[97.38291421570909,40.197642202050815],[101.15266124275745,41.09289143779398],[108.71184953639414,41.67462843452551],[111.76569335760782,41.615994110968515],[112.61282454642321,41.488526285822694],[113.25559506532893,40.89147990564886],[114.00364856047273,40.08558051804671],[115.07192777091932,38.809120028101454],[116.0710280836977,37.20764297124282],[116.36250633162061,35.49070359702836],[117.056323854349,33.10814983013266],[117.56019684657005,31.391796829057547],[117.19355049632352,31.396101237568384],[117.20272089338287,31.468313686861258],[117.17972962276228,31.288181542612712],[117.26042309716803,30.934053721512093],[117.29415269634431,30.67991026699718],[117.27970746626897,30.2638727824289],[117.18069631061334,29.896673412874563],[117.12270640002463,29.461115756369974],[117.16857936979258,29.275949111441168],[117.18265313633434,29.045598378231897],[117.10388689977484,28.970926034512626],[117.05128439099191,29.00059023316922],[116.95720361314577,29.171447747212415],[116.37701186784197,29.806293925901905],[114.41378895998503,30.913866793384912],[113.797292789424,30.380057566652663],[113.24165793047327,29.413295320810978],[112.67686500513497,29.33667349620117],[111.68531271621946,29.048312871671712],[110.80135153088295,28.56557452054407],[109.50444983029152,27.697592413569307],[109.05787756448991,27.197941178081976],[109.14625613064865,26.52481387264173],[108.23303109174753,24.4782109417436],[107.66888436182501,23.87269544205019],[106.80185400018729,24.166380708724574],[106.42245140201413,25.270450742069325],[105.9653728092713,25.289650055199772],[105.22160739587174,25.366388101305052],[105.09434251120676,24.865901948291956],[105.24648799741617,22.927580153079223],[105.56000530880074,22.596197238327868],[105.94047111591155,22.19170965134575],[106.07465915032417,22.079346023528206],[106.36288170597487,22.039844215311227],[106.53778027267299,21.822501600858168],[106.75799402946875,21.240044821173104],[106.94493456073282,20.9071530868807],[107.28278888671348,20.557347655885813],[107.47152766048112,20.173264482790167],[107.74214579985507,19.368015081660424],[108.20219831345598,17.71639036187068],[108.10442613875944,17.45671434795799],[108.03647328113526,17.163082749666966],[108.1187829512056,16.675698951010272],[108.10597935948768,16.431240163619137],[108.17726222795159,16.03442183436079],[108.17215374463036,15.975190672979082],[108.55953940443219,15.39255270676494],[107.20713877460288,13.621693772279729],[106.86588126208144,10.616433674084394],[106.47819091327783,9.499899526358591],[105.66141612555028,9.499899526358591],[105.14221514492583,9.77969063981386],[104.99259163873647,8.581349709340522],[106.13693414345614,6.480898963257995],[108.33684944451048,6.828770057456386],[110.91952058186602,7.29187799542195],[111.98712342037076,8.848120288075721],[114.27518707290031,9.192399812052582],[115.36420217375124,9.34521791536277],[116.67339273515995,11.320014028750194],[116.73315039906169,11.746419055335576],[116.61792031843211,11.766814945757833],[116.68778279066979,12.06149008392663],[116.81508973811721,12.347256869082935],[116.95187188574654,12.554969844388173]]]]}}]}